schema_name,table_name,table_type,domain,ordinal_position,column_name,data_type,nullable,description,design_origin,is_primary_key
bank_dwh,dim_date,dimension,conformed,1,date_key,BIGINT,False,Synthetic surrogate key for dim_date.,structural,True
bank_dwh,dim_date,dimension,conformed,2,calendar_date,DATE,False,Calendar attribute: calendar date.,calendar,False
bank_dwh,dim_date,dimension,conformed,3,day_of_week_number,BIGINT,False,Calendar attribute: day of week number.,calendar,False
bank_dwh,dim_date,dimension,conformed,4,day_of_week_name,VARCHAR(200),False,Calendar attribute: day of week name.,calendar,False
bank_dwh,dim_date,dimension,conformed,5,day_of_month_number,BIGINT,False,Calendar attribute: day of month number.,calendar,False
bank_dwh,dim_date,dimension,conformed,6,day_of_year_number,BIGINT,False,Calendar attribute: day of year number.,calendar,False
bank_dwh,dim_date,dimension,conformed,7,week_of_year_number,BIGINT,False,Calendar attribute: week of year number.,calendar,False
bank_dwh,dim_date,dimension,conformed,8,iso_week_number,BIGINT,False,Calendar attribute: iso week number.,calendar,False
bank_dwh,dim_date,dimension,conformed,9,month_number,BIGINT,False,Calendar attribute: month number.,calendar,False
bank_dwh,dim_date,dimension,conformed,10,month_name,VARCHAR(200),False,Calendar attribute: month name.,calendar,False
bank_dwh,dim_date,dimension,conformed,11,month_short_name,VARCHAR(200),False,Calendar attribute: month short name.,calendar,False
bank_dwh,dim_date,dimension,conformed,12,quarter_number,BIGINT,False,Calendar attribute: quarter number.,calendar,False
bank_dwh,dim_date,dimension,conformed,13,quarter_name,VARCHAR(200),False,Calendar attribute: quarter name.,calendar,False
bank_dwh,dim_date,dimension,conformed,14,calendar_year_number,BIGINT,False,Calendar attribute: calendar year number.,calendar,False
bank_dwh,dim_date,dimension,conformed,15,calendar_year_month_code,VARCHAR(50),False,Calendar attribute: calendar year month code.,calendar,False
bank_dwh,dim_date,dimension,conformed,16,fiscal_year_number,BIGINT,False,Calendar attribute: fiscal year number.,calendar,False
bank_dwh,dim_date,dimension,conformed,17,fiscal_quarter_number,BIGINT,False,Calendar attribute: fiscal quarter number.,calendar,False
bank_dwh,dim_date,dimension,conformed,18,fiscal_month_number,BIGINT,False,Calendar attribute: fiscal month number.,calendar,False
bank_dwh,dim_date,dimension,conformed,19,fiscal_week_number,BIGINT,False,Calendar attribute: fiscal week number.,calendar,False
bank_dwh,dim_date,dimension,conformed,20,is_weekend,BOOLEAN,False,Calendar attribute: is weekend.,calendar,False
bank_dwh,dim_date,dimension,conformed,21,is_business_day,BOOLEAN,False,Calendar attribute: is business day.,calendar,False
bank_dwh,dim_date,dimension,conformed,22,is_month_end,BOOLEAN,False,Calendar attribute: is month end.,calendar,False
bank_dwh,dim_date,dimension,conformed,23,is_quarter_end,BOOLEAN,False,Calendar attribute: is quarter end.,calendar,False
bank_dwh,dim_date,dimension,conformed,24,is_year_end,BOOLEAN,False,Calendar attribute: is year end.,calendar,False
bank_dwh,dim_date,dimension,conformed,25,is_public_holiday,BOOLEAN,False,Calendar attribute: is public holiday.,calendar,False
bank_dwh,dim_date,dimension,conformed,26,holiday_name,VARCHAR(200),False,Calendar attribute: holiday name.,calendar,False
bank_dwh,dim_date,dimension,conformed,27,prior_business_date_key,BIGINT,False,Calendar attribute: prior business date key.,calendar,False
bank_dwh,dim_date,dimension,conformed,28,next_business_date_key,BIGINT,False,Calendar attribute: next business date key.,calendar,False
bank_dwh,dim_date,dimension,conformed,29,prior_date_key,BIGINT,False,Calendar attribute: prior date key.,calendar,False
bank_dwh,dim_date,dimension,conformed,30,next_date_key,BIGINT,False,Calendar attribute: next date key.,calendar,False
bank_dwh,dim_date,dimension,conformed,31,month_start_date,DATE,False,Calendar attribute: month start date.,calendar,False
bank_dwh,dim_date,dimension,conformed,32,quarter_start_date,DATE,False,Calendar attribute: quarter start date.,calendar,False
bank_dwh,dim_time,dimension,conformed,1,time_key,BIGINT,False,Synthetic surrogate key for dim_time.,structural,True
bank_dwh,dim_time,dimension,conformed,2,time_24h,VARCHAR(120),False,Time attribute: time 24h.,calendar,False
bank_dwh,dim_time,dimension,conformed,3,hour_number,BIGINT,False,Time attribute: hour number.,calendar,False
bank_dwh,dim_time,dimension,conformed,4,minute_number,BIGINT,False,Time attribute: minute number.,calendar,False
bank_dwh,dim_time,dimension,conformed,5,second_number,BIGINT,False,Time attribute: second number.,calendar,False
bank_dwh,dim_time,dimension,conformed,6,minute_of_day_number,BIGINT,False,Time attribute: minute of day number.,calendar,False
bank_dwh,dim_time,dimension,conformed,7,second_of_day_number,BIGINT,False,Time attribute: second of day number.,calendar,False
bank_dwh,dim_time,dimension,conformed,8,hour_12_number,BIGINT,False,Time attribute: hour 12 number.,calendar,False
bank_dwh,dim_time,dimension,conformed,9,am_pm_code,VARCHAR(50),False,Time attribute: am pm code.,calendar,False
bank_dwh,dim_time,dimension,conformed,10,time_bucket_15m_code,VARCHAR(50),False,Time attribute: time bucket 15m code.,calendar,False
bank_dwh,dim_time,dimension,conformed,11,time_bucket_30m_code,VARCHAR(50),False,Time attribute: time bucket 30m code.,calendar,False
bank_dwh,dim_time,dimension,conformed,12,time_bucket_hour_code,VARCHAR(50),False,Time attribute: time bucket hour code.,calendar,False
bank_dwh,dim_time,dimension,conformed,13,business_period_code,VARCHAR(50),False,Time attribute: business period code.,calendar,False
bank_dwh,dim_time,dimension,conformed,14,is_business_hours,BOOLEAN,False,Time attribute: is business hours.,calendar,False
bank_dwh,dim_time,dimension,conformed,15,is_market_open,BOOLEAN,False,Time attribute: is market open.,calendar,False
bank_dwh,dim_time,dimension,conformed,16,is_cutoff_time,BOOLEAN,False,Time attribute: is cutoff time.,calendar,False
bank_dwh,dim_time,dimension,conformed,17,utc_offset_minutes,VARCHAR(120),False,Time attribute: utc offset minutes.,calendar,False
bank_dwh,dim_time,dimension,conformed,18,timezone_code,VARCHAR(50),False,Time attribute: timezone code.,calendar,False
bank_dwh,dim_time,dimension,conformed,19,local_time_label,VARCHAR(200),False,Time attribute: local time label.,calendar,False
bank_dwh,dim_time,dimension,conformed,20,time_sort_order,VARCHAR(120),False,Time attribute: time sort order.,calendar,False
bank_dwh,dim_time,dimension,conformed,21,market_session_code,VARCHAR(50),False,Time attribute: market session code.,calendar,False
bank_dwh,dim_time,dimension,conformed,22,shift_code,VARCHAR(50),False,Time attribute: shift code.,calendar,False
bank_dwh,dim_time,dimension,conformed,23,processing_window_code,VARCHAR(50),False,Time attribute: processing window code.,calendar,False
bank_dwh,dim_time,dimension,conformed,24,settlement_window_code,VARCHAR(50),False,Time attribute: settlement window code.,calendar,False
bank_dwh,dim_customer,dimension,conformed,1,customer_key,BIGINT,False,Synthetic surrogate key for dim_customer.,structural,True
bank_dwh,dim_customer,dimension,conformed,2,business_id,VARCHAR(100),False,Business id for this customer member.,structural,False
bank_dwh,dim_customer,dimension,conformed,3,business_code,VARCHAR(50),True,Business code for this customer member.,structural,False
bank_dwh,dim_customer,dimension,conformed,4,display_name,VARCHAR(200),True,Display name for this customer member.,structural,False
bank_dwh,dim_customer,dimension,conformed,5,description,VARCHAR(120),True,Description for this customer member.,structural,False
bank_dwh,dim_customer,dimension,conformed,6,effective_from_date,DATE,False,Effective from date for this customer member.,structural,False
bank_dwh,dim_customer,dimension,conformed,7,effective_to_date,DATE,True,Effective to date for this customer member.,structural,False
bank_dwh,dim_customer,dimension,conformed,8,is_current,BOOLEAN,False,Is current for this customer member.,structural,False
bank_dwh,dim_customer,dimension,conformed,9,is_active,BOOLEAN,True,Is active for this customer member.,structural,False
bank_dwh,dim_customer,dimension,conformed,10,source_system_code,VARCHAR(50),True,Source system code for this customer member.,structural,False
bank_dwh,dim_customer,dimension,conformed,11,source_record_id,VARCHAR(100),True,Source record id for this customer member.,structural,False
bank_dwh,dim_customer,dimension,conformed,12,ingested_at,TIMESTAMPTZ,True,Ingested at for this customer member.,structural,False
bank_dwh,dim_customer,dimension,conformed,13,updated_at,TIMESTAMPTZ,True,Updated at for this customer member.,structural,False
bank_dwh,dim_customer,dimension,conformed,14,record_hash,VARCHAR(100),True,Record hash for this customer member.,structural,False
bank_dwh,dim_customer,dimension,conformed,15,data_quality_status_code,VARCHAR(50),True,Data quality status code for this customer member.,structural,False
bank_dwh,dim_customer,dimension,conformed,16,data_owner_code,VARCHAR(50),True,Data owner code for this customer member.,structural,False
bank_dwh,dim_customer,dimension,conformed,17,version_number,BIGINT,True,Version number for this customer member.,structural,False
bank_dwh,dim_customer,dimension,conformed,18,legal_name,VARCHAR(200),True,Synthetic legal name attribute for customer.,synthetic_extension,False
bank_dwh,dim_customer,dimension,conformed,19,given_name,VARCHAR(200),True,Synthetic given name attribute for customer.,synthetic_extension,False
bank_dwh,dim_customer,dimension,conformed,20,family_name,VARCHAR(200),True,Synthetic family name attribute for customer.,synthetic_extension,False
bank_dwh,dim_customer,dimension,conformed,21,preferred_name,VARCHAR(200),True,Synthetic preferred name attribute for customer.,synthetic_extension,False
bank_dwh,dim_customer,dimension,conformed,22,birth_date,DATE,True,Synthetic birth date attribute for customer.,synthetic_extension,False
bank_dwh,dim_customer,dimension,conformed,23,incorporation_date,DATE,True,Synthetic incorporation date attribute for customer.,synthetic_extension,False
bank_dwh,dim_customer,dimension,conformed,24,national_id_hash,VARCHAR(100),True,Synthetic national id hash attribute for customer.,synthetic_extension,False
bank_dwh,dim_customer,dimension,conformed,25,tax_id_hash,VARCHAR(100),True,Synthetic tax id hash attribute for customer.,synthetic_extension,False
bank_dwh,dim_customer,dimension,conformed,26,customer_segment_code,VARCHAR(50),True,Synthetic customer segment code attribute for customer.,synthetic_extension,False
bank_dwh,dim_customer,dimension,conformed,27,customer_subsegment_code,VARCHAR(50),True,Synthetic customer subsegment code attribute for customer.,synthetic_extension,False
bank_dwh,dim_customer,dimension,conformed,28,relationship_manager_id,VARCHAR(100),True,Synthetic relationship manager id attribute for customer.,synthetic_extension,False
bank_dwh,dim_customer,dimension,conformed,29,residence_country_code,VARCHAR(50),True,Synthetic residence country code attribute for customer.,synthetic_extension,False
bank_dwh,dim_customer,dimension,conformed,30,tax_residency_country_code,VARCHAR(50),True,Synthetic tax residency country code attribute for customer.,synthetic_extension,False
bank_dwh,dim_customer,dimension,conformed,31,city_name,VARCHAR(200),True,Synthetic city name attribute for customer.,synthetic_extension,False
bank_dwh,dim_customer,dimension,conformed,32,postal_code,VARCHAR(50),True,Synthetic postal code attribute for customer.,synthetic_extension,False
bank_dwh,dim_customer,dimension,conformed,33,address_line_1,VARCHAR(120),True,Synthetic address line 1 attribute for customer.,synthetic_extension,False
bank_dwh,dim_customer,dimension,conformed,34,address_line_2,VARCHAR(120),True,Synthetic address line 2 attribute for customer.,synthetic_extension,False
bank_dwh,dim_customer,dimension,conformed,35,email_hash,VARCHAR(100),True,Synthetic email hash attribute for customer.,synthetic_extension,False
bank_dwh,dim_customer,dimension,conformed,36,phone_hash,VARCHAR(100),True,Synthetic phone hash attribute for customer.,synthetic_extension,False
bank_dwh,dim_customer,dimension,conformed,37,occupation_code,VARCHAR(50),True,Synthetic occupation code attribute for customer.,synthetic_extension,False
bank_dwh,dim_customer,dimension,conformed,38,industry_code,VARCHAR(50),True,Synthetic industry code attribute for customer.,synthetic_extension,False
bank_dwh,dim_customer,dimension,conformed,39,employer_name,VARCHAR(200),True,Synthetic employer name attribute for customer.,synthetic_extension,False
bank_dwh,dim_customer,dimension,conformed,40,kyc_status_code,VARCHAR(50),True,Synthetic kyc status code attribute for customer.,synthetic_extension,False
bank_dwh,dim_customer,dimension,conformed,41,kyc_review_date,DATE,True,Synthetic kyc review date attribute for customer.,synthetic_extension,False
bank_dwh,dim_customer,dimension,conformed,42,pep_status_code,VARCHAR(50),True,Synthetic pep status code attribute for customer.,synthetic_extension,False
bank_dwh,dim_customer,dimension,conformed,43,sanctions_status_code,VARCHAR(50),True,Synthetic sanctions status code attribute for customer.,synthetic_extension,False
bank_dwh,dim_customer,dimension,conformed,44,risk_band_code,VARCHAR(50),True,Synthetic risk band code attribute for customer.,synthetic_extension,False
bank_dwh,dim_customer,dimension,conformed,45,onboarding_date,DATE,True,Synthetic onboarding date attribute for customer.,synthetic_extension,False
bank_dwh,dim_customer,dimension,conformed,46,closure_date,DATE,True,Synthetic closure date attribute for customer.,synthetic_extension,False
bank_dwh,dim_customer,dimension,conformed,47,preferred_language_code,VARCHAR(50),True,Synthetic preferred language code attribute for customer.,synthetic_extension,False
bank_dwh,dim_customer,dimension,conformed,48,preferred_contact_channel_code,VARCHAR(50),True,Synthetic preferred contact channel code attribute for customer.,synthetic_extension,False
bank_dwh,dim_customer,dimension,conformed,49,marketing_consent_flag,BOOLEAN,True,Synthetic marketing consent flag attribute for customer.,synthetic_extension,False
bank_dwh,dim_customer,dimension,conformed,50,privacy_consent_flag,BOOLEAN,True,Synthetic privacy consent flag attribute for customer.,synthetic_extension,False
bank_dwh,dim_customer,dimension,conformed,51,household_size_count,BIGINT,True,Synthetic household size count attribute for customer.,synthetic_extension,False
bank_dwh,dim_customer,dimension,conformed,52,annual_income_amount,"NUMERIC(20,4)",True,Synthetic annual income amount attribute for customer.,synthetic_extension,False
bank_dwh,dim_customer,dimension,conformed,53,estimated_assets_amount,"NUMERIC(20,4)",True,Synthetic estimated assets amount attribute for customer.,synthetic_extension,False
bank_dwh,dim_customer,dimension,conformed,54,source_of_wealth_code,VARCHAR(50),True,Synthetic source of wealth code attribute for customer.,synthetic_extension,False
bank_dwh,dim_customer,dimension,conformed,55,customer_since_date,DATE,True,Synthetic customer since date attribute for customer.,synthetic_extension,False
bank_dwh,dim_customer,dimension,conformed,56,deceased_flag,BOOLEAN,True,Synthetic deceased flag attribute for customer.,synthetic_extension,False
bank_dwh,dim_customer,dimension,conformed,57,vulnerability_code,VARCHAR(50),True,Synthetic vulnerability code attribute for customer.,synthetic_extension,False
bank_dwh,dim_customer,dimension,conformed,58,customer_classification_code,VARCHAR(50),True,Synthetic customer classification code.,synthetic_extension,False
bank_dwh,dim_customer,dimension,conformed,59,customer_status_code,VARCHAR(50),True,Synthetic customer status code.,synthetic_extension,False
bank_dwh,dim_customer,dimension,conformed,60,customer_risk_band_code,VARCHAR(50),True,Synthetic customer risk band code.,synthetic_extension,False
bank_dwh,dim_customer,dimension,conformed,61,customer_family_code,VARCHAR(50),True,Synthetic customer family code.,synthetic_extension,False
bank_dwh,dim_customer,dimension,conformed,62,customer_owner_code,VARCHAR(50),True,Synthetic customer owner code.,synthetic_extension,False
bank_dwh,dim_household,dimension,conformed,1,household_key,BIGINT,False,Synthetic surrogate key for dim_household.,structural,True
bank_dwh,dim_household,dimension,conformed,2,business_id,VARCHAR(100),False,Business id for this household member.,structural,False
bank_dwh,dim_household,dimension,conformed,3,business_code,VARCHAR(50),True,Business code for this household member.,structural,False
bank_dwh,dim_household,dimension,conformed,4,display_name,VARCHAR(200),True,Display name for this household member.,structural,False
bank_dwh,dim_household,dimension,conformed,5,description,VARCHAR(120),True,Description for this household member.,structural,False
bank_dwh,dim_household,dimension,conformed,6,effective_from_date,DATE,False,Effective from date for this household member.,structural,False
bank_dwh,dim_household,dimension,conformed,7,effective_to_date,DATE,True,Effective to date for this household member.,structural,False
bank_dwh,dim_household,dimension,conformed,8,is_current,BOOLEAN,False,Is current for this household member.,structural,False
bank_dwh,dim_household,dimension,conformed,9,is_active,BOOLEAN,True,Is active for this household member.,structural,False
bank_dwh,dim_household,dimension,conformed,10,source_system_code,VARCHAR(50),True,Source system code for this household member.,structural,False
bank_dwh,dim_household,dimension,conformed,11,source_record_id,VARCHAR(100),True,Source record id for this household member.,structural,False
bank_dwh,dim_household,dimension,conformed,12,ingested_at,TIMESTAMPTZ,True,Ingested at for this household member.,structural,False
bank_dwh,dim_household,dimension,conformed,13,updated_at,TIMESTAMPTZ,True,Updated at for this household member.,structural,False
bank_dwh,dim_household,dimension,conformed,14,record_hash,VARCHAR(100),True,Record hash for this household member.,structural,False
bank_dwh,dim_household,dimension,conformed,15,data_quality_status_code,VARCHAR(50),True,Data quality status code for this household member.,structural,False
bank_dwh,dim_household,dimension,conformed,16,data_owner_code,VARCHAR(50),True,Data owner code for this household member.,structural,False
bank_dwh,dim_household,dimension,conformed,17,version_number,BIGINT,True,Version number for this household member.,structural,False
bank_dwh,dim_household,dimension,conformed,18,legal_name,VARCHAR(200),True,Synthetic legal name attribute for household.,synthetic_extension,False
bank_dwh,dim_household,dimension,conformed,19,given_name,VARCHAR(200),True,Synthetic given name attribute for household.,synthetic_extension,False
bank_dwh,dim_household,dimension,conformed,20,family_name,VARCHAR(200),True,Synthetic family name attribute for household.,synthetic_extension,False
bank_dwh,dim_household,dimension,conformed,21,preferred_name,VARCHAR(200),True,Synthetic preferred name attribute for household.,synthetic_extension,False
bank_dwh,dim_household,dimension,conformed,22,birth_date,DATE,True,Synthetic birth date attribute for household.,synthetic_extension,False
bank_dwh,dim_household,dimension,conformed,23,incorporation_date,DATE,True,Synthetic incorporation date attribute for household.,synthetic_extension,False
bank_dwh,dim_household,dimension,conformed,24,national_id_hash,VARCHAR(100),True,Synthetic national id hash attribute for household.,synthetic_extension,False
bank_dwh,dim_household,dimension,conformed,25,tax_id_hash,VARCHAR(100),True,Synthetic tax id hash attribute for household.,synthetic_extension,False
bank_dwh,dim_household,dimension,conformed,26,customer_segment_code,VARCHAR(50),True,Synthetic customer segment code attribute for household.,synthetic_extension,False
bank_dwh,dim_household,dimension,conformed,27,customer_subsegment_code,VARCHAR(50),True,Synthetic customer subsegment code attribute for household.,synthetic_extension,False
bank_dwh,dim_household,dimension,conformed,28,relationship_manager_id,VARCHAR(100),True,Synthetic relationship manager id attribute for household.,synthetic_extension,False
bank_dwh,dim_household,dimension,conformed,29,residence_country_code,VARCHAR(50),True,Synthetic residence country code attribute for household.,synthetic_extension,False
bank_dwh,dim_household,dimension,conformed,30,tax_residency_country_code,VARCHAR(50),True,Synthetic tax residency country code attribute for household.,synthetic_extension,False
bank_dwh,dim_household,dimension,conformed,31,city_name,VARCHAR(200),True,Synthetic city name attribute for household.,synthetic_extension,False
bank_dwh,dim_household,dimension,conformed,32,postal_code,VARCHAR(50),True,Synthetic postal code attribute for household.,synthetic_extension,False
bank_dwh,dim_household,dimension,conformed,33,address_line_1,VARCHAR(120),True,Synthetic address line 1 attribute for household.,synthetic_extension,False
bank_dwh,dim_household,dimension,conformed,34,address_line_2,VARCHAR(120),True,Synthetic address line 2 attribute for household.,synthetic_extension,False
bank_dwh,dim_household,dimension,conformed,35,email_hash,VARCHAR(100),True,Synthetic email hash attribute for household.,synthetic_extension,False
bank_dwh,dim_household,dimension,conformed,36,phone_hash,VARCHAR(100),True,Synthetic phone hash attribute for household.,synthetic_extension,False
bank_dwh,dim_household,dimension,conformed,37,occupation_code,VARCHAR(50),True,Synthetic occupation code attribute for household.,synthetic_extension,False
bank_dwh,dim_household,dimension,conformed,38,industry_code,VARCHAR(50),True,Synthetic industry code attribute for household.,synthetic_extension,False
bank_dwh,dim_household,dimension,conformed,39,employer_name,VARCHAR(200),True,Synthetic employer name attribute for household.,synthetic_extension,False
bank_dwh,dim_household,dimension,conformed,40,kyc_status_code,VARCHAR(50),True,Synthetic kyc status code attribute for household.,synthetic_extension,False
bank_dwh,dim_household,dimension,conformed,41,kyc_review_date,DATE,True,Synthetic kyc review date attribute for household.,synthetic_extension,False
bank_dwh,dim_household,dimension,conformed,42,pep_status_code,VARCHAR(50),True,Synthetic pep status code attribute for household.,synthetic_extension,False
bank_dwh,dim_household,dimension,conformed,43,sanctions_status_code,VARCHAR(50),True,Synthetic sanctions status code attribute for household.,synthetic_extension,False
bank_dwh,dim_household,dimension,conformed,44,risk_band_code,VARCHAR(50),True,Synthetic risk band code attribute for household.,synthetic_extension,False
bank_dwh,dim_household,dimension,conformed,45,onboarding_date,DATE,True,Synthetic onboarding date attribute for household.,synthetic_extension,False
bank_dwh,dim_party,dimension,conformed,1,party_key,BIGINT,False,Synthetic surrogate key for dim_party.,structural,True
bank_dwh,dim_party,dimension,conformed,2,business_id,VARCHAR(100),False,Business id for this party member.,structural,False
bank_dwh,dim_party,dimension,conformed,3,business_code,VARCHAR(50),True,Business code for this party member.,structural,False
bank_dwh,dim_party,dimension,conformed,4,display_name,VARCHAR(200),True,Display name for this party member.,structural,False
bank_dwh,dim_party,dimension,conformed,5,description,VARCHAR(120),True,Description for this party member.,structural,False
bank_dwh,dim_party,dimension,conformed,6,effective_from_date,DATE,False,Effective from date for this party member.,structural,False
bank_dwh,dim_party,dimension,conformed,7,effective_to_date,DATE,True,Effective to date for this party member.,structural,False
bank_dwh,dim_party,dimension,conformed,8,is_current,BOOLEAN,False,Is current for this party member.,structural,False
bank_dwh,dim_party,dimension,conformed,9,is_active,BOOLEAN,True,Is active for this party member.,structural,False
bank_dwh,dim_party,dimension,conformed,10,source_system_code,VARCHAR(50),True,Source system code for this party member.,structural,False
bank_dwh,dim_party,dimension,conformed,11,source_record_id,VARCHAR(100),True,Source record id for this party member.,structural,False
bank_dwh,dim_party,dimension,conformed,12,ingested_at,TIMESTAMPTZ,True,Ingested at for this party member.,structural,False
bank_dwh,dim_party,dimension,conformed,13,updated_at,TIMESTAMPTZ,True,Updated at for this party member.,structural,False
bank_dwh,dim_party,dimension,conformed,14,record_hash,VARCHAR(100),True,Record hash for this party member.,structural,False
bank_dwh,dim_party,dimension,conformed,15,data_quality_status_code,VARCHAR(50),True,Data quality status code for this party member.,structural,False
bank_dwh,dim_party,dimension,conformed,16,data_owner_code,VARCHAR(50),True,Data owner code for this party member.,structural,False
bank_dwh,dim_party,dimension,conformed,17,version_number,BIGINT,True,Version number for this party member.,structural,False
bank_dwh,dim_party,dimension,conformed,18,legal_name,VARCHAR(200),True,Synthetic legal name attribute for party.,synthetic_extension,False
bank_dwh,dim_party,dimension,conformed,19,given_name,VARCHAR(200),True,Synthetic given name attribute for party.,synthetic_extension,False
bank_dwh,dim_party,dimension,conformed,20,family_name,VARCHAR(200),True,Synthetic family name attribute for party.,synthetic_extension,False
bank_dwh,dim_party,dimension,conformed,21,preferred_name,VARCHAR(200),True,Synthetic preferred name attribute for party.,synthetic_extension,False
bank_dwh,dim_party,dimension,conformed,22,birth_date,DATE,True,Synthetic birth date attribute for party.,synthetic_extension,False
bank_dwh,dim_party,dimension,conformed,23,incorporation_date,DATE,True,Synthetic incorporation date attribute for party.,synthetic_extension,False
bank_dwh,dim_party,dimension,conformed,24,national_id_hash,VARCHAR(100),True,Synthetic national id hash attribute for party.,synthetic_extension,False
bank_dwh,dim_party,dimension,conformed,25,tax_id_hash,VARCHAR(100),True,Synthetic tax id hash attribute for party.,synthetic_extension,False
bank_dwh,dim_party,dimension,conformed,26,customer_segment_code,VARCHAR(50),True,Synthetic customer segment code attribute for party.,synthetic_extension,False
bank_dwh,dim_party,dimension,conformed,27,customer_subsegment_code,VARCHAR(50),True,Synthetic customer subsegment code attribute for party.,synthetic_extension,False
bank_dwh,dim_party,dimension,conformed,28,relationship_manager_id,VARCHAR(100),True,Synthetic relationship manager id attribute for party.,synthetic_extension,False
bank_dwh,dim_party,dimension,conformed,29,residence_country_code,VARCHAR(50),True,Synthetic residence country code attribute for party.,synthetic_extension,False
bank_dwh,dim_party,dimension,conformed,30,tax_residency_country_code,VARCHAR(50),True,Synthetic tax residency country code attribute for party.,synthetic_extension,False
bank_dwh,dim_party,dimension,conformed,31,city_name,VARCHAR(200),True,Synthetic city name attribute for party.,synthetic_extension,False
bank_dwh,dim_party,dimension,conformed,32,postal_code,VARCHAR(50),True,Synthetic postal code attribute for party.,synthetic_extension,False
bank_dwh,dim_party,dimension,conformed,33,address_line_1,VARCHAR(120),True,Synthetic address line 1 attribute for party.,synthetic_extension,False
bank_dwh,dim_party,dimension,conformed,34,address_line_2,VARCHAR(120),True,Synthetic address line 2 attribute for party.,synthetic_extension,False
bank_dwh,dim_party,dimension,conformed,35,email_hash,VARCHAR(100),True,Synthetic email hash attribute for party.,synthetic_extension,False
bank_dwh,dim_party,dimension,conformed,36,phone_hash,VARCHAR(100),True,Synthetic phone hash attribute for party.,synthetic_extension,False
bank_dwh,dim_party,dimension,conformed,37,occupation_code,VARCHAR(50),True,Synthetic occupation code attribute for party.,synthetic_extension,False
bank_dwh,dim_party,dimension,conformed,38,industry_code,VARCHAR(50),True,Synthetic industry code attribute for party.,synthetic_extension,False
bank_dwh,dim_party,dimension,conformed,39,employer_name,VARCHAR(200),True,Synthetic employer name attribute for party.,synthetic_extension,False
bank_dwh,dim_party,dimension,conformed,40,kyc_status_code,VARCHAR(50),True,Synthetic kyc status code attribute for party.,synthetic_extension,False
bank_dwh,dim_party,dimension,conformed,41,kyc_review_date,DATE,True,Synthetic kyc review date attribute for party.,synthetic_extension,False
bank_dwh,dim_party,dimension,conformed,42,pep_status_code,VARCHAR(50),True,Synthetic pep status code attribute for party.,synthetic_extension,False
bank_dwh,dim_party,dimension,conformed,43,sanctions_status_code,VARCHAR(50),True,Synthetic sanctions status code attribute for party.,synthetic_extension,False
bank_dwh,dim_party,dimension,conformed,44,risk_band_code,VARCHAR(50),True,Synthetic risk band code attribute for party.,synthetic_extension,False
bank_dwh,dim_party,dimension,conformed,45,onboarding_date,DATE,True,Synthetic onboarding date attribute for party.,synthetic_extension,False
bank_dwh,dim_party,dimension,conformed,46,closure_date,DATE,True,Synthetic closure date attribute for party.,synthetic_extension,False
bank_dwh,dim_party,dimension,conformed,47,preferred_language_code,VARCHAR(50),True,Synthetic preferred language code attribute for party.,synthetic_extension,False
bank_dwh,dim_party,dimension,conformed,48,preferred_contact_channel_code,VARCHAR(50),True,Synthetic preferred contact channel code attribute for party.,synthetic_extension,False
bank_dwh,dim_party,dimension,conformed,49,marketing_consent_flag,BOOLEAN,True,Synthetic marketing consent flag attribute for party.,synthetic_extension,False
bank_dwh,dim_party,dimension,conformed,50,privacy_consent_flag,BOOLEAN,True,Synthetic privacy consent flag attribute for party.,synthetic_extension,False
bank_dwh,dim_party,dimension,conformed,51,household_size_count,BIGINT,True,Synthetic household size count attribute for party.,synthetic_extension,False
bank_dwh,dim_party,dimension,conformed,52,annual_income_amount,"NUMERIC(20,4)",True,Synthetic annual income amount attribute for party.,synthetic_extension,False
bank_dwh,dim_party,dimension,conformed,53,estimated_assets_amount,"NUMERIC(20,4)",True,Synthetic estimated assets amount attribute for party.,synthetic_extension,False
bank_dwh,dim_party,dimension,conformed,54,source_of_wealth_code,VARCHAR(50),True,Synthetic source of wealth code attribute for party.,synthetic_extension,False
bank_dwh,dim_party,dimension,conformed,55,customer_since_date,DATE,True,Synthetic customer since date attribute for party.,synthetic_extension,False
bank_dwh,dim_party,dimension,conformed,56,deceased_flag,BOOLEAN,True,Synthetic deceased flag attribute for party.,synthetic_extension,False
bank_dwh,dim_party,dimension,conformed,57,vulnerability_code,VARCHAR(50),True,Synthetic vulnerability code attribute for party.,synthetic_extension,False
bank_dwh,dim_party,dimension,conformed,58,party_classification_code,VARCHAR(50),True,Synthetic party classification code.,synthetic_extension,False
bank_dwh,dim_party,dimension,conformed,59,party_status_code,VARCHAR(50),True,Synthetic party status code.,synthetic_extension,False
bank_dwh,dim_party,dimension,conformed,60,party_risk_band_code,VARCHAR(50),True,Synthetic party risk band code.,synthetic_extension,False
bank_dwh,dim_party,dimension,conformed,61,party_segment_code,VARCHAR(50),True,Synthetic party segment code.,synthetic_extension,False
bank_dwh,dim_party,dimension,conformed,62,party_family_code,VARCHAR(50),True,Synthetic party family code.,synthetic_extension,False
bank_dwh,dim_account,dimension,conformed,1,account_key,BIGINT,False,Synthetic surrogate key for dim_account.,structural,True
bank_dwh,dim_account,dimension,conformed,2,business_id,VARCHAR(100),False,Business id for this account member.,structural,False
bank_dwh,dim_account,dimension,conformed,3,business_code,VARCHAR(50),True,Business code for this account member.,structural,False
bank_dwh,dim_account,dimension,conformed,4,display_name,VARCHAR(200),True,Display name for this account member.,structural,False
bank_dwh,dim_account,dimension,conformed,5,description,VARCHAR(120),True,Description for this account member.,structural,False
bank_dwh,dim_account,dimension,conformed,6,effective_from_date,DATE,False,Effective from date for this account member.,structural,False
bank_dwh,dim_account,dimension,conformed,7,effective_to_date,DATE,True,Effective to date for this account member.,structural,False
bank_dwh,dim_account,dimension,conformed,8,is_current,BOOLEAN,False,Is current for this account member.,structural,False
bank_dwh,dim_account,dimension,conformed,9,is_active,BOOLEAN,True,Is active for this account member.,structural,False
bank_dwh,dim_account,dimension,conformed,10,source_system_code,VARCHAR(50),True,Source system code for this account member.,structural,False
bank_dwh,dim_account,dimension,conformed,11,source_record_id,VARCHAR(100),True,Source record id for this account member.,structural,False
bank_dwh,dim_account,dimension,conformed,12,ingested_at,TIMESTAMPTZ,True,Ingested at for this account member.,structural,False
bank_dwh,dim_account,dimension,conformed,13,updated_at,TIMESTAMPTZ,True,Updated at for this account member.,structural,False
bank_dwh,dim_account,dimension,conformed,14,record_hash,VARCHAR(100),True,Record hash for this account member.,structural,False
bank_dwh,dim_account,dimension,conformed,15,data_quality_status_code,VARCHAR(50),True,Data quality status code for this account member.,structural,False
bank_dwh,dim_account,dimension,conformed,16,data_owner_code,VARCHAR(50),True,Data owner code for this account member.,structural,False
bank_dwh,dim_account,dimension,conformed,17,version_number,BIGINT,True,Version number for this account member.,structural,False
bank_dwh,dim_account,dimension,conformed,18,account_number_hash,VARCHAR(100),True,Synthetic account number hash attribute for account.,synthetic_extension,False
bank_dwh,dim_account,dimension,conformed,19,account_type_code,VARCHAR(50),True,Synthetic account type code attribute for account.,synthetic_extension,False
bank_dwh,dim_account,dimension,conformed,20,account_subtype_code,VARCHAR(50),True,Synthetic account subtype code attribute for account.,synthetic_extension,False
bank_dwh,dim_account,dimension,conformed,21,account_status_code,VARCHAR(50),True,Synthetic account status code attribute for account.,synthetic_extension,False
bank_dwh,dim_account,dimension,conformed,22,status_reason_code,VARCHAR(50),True,Synthetic status reason code attribute for account.,synthetic_extension,False
bank_dwh,dim_account,dimension,conformed,23,opened_date,DATE,True,Synthetic opened date attribute for account.,synthetic_extension,False
bank_dwh,dim_account,dimension,conformed,24,closed_date,DATE,True,Synthetic closed date attribute for account.,synthetic_extension,False
bank_dwh,dim_account,dimension,conformed,25,dormant_since_date,DATE,True,Synthetic dormant since date attribute for account.,synthetic_extension,False
bank_dwh,dim_account,dimension,conformed,26,ownership_type_code,VARCHAR(50),True,Synthetic ownership type code attribute for account.,synthetic_extension,False
bank_dwh,dim_account,dimension,conformed,27,signatory_count,BIGINT,True,Synthetic signatory count attribute for account.,synthetic_extension,False
bank_dwh,dim_account,dimension,conformed,28,primary_holder_id,VARCHAR(100),True,Synthetic primary holder id attribute for account.,synthetic_extension,False
bank_dwh,dim_account,dimension,conformed,29,servicing_branch_code,VARCHAR(50),True,Synthetic servicing branch code attribute for account.,synthetic_extension,False
bank_dwh,dim_account,dimension,conformed,30,product_code,VARCHAR(50),True,Synthetic product code attribute for account.,synthetic_extension,False
bank_dwh,dim_account,dimension,conformed,31,currency_code,VARCHAR(50),True,Synthetic currency code attribute for account.,synthetic_extension,False
bank_dwh,dim_account,dimension,conformed,32,overdraft_limit_amount,"NUMERIC(20,4)",True,Synthetic overdraft limit amount attribute for account.,synthetic_extension,False
bank_dwh,dim_account,dimension,conformed,33,minimum_balance_amount,"NUMERIC(20,4)",True,Synthetic minimum balance amount attribute for account.,synthetic_extension,False
bank_dwh,dim_account,dimension,conformed,34,available_limit_amount,"NUMERIC(20,4)",True,Synthetic available limit amount attribute for account.,synthetic_extension,False
bank_dwh,dim_account,dimension,conformed,35,statement_frequency_code,VARCHAR(50),True,Synthetic statement frequency code attribute for account.,synthetic_extension,False
bank_dwh,dim_account,dimension,conformed,36,interest_plan_code,VARCHAR(50),True,Synthetic interest plan code attribute for account.,synthetic_extension,False
bank_dwh,dim_account,dimension,conformed,37,fee_plan_code,VARCHAR(50),True,Synthetic fee plan code attribute for account.,synthetic_extension,False
bank_dwh,dim_account,dimension,conformed,38,tax_treatment_code,VARCHAR(50),True,Synthetic tax treatment code attribute for account.,synthetic_extension,False
bank_dwh,dim_account,dimension,conformed,39,statement_delivery_code,VARCHAR(50),True,Synthetic statement delivery code attribute for account.,synthetic_extension,False
bank_dwh,dim_account,dimension,conformed,40,account_purpose_code,VARCHAR(50),True,Synthetic account purpose code attribute for account.,synthetic_extension,False
bank_dwh,dim_account,dimension,conformed,41,freeze_status_code,VARCHAR(50),True,Synthetic freeze status code attribute for account.,synthetic_extension,False
bank_dwh,dim_account,dimension,conformed,42,lien_status_code,VARCHAR(50),True,Synthetic lien status code attribute for account.,synthetic_extension,False
bank_dwh,dim_account,dimension,conformed,43,payment_restriction_code,VARCHAR(50),True,Synthetic payment restriction code attribute for account.,synthetic_extension,False
bank_dwh,dim_account,dimension,conformed,44,is_joint_account,BOOLEAN,True,Synthetic is joint account attribute for account.,synthetic_extension,False
bank_dwh,dim_account,dimension,conformed,45,is_dormant,BOOLEAN,True,Synthetic is dormant attribute for account.,synthetic_extension,False
bank_dwh,dim_account,dimension,conformed,46,is_blocked,BOOLEAN,True,Synthetic is blocked attribute for account.,synthetic_extension,False
bank_dwh,dim_account,dimension,conformed,47,is_interest_bearing,BOOLEAN,True,Synthetic is interest bearing attribute for account.,synthetic_extension,False
bank_dwh,dim_account,dimension,conformed,48,is_overdraft_enabled,BOOLEAN,True,Synthetic is overdraft enabled attribute for account.,synthetic_extension,False
bank_dwh,dim_account,dimension,conformed,49,parent_account_id,VARCHAR(100),True,Synthetic parent account id attribute for account.,synthetic_extension,False
bank_dwh,dim_account,dimension,conformed,50,relationship_type_code,VARCHAR(50),True,Synthetic relationship type code attribute for account.,synthetic_extension,False
bank_dwh,dim_account,dimension,conformed,51,relationship_start_date,DATE,True,Synthetic relationship start date attribute for account.,synthetic_extension,False
bank_dwh,dim_account,dimension,conformed,52,relationship_end_date,DATE,True,Synthetic relationship end date attribute for account.,synthetic_extension,False
bank_dwh,dim_account,dimension,conformed,53,mandate_type_code,VARCHAR(50),True,Synthetic mandate type code attribute for account.,synthetic_extension,False
bank_dwh,dim_account,dimension,conformed,54,approval_date,DATE,True,Synthetic approval date attribute for account.,synthetic_extension,False
bank_dwh,dim_account,dimension,conformed,55,review_date,DATE,True,Synthetic review date attribute for account.,synthetic_extension,False
bank_dwh,dim_account,dimension,conformed,56,account_classification_code,VARCHAR(50),True,Synthetic account classification code.,synthetic_extension,False
bank_dwh,dim_account,dimension,conformed,57,account_risk_band_code,VARCHAR(50),True,Synthetic account risk band code.,synthetic_extension,False
bank_dwh,dim_account,dimension,conformed,58,account_segment_code,VARCHAR(50),True,Synthetic account segment code.,synthetic_extension,False
bank_dwh,dim_account,dimension,conformed,59,account_family_code,VARCHAR(50),True,Synthetic account family code.,synthetic_extension,False
bank_dwh,dim_account,dimension,conformed,60,account_owner_code,VARCHAR(50),True,Synthetic account owner code.,synthetic_extension,False
bank_dwh,dim_account,dimension,conformed,61,account_source_reference_id,VARCHAR(100),True,Synthetic account source reference id.,synthetic_extension,False
bank_dwh,dim_account,dimension,conformed,62,account_review_date,DATE,True,Synthetic account review date.,synthetic_extension,False
bank_dwh,dim_product,dimension,conformed,1,product_key,BIGINT,False,Synthetic surrogate key for dim_product.,structural,True
bank_dwh,dim_product,dimension,conformed,2,business_id,VARCHAR(100),False,Business id for this product member.,structural,False
bank_dwh,dim_product,dimension,conformed,3,business_code,VARCHAR(50),True,Business code for this product member.,structural,False
bank_dwh,dim_product,dimension,conformed,4,display_name,VARCHAR(200),True,Display name for this product member.,structural,False
bank_dwh,dim_product,dimension,conformed,5,description,VARCHAR(120),True,Description for this product member.,structural,False
bank_dwh,dim_product,dimension,conformed,6,effective_from_date,DATE,False,Effective from date for this product member.,structural,False
bank_dwh,dim_product,dimension,conformed,7,effective_to_date,DATE,True,Effective to date for this product member.,structural,False
bank_dwh,dim_product,dimension,conformed,8,is_current,BOOLEAN,False,Is current for this product member.,structural,False
bank_dwh,dim_product,dimension,conformed,9,is_active,BOOLEAN,True,Is active for this product member.,structural,False
bank_dwh,dim_product,dimension,conformed,10,source_system_code,VARCHAR(50),True,Source system code for this product member.,structural,False
bank_dwh,dim_product,dimension,conformed,11,source_record_id,VARCHAR(100),True,Source record id for this product member.,structural,False
bank_dwh,dim_product,dimension,conformed,12,ingested_at,TIMESTAMPTZ,True,Ingested at for this product member.,structural,False
bank_dwh,dim_product,dimension,conformed,13,updated_at,TIMESTAMPTZ,True,Updated at for this product member.,structural,False
bank_dwh,dim_product,dimension,conformed,14,record_hash,VARCHAR(100),True,Record hash for this product member.,structural,False
bank_dwh,dim_product,dimension,conformed,15,data_quality_status_code,VARCHAR(50),True,Data quality status code for this product member.,structural,False
bank_dwh,dim_product,dimension,conformed,16,data_owner_code,VARCHAR(50),True,Data owner code for this product member.,structural,False
bank_dwh,dim_product,dimension,conformed,17,version_number,BIGINT,True,Version number for this product member.,structural,False
bank_dwh,dim_product,dimension,conformed,18,product_family_code,VARCHAR(50),True,Synthetic product family code attribute for product.,synthetic_extension,False
bank_dwh,dim_product,dimension,conformed,19,product_category_code,VARCHAR(50),True,Synthetic product category code attribute for product.,synthetic_extension,False
bank_dwh,dim_product,dimension,conformed,20,product_subcategory_code,VARCHAR(50),True,Synthetic product subcategory code attribute for product.,synthetic_extension,False
bank_dwh,dim_product,dimension,conformed,21,product_type_code,VARCHAR(50),True,Synthetic product type code attribute for product.,synthetic_extension,False
bank_dwh,dim_product,dimension,conformed,22,offering_status_code,VARCHAR(50),True,Synthetic offering status code attribute for product.,synthetic_extension,False
bank_dwh,dim_product,dimension,conformed,23,launch_date,DATE,True,Synthetic launch date attribute for product.,synthetic_extension,False
bank_dwh,dim_product,dimension,conformed,24,retirement_date,DATE,True,Synthetic retirement date attribute for product.,synthetic_extension,False
bank_dwh,dim_product,dimension,conformed,25,eligibility_code,VARCHAR(50),True,Synthetic eligibility code attribute for product.,synthetic_extension,False
bank_dwh,dim_product,dimension,conformed,26,customer_segment_code,VARCHAR(50),True,Synthetic customer segment code attribute for product.,synthetic_extension,False
bank_dwh,dim_product,dimension,conformed,27,minimum_amount,"NUMERIC(20,4)",True,Synthetic minimum amount attribute for product.,synthetic_extension,False
bank_dwh,dim_product,dimension,conformed,28,maximum_amount,"NUMERIC(20,4)",True,Synthetic maximum amount attribute for product.,synthetic_extension,False
bank_dwh,dim_product,dimension,conformed,29,minimum_term_months_count,BIGINT,True,Synthetic minimum term months count attribute for product.,synthetic_extension,False
bank_dwh,dim_product,dimension,conformed,30,maximum_term_months_count,BIGINT,True,Synthetic maximum term months count attribute for product.,synthetic_extension,False
bank_dwh,dim_product,dimension,conformed,31,standard_term_months_count,BIGINT,True,Synthetic standard term months count attribute for product.,synthetic_extension,False
bank_dwh,dim_product,dimension,conformed,32,base_currency_code,VARCHAR(50),True,Synthetic base currency code attribute for product.,synthetic_extension,False
bank_dwh,dim_product,dimension,conformed,33,rate_type_code,VARCHAR(50),True,Synthetic rate type code attribute for product.,synthetic_extension,False
bank_dwh,dim_product,dimension,conformed,34,standard_rate,"NUMERIC(14,8)",True,Synthetic standard rate attribute for product.,synthetic_extension,False
bank_dwh,dim_product,dimension,conformed,35,benchmark_code,VARCHAR(50),True,Synthetic benchmark code attribute for product.,synthetic_extension,False
bank_dwh,dim_product,dimension,conformed,36,spread_rate,"NUMERIC(14,8)",True,Synthetic spread rate attribute for product.,synthetic_extension,False
bank_dwh,dim_product,dimension,conformed,37,repricing_frequency_code,VARCHAR(50),True,Synthetic repricing frequency code attribute for product.,synthetic_extension,False
bank_dwh,dim_product,dimension,conformed,38,compounding_method_code,VARCHAR(50),True,Synthetic compounding method code attribute for product.,synthetic_extension,False
bank_dwh,dim_product,dimension,conformed,39,payment_frequency_code,VARCHAR(50),True,Synthetic payment frequency code attribute for product.,synthetic_extension,False
bank_dwh,dim_product,dimension,conformed,40,settlement_cycle_code,VARCHAR(50),True,Synthetic settlement cycle code attribute for product.,synthetic_extension,False
bank_dwh,dim_product,dimension,conformed,41,fee_schedule_code,VARCHAR(50),True,Synthetic fee schedule code attribute for product.,synthetic_extension,False
bank_dwh,dim_product,dimension,conformed,42,penalty_policy_code,VARCHAR(50),True,Synthetic penalty policy code attribute for product.,synthetic_extension,False
bank_dwh,dim_product,dimension,conformed,43,renewal_option_code,VARCHAR(50),True,Synthetic renewal option code attribute for product.,synthetic_extension,False
bank_dwh,dim_product,dimension,conformed,44,early_termination_code,VARCHAR(50),True,Synthetic early termination code attribute for product.,synthetic_extension,False
bank_dwh,dim_product,dimension,conformed,45,tax_treatment_code,VARCHAR(50),True,Synthetic tax treatment code attribute for product.,synthetic_extension,False
bank_dwh,dim_product,dimension,conformed,46,regulatory_product_code,VARCHAR(50),True,Synthetic regulatory product code attribute for product.,synthetic_extension,False
bank_dwh,dim_product,dimension,conformed,47,accounting_product_code,VARCHAR(50),True,Synthetic accounting product code attribute for product.,synthetic_extension,False
bank_dwh,dim_product,dimension,conformed,48,collateral_requirement_code,VARCHAR(50),True,Synthetic collateral requirement code attribute for product.,synthetic_extension,False
bank_dwh,dim_product,dimension,conformed,49,risk_weight_code,VARCHAR(50),True,Synthetic risk weight code attribute for product.,synthetic_extension,False
bank_dwh,dim_product,dimension,conformed,50,approval_date,DATE,True,Synthetic approval date attribute for product.,synthetic_extension,False
bank_dwh,dim_product,dimension,conformed,51,effective_date,DATE,True,Synthetic effective date attribute for product.,synthetic_extension,False
bank_dwh,dim_product,dimension,conformed,52,expiry_date,DATE,True,Synthetic expiry date attribute for product.,synthetic_extension,False
bank_dwh,dim_product,dimension,conformed,53,is_secured,BOOLEAN,True,Synthetic is secured attribute for product.,synthetic_extension,False
bank_dwh,dim_product,dimension,conformed,54,is_revolving,BOOLEAN,True,Synthetic is revolving attribute for product.,synthetic_extension,False
bank_dwh,dim_product,dimension,conformed,55,is_renewable,BOOLEAN,True,Synthetic is renewable attribute for product.,synthetic_extension,False
bank_dwh,dim_product,dimension,conformed,56,is_promotional,BOOLEAN,True,Synthetic is promotional attribute for product.,synthetic_extension,False
bank_dwh,dim_product,dimension,conformed,57,source_priority_code,VARCHAR(50),True,Synthetic source priority code attribute for product.,synthetic_extension,False
bank_dwh,dim_product,dimension,conformed,58,product_classification_code,VARCHAR(50),True,Synthetic product classification code.,synthetic_extension,False
bank_dwh,dim_product,dimension,conformed,59,product_status_code,VARCHAR(50),True,Synthetic product status code.,synthetic_extension,False
bank_dwh,dim_product,dimension,conformed,60,product_risk_band_code,VARCHAR(50),True,Synthetic product risk band code.,synthetic_extension,False
bank_dwh,dim_product,dimension,conformed,61,product_segment_code,VARCHAR(50),True,Synthetic product segment code.,synthetic_extension,False
bank_dwh,dim_product,dimension,conformed,62,product_owner_code,VARCHAR(50),True,Synthetic product owner code.,synthetic_extension,False
bank_dwh,dim_branch,dimension,conformed,1,branch_key,BIGINT,False,Synthetic surrogate key for dim_branch.,structural,True
bank_dwh,dim_branch,dimension,conformed,2,business_id,VARCHAR(100),False,Business id for this branch member.,structural,False
bank_dwh,dim_branch,dimension,conformed,3,business_code,VARCHAR(50),True,Business code for this branch member.,structural,False
bank_dwh,dim_branch,dimension,conformed,4,display_name,VARCHAR(200),True,Display name for this branch member.,structural,False
bank_dwh,dim_branch,dimension,conformed,5,description,VARCHAR(120),True,Description for this branch member.,structural,False
bank_dwh,dim_branch,dimension,conformed,6,effective_from_date,DATE,False,Effective from date for this branch member.,structural,False
bank_dwh,dim_branch,dimension,conformed,7,effective_to_date,DATE,True,Effective to date for this branch member.,structural,False
bank_dwh,dim_branch,dimension,conformed,8,is_current,BOOLEAN,False,Is current for this branch member.,structural,False
bank_dwh,dim_branch,dimension,conformed,9,is_active,BOOLEAN,True,Is active for this branch member.,structural,False
bank_dwh,dim_branch,dimension,conformed,10,source_system_code,VARCHAR(50),True,Source system code for this branch member.,structural,False
bank_dwh,dim_branch,dimension,conformed,11,source_record_id,VARCHAR(100),True,Source record id for this branch member.,structural,False
bank_dwh,dim_branch,dimension,conformed,12,ingested_at,TIMESTAMPTZ,True,Ingested at for this branch member.,structural,False
bank_dwh,dim_branch,dimension,conformed,13,updated_at,TIMESTAMPTZ,True,Updated at for this branch member.,structural,False
bank_dwh,dim_branch,dimension,conformed,14,record_hash,VARCHAR(100),True,Record hash for this branch member.,structural,False
bank_dwh,dim_branch,dimension,conformed,15,data_quality_status_code,VARCHAR(50),True,Data quality status code for this branch member.,structural,False
bank_dwh,dim_branch,dimension,conformed,16,data_owner_code,VARCHAR(50),True,Data owner code for this branch member.,structural,False
bank_dwh,dim_branch,dimension,conformed,17,version_number,BIGINT,True,Version number for this branch member.,structural,False
bank_dwh,dim_branch,dimension,conformed,18,country_code,VARCHAR(50),True,Synthetic country code attribute for branch.,synthetic_extension,False
bank_dwh,dim_branch,dimension,conformed,19,region_code,VARCHAR(50),True,Synthetic region code attribute for branch.,synthetic_extension,False
bank_dwh,dim_branch,dimension,conformed,20,city_name,VARCHAR(200),True,Synthetic city name attribute for branch.,synthetic_extension,False
bank_dwh,dim_branch,dimension,conformed,21,postal_code,VARCHAR(50),True,Synthetic postal code attribute for branch.,synthetic_extension,False
bank_dwh,dim_branch,dimension,conformed,22,address_line_1,VARCHAR(120),True,Synthetic address line 1 attribute for branch.,synthetic_extension,False
bank_dwh,dim_branch,dimension,conformed,23,address_line_2,VARCHAR(120),True,Synthetic address line 2 attribute for branch.,synthetic_extension,False
bank_dwh,dim_branch,dimension,conformed,24,timezone_code,VARCHAR(50),True,Synthetic timezone code attribute for branch.,synthetic_extension,False
bank_dwh,dim_branch,dimension,conformed,25,jurisdiction_code,VARCHAR(50),True,Synthetic jurisdiction code attribute for branch.,synthetic_extension,False
bank_dwh,dim_branch,dimension,conformed,26,legal_entity_code,VARCHAR(50),True,Synthetic legal entity code attribute for branch.,synthetic_extension,False
bank_dwh,dim_branch,dimension,conformed,27,organization_unit_code,VARCHAR(50),True,Synthetic organization unit code attribute for branch.,synthetic_extension,False
bank_dwh,dim_branch,dimension,conformed,28,parent_unit_code,VARCHAR(50),True,Synthetic parent unit code attribute for branch.,synthetic_extension,False
bank_dwh,dim_branch,dimension,conformed,29,hierarchy_level,BIGINT,True,Synthetic hierarchy level attribute for branch.,synthetic_extension,False
bank_dwh,dim_branch,dimension,conformed,30,business_line_code,VARCHAR(50),True,Synthetic business line code attribute for branch.,synthetic_extension,False
bank_dwh,dim_branch,dimension,conformed,31,cost_center_code,VARCHAR(50),True,Synthetic cost center code attribute for branch.,synthetic_extension,False
bank_dwh,dim_branch,dimension,conformed,32,manager_id,VARCHAR(100),True,Synthetic manager id attribute for branch.,synthetic_extension,False
bank_dwh,dim_branch,dimension,conformed,33,operating_status_code,VARCHAR(50),True,Synthetic operating status code attribute for branch.,synthetic_extension,False
bank_dwh,dim_branch,dimension,conformed,34,opening_date,DATE,True,Synthetic opening date attribute for branch.,synthetic_extension,False
bank_dwh,dim_branch,dimension,conformed,35,closure_date,DATE,True,Synthetic closure date attribute for branch.,synthetic_extension,False
bank_dwh,dim_branch,dimension,conformed,36,market_code,VARCHAR(50),True,Synthetic market code attribute for branch.,synthetic_extension,False
bank_dwh,dim_branch,dimension,conformed,37,market_type_code,VARCHAR(50),True,Synthetic market type code attribute for branch.,synthetic_extension,False
bank_dwh,dim_branch,dimension,conformed,38,channel_type_code,VARCHAR(50),True,Synthetic channel type code attribute for branch.,synthetic_extension,False
bank_dwh,dim_branch,dimension,conformed,39,terminal_type_code,VARCHAR(50),True,Synthetic terminal type code attribute for branch.,synthetic_extension,False
bank_dwh,dim_branch,dimension,conformed,40,service_area_code,VARCHAR(50),True,Synthetic service area code attribute for branch.,synthetic_extension,False
bank_dwh,dim_branch,dimension,conformed,41,service_hours_code,VARCHAR(50),True,Synthetic service hours code attribute for branch.,synthetic_extension,False
bank_dwh,dim_branch,dimension,conformed,42,settlement_cutoff_time,VARCHAR(120),True,Synthetic settlement cutoff time attribute for branch.,synthetic_extension,False
bank_dwh,dim_branch,dimension,conformed,43,operating_currency_code,VARCHAR(50),True,Synthetic operating currency code attribute for branch.,synthetic_extension,False
bank_dwh,dim_branch,dimension,conformed,44,regulatory_region_code,VARCHAR(50),True,Synthetic regulatory region code attribute for branch.,synthetic_extension,False
bank_dwh,dim_branch,dimension,conformed,45,reporting_region_code,VARCHAR(50),True,Synthetic reporting region code attribute for branch.,synthetic_extension,False
bank_dwh,dim_channel,dimension,conformed,1,channel_key,BIGINT,False,Synthetic surrogate key for dim_channel.,structural,True
bank_dwh,dim_channel,dimension,conformed,2,business_id,VARCHAR(100),False,Business id for this channel member.,structural,False
bank_dwh,dim_channel,dimension,conformed,3,business_code,VARCHAR(50),True,Business code for this channel member.,structural,False
bank_dwh,dim_channel,dimension,conformed,4,display_name,VARCHAR(200),True,Display name for this channel member.,structural,False
bank_dwh,dim_channel,dimension,conformed,5,description,VARCHAR(120),True,Description for this channel member.,structural,False
bank_dwh,dim_channel,dimension,conformed,6,effective_from_date,DATE,False,Effective from date for this channel member.,structural,False
bank_dwh,dim_channel,dimension,conformed,7,effective_to_date,DATE,True,Effective to date for this channel member.,structural,False
bank_dwh,dim_channel,dimension,conformed,8,is_current,BOOLEAN,False,Is current for this channel member.,structural,False
bank_dwh,dim_channel,dimension,conformed,9,is_active,BOOLEAN,True,Is active for this channel member.,structural,False
bank_dwh,dim_channel,dimension,conformed,10,source_system_code,VARCHAR(50),True,Source system code for this channel member.,structural,False
bank_dwh,dim_channel,dimension,conformed,11,source_record_id,VARCHAR(100),True,Source record id for this channel member.,structural,False
bank_dwh,dim_channel,dimension,conformed,12,ingested_at,TIMESTAMPTZ,True,Ingested at for this channel member.,structural,False
bank_dwh,dim_channel,dimension,conformed,13,updated_at,TIMESTAMPTZ,True,Updated at for this channel member.,structural,False
bank_dwh,dim_channel,dimension,conformed,14,record_hash,VARCHAR(100),True,Record hash for this channel member.,structural,False
bank_dwh,dim_channel,dimension,conformed,15,data_quality_status_code,VARCHAR(50),True,Data quality status code for this channel member.,structural,False
bank_dwh,dim_channel,dimension,conformed,16,data_owner_code,VARCHAR(50),True,Data owner code for this channel member.,structural,False
bank_dwh,dim_channel,dimension,conformed,17,version_number,BIGINT,True,Version number for this channel member.,structural,False
bank_dwh,dim_channel,dimension,conformed,18,country_code,VARCHAR(50),True,Synthetic country code attribute for channel.,synthetic_extension,False
bank_dwh,dim_channel,dimension,conformed,19,region_code,VARCHAR(50),True,Synthetic region code attribute for channel.,synthetic_extension,False
bank_dwh,dim_channel,dimension,conformed,20,city_name,VARCHAR(200),True,Synthetic city name attribute for channel.,synthetic_extension,False
bank_dwh,dim_channel,dimension,conformed,21,postal_code,VARCHAR(50),True,Synthetic postal code attribute for channel.,synthetic_extension,False
bank_dwh,dim_channel,dimension,conformed,22,address_line_1,VARCHAR(120),True,Synthetic address line 1 attribute for channel.,synthetic_extension,False
bank_dwh,dim_channel,dimension,conformed,23,address_line_2,VARCHAR(120),True,Synthetic address line 2 attribute for channel.,synthetic_extension,False
bank_dwh,dim_channel,dimension,conformed,24,timezone_code,VARCHAR(50),True,Synthetic timezone code attribute for channel.,synthetic_extension,False
bank_dwh,dim_channel,dimension,conformed,25,jurisdiction_code,VARCHAR(50),True,Synthetic jurisdiction code attribute for channel.,synthetic_extension,False
bank_dwh,dim_channel,dimension,conformed,26,legal_entity_code,VARCHAR(50),True,Synthetic legal entity code attribute for channel.,synthetic_extension,False
bank_dwh,dim_channel,dimension,conformed,27,organization_unit_code,VARCHAR(50),True,Synthetic organization unit code attribute for channel.,synthetic_extension,False
bank_dwh,dim_channel,dimension,conformed,28,parent_unit_code,VARCHAR(50),True,Synthetic parent unit code attribute for channel.,synthetic_extension,False
bank_dwh,dim_channel,dimension,conformed,29,hierarchy_level,BIGINT,True,Synthetic hierarchy level attribute for channel.,synthetic_extension,False
bank_dwh,dim_channel,dimension,conformed,30,business_line_code,VARCHAR(50),True,Synthetic business line code attribute for channel.,synthetic_extension,False
bank_dwh,dim_channel,dimension,conformed,31,cost_center_code,VARCHAR(50),True,Synthetic cost center code attribute for channel.,synthetic_extension,False
bank_dwh,dim_channel,dimension,conformed,32,manager_id,VARCHAR(100),True,Synthetic manager id attribute for channel.,synthetic_extension,False
bank_dwh,dim_channel,dimension,conformed,33,operating_status_code,VARCHAR(50),True,Synthetic operating status code attribute for channel.,synthetic_extension,False
bank_dwh,dim_channel,dimension,conformed,34,opening_date,DATE,True,Synthetic opening date attribute for channel.,synthetic_extension,False
bank_dwh,dim_channel,dimension,conformed,35,closure_date,DATE,True,Synthetic closure date attribute for channel.,synthetic_extension,False
bank_dwh,dim_channel,dimension,conformed,36,market_code,VARCHAR(50),True,Synthetic market code attribute for channel.,synthetic_extension,False
bank_dwh,dim_channel,dimension,conformed,37,market_type_code,VARCHAR(50),True,Synthetic market type code attribute for channel.,synthetic_extension,False
bank_dwh,dim_channel,dimension,conformed,38,channel_type_code,VARCHAR(50),True,Synthetic channel type code attribute for channel.,synthetic_extension,False
bank_dwh,dim_channel,dimension,conformed,39,terminal_type_code,VARCHAR(50),True,Synthetic terminal type code attribute for channel.,synthetic_extension,False
bank_dwh,dim_channel,dimension,conformed,40,service_area_code,VARCHAR(50),True,Synthetic service area code attribute for channel.,synthetic_extension,False
bank_dwh,dim_channel,dimension,conformed,41,service_hours_code,VARCHAR(50),True,Synthetic service hours code attribute for channel.,synthetic_extension,False
bank_dwh,dim_channel,dimension,conformed,42,settlement_cutoff_time,VARCHAR(120),True,Synthetic settlement cutoff time attribute for channel.,synthetic_extension,False
bank_dwh,dim_channel,dimension,conformed,43,operating_currency_code,VARCHAR(50),True,Synthetic operating currency code attribute for channel.,synthetic_extension,False
bank_dwh,dim_channel,dimension,conformed,44,regulatory_region_code,VARCHAR(50),True,Synthetic regulatory region code attribute for channel.,synthetic_extension,False
bank_dwh,dim_channel,dimension,conformed,45,reporting_region_code,VARCHAR(50),True,Synthetic reporting region code attribute for channel.,synthetic_extension,False
bank_dwh,dim_currency,dimension,conformed,1,currency_key,BIGINT,False,Synthetic surrogate key for dim_currency.,structural,True
bank_dwh,dim_currency,dimension,conformed,2,business_id,VARCHAR(100),False,Business id for this currency member.,structural,False
bank_dwh,dim_currency,dimension,conformed,3,business_code,VARCHAR(50),True,Business code for this currency member.,structural,False
bank_dwh,dim_currency,dimension,conformed,4,display_name,VARCHAR(200),True,Display name for this currency member.,structural,False
bank_dwh,dim_currency,dimension,conformed,5,description,VARCHAR(120),True,Description for this currency member.,structural,False
bank_dwh,dim_currency,dimension,conformed,6,effective_from_date,DATE,False,Effective from date for this currency member.,structural,False
bank_dwh,dim_currency,dimension,conformed,7,effective_to_date,DATE,True,Effective to date for this currency member.,structural,False
bank_dwh,dim_currency,dimension,conformed,8,is_current,BOOLEAN,False,Is current for this currency member.,structural,False
bank_dwh,dim_currency,dimension,conformed,9,is_active,BOOLEAN,True,Is active for this currency member.,structural,False
bank_dwh,dim_currency,dimension,conformed,10,source_system_code,VARCHAR(50),True,Source system code for this currency member.,structural,False
bank_dwh,dim_currency,dimension,conformed,11,source_record_id,VARCHAR(100),True,Source record id for this currency member.,structural,False
bank_dwh,dim_currency,dimension,conformed,12,ingested_at,TIMESTAMPTZ,True,Ingested at for this currency member.,structural,False
bank_dwh,dim_currency,dimension,conformed,13,updated_at,TIMESTAMPTZ,True,Updated at for this currency member.,structural,False
bank_dwh,dim_currency,dimension,conformed,14,record_hash,VARCHAR(100),True,Record hash for this currency member.,structural,False
bank_dwh,dim_currency,dimension,conformed,15,data_quality_status_code,VARCHAR(50),True,Data quality status code for this currency member.,structural,False
bank_dwh,dim_currency,dimension,conformed,16,data_owner_code,VARCHAR(50),True,Data owner code for this currency member.,structural,False
bank_dwh,dim_currency,dimension,conformed,17,version_number,BIGINT,True,Version number for this currency member.,structural,False
bank_dwh,dim_currency,dimension,conformed,18,iso_alpha_code,VARCHAR(50),True,Synthetic iso alpha code attribute for currency.,synthetic_extension,False
bank_dwh,dim_currency,dimension,conformed,19,iso_numeric_code,VARCHAR(50),True,Synthetic iso numeric code attribute for currency.,synthetic_extension,False
bank_dwh,dim_currency,dimension,conformed,20,currency_name,VARCHAR(200),True,Synthetic currency name attribute for currency.,synthetic_extension,False
bank_dwh,dim_currency,dimension,conformed,21,currency_symbol,VARCHAR(120),True,Synthetic currency symbol attribute for currency.,synthetic_extension,False
bank_dwh,dim_currency,dimension,conformed,22,minor_unit_count,BIGINT,True,Synthetic minor unit count attribute for currency.,synthetic_extension,False
bank_dwh,dim_currency,dimension,conformed,23,country_code,VARCHAR(50),True,Synthetic country code attribute for currency.,synthetic_extension,False
bank_dwh,dim_currency,dimension,conformed,24,currency_type_code,VARCHAR(50),True,Synthetic currency type code attribute for currency.,synthetic_extension,False
bank_dwh,dim_currency,dimension,conformed,25,is_settlement_currency,BOOLEAN,True,Synthetic is settlement currency attribute for currency.,synthetic_extension,False
bank_dwh,dim_currency,dimension,conformed,26,is_reporting_currency,BOOLEAN,True,Synthetic is reporting currency attribute for currency.,synthetic_extension,False
bank_dwh,dim_currency,dimension,conformed,27,valid_from_date,DATE,True,Synthetic valid from date attribute for currency.,synthetic_extension,False
bank_dwh,dim_currency,dimension,conformed,28,valid_to_date,DATE,True,Synthetic valid to date attribute for currency.,synthetic_extension,False
bank_dwh,dim_currency,dimension,conformed,29,rounding_rule_code,VARCHAR(50),True,Synthetic rounding rule code attribute for currency.,synthetic_extension,False
bank_dwh,dim_currency,dimension,conformed,30,rounding_precision_count,BIGINT,True,Synthetic rounding precision count attribute for currency.,synthetic_extension,False
bank_dwh,dim_currency,dimension,conformed,31,central_bank_code,VARCHAR(50),True,Synthetic central bank code attribute for currency.,synthetic_extension,False
bank_dwh,dim_currency,dimension,conformed,32,currency_group_code,VARCHAR(50),True,Synthetic currency group code attribute for currency.,synthetic_extension,False
bank_dwh,dim_currency,dimension,conformed,33,exchange_market_code,VARCHAR(50),True,Synthetic exchange market code attribute for currency.,synthetic_extension,False
bank_dwh,dim_currency,dimension,conformed,34,redenomination_date,DATE,True,Synthetic redenomination date attribute for currency.,synthetic_extension,False
bank_dwh,dim_currency,dimension,conformed,35,predecessor_currency_code,VARCHAR(50),True,Synthetic predecessor currency code attribute for currency.,synthetic_extension,False
bank_dwh,dim_organization,dimension,conformed,1,organization_key,BIGINT,False,Synthetic surrogate key for dim_organization.,structural,True
bank_dwh,dim_organization,dimension,conformed,2,business_id,VARCHAR(100),False,Business id for this organization member.,structural,False
bank_dwh,dim_organization,dimension,conformed,3,business_code,VARCHAR(50),True,Business code for this organization member.,structural,False
bank_dwh,dim_organization,dimension,conformed,4,display_name,VARCHAR(200),True,Display name for this organization member.,structural,False
bank_dwh,dim_organization,dimension,conformed,5,description,VARCHAR(120),True,Description for this organization member.,structural,False
bank_dwh,dim_organization,dimension,conformed,6,effective_from_date,DATE,False,Effective from date for this organization member.,structural,False
bank_dwh,dim_organization,dimension,conformed,7,effective_to_date,DATE,True,Effective to date for this organization member.,structural,False
bank_dwh,dim_organization,dimension,conformed,8,is_current,BOOLEAN,False,Is current for this organization member.,structural,False
bank_dwh,dim_organization,dimension,conformed,9,is_active,BOOLEAN,True,Is active for this organization member.,structural,False
bank_dwh,dim_organization,dimension,conformed,10,source_system_code,VARCHAR(50),True,Source system code for this organization member.,structural,False
bank_dwh,dim_organization,dimension,conformed,11,source_record_id,VARCHAR(100),True,Source record id for this organization member.,structural,False
bank_dwh,dim_organization,dimension,conformed,12,ingested_at,TIMESTAMPTZ,True,Ingested at for this organization member.,structural,False
bank_dwh,dim_organization,dimension,conformed,13,updated_at,TIMESTAMPTZ,True,Updated at for this organization member.,structural,False
bank_dwh,dim_organization,dimension,conformed,14,record_hash,VARCHAR(100),True,Record hash for this organization member.,structural,False
bank_dwh,dim_organization,dimension,conformed,15,data_quality_status_code,VARCHAR(50),True,Data quality status code for this organization member.,structural,False
bank_dwh,dim_organization,dimension,conformed,16,data_owner_code,VARCHAR(50),True,Data owner code for this organization member.,structural,False
bank_dwh,dim_organization,dimension,conformed,17,version_number,BIGINT,True,Version number for this organization member.,structural,False
bank_dwh,dim_organization,dimension,conformed,18,country_code,VARCHAR(50),True,Synthetic country code attribute for organization.,synthetic_extension,False
bank_dwh,dim_organization,dimension,conformed,19,region_code,VARCHAR(50),True,Synthetic region code attribute for organization.,synthetic_extension,False
bank_dwh,dim_organization,dimension,conformed,20,city_name,VARCHAR(200),True,Synthetic city name attribute for organization.,synthetic_extension,False
bank_dwh,dim_organization,dimension,conformed,21,postal_code,VARCHAR(50),True,Synthetic postal code attribute for organization.,synthetic_extension,False
bank_dwh,dim_organization,dimension,conformed,22,address_line_1,VARCHAR(120),True,Synthetic address line 1 attribute for organization.,synthetic_extension,False
bank_dwh,dim_organization,dimension,conformed,23,address_line_2,VARCHAR(120),True,Synthetic address line 2 attribute for organization.,synthetic_extension,False
bank_dwh,dim_organization,dimension,conformed,24,timezone_code,VARCHAR(50),True,Synthetic timezone code attribute for organization.,synthetic_extension,False
bank_dwh,dim_organization,dimension,conformed,25,jurisdiction_code,VARCHAR(50),True,Synthetic jurisdiction code attribute for organization.,synthetic_extension,False
bank_dwh,dim_organization,dimension,conformed,26,legal_entity_code,VARCHAR(50),True,Synthetic legal entity code attribute for organization.,synthetic_extension,False
bank_dwh,dim_organization,dimension,conformed,27,organization_unit_code,VARCHAR(50),True,Synthetic organization unit code attribute for organization.,synthetic_extension,False
bank_dwh,dim_organization,dimension,conformed,28,parent_unit_code,VARCHAR(50),True,Synthetic parent unit code attribute for organization.,synthetic_extension,False
bank_dwh,dim_organization,dimension,conformed,29,hierarchy_level,BIGINT,True,Synthetic hierarchy level attribute for organization.,synthetic_extension,False
bank_dwh,dim_organization,dimension,conformed,30,business_line_code,VARCHAR(50),True,Synthetic business line code attribute for organization.,synthetic_extension,False
bank_dwh,dim_organization,dimension,conformed,31,cost_center_code,VARCHAR(50),True,Synthetic cost center code attribute for organization.,synthetic_extension,False
bank_dwh,dim_organization,dimension,conformed,32,manager_id,VARCHAR(100),True,Synthetic manager id attribute for organization.,synthetic_extension,False
bank_dwh,dim_organization,dimension,conformed,33,operating_status_code,VARCHAR(50),True,Synthetic operating status code attribute for organization.,synthetic_extension,False
bank_dwh,dim_organization,dimension,conformed,34,opening_date,DATE,True,Synthetic opening date attribute for organization.,synthetic_extension,False
bank_dwh,dim_organization,dimension,conformed,35,closure_date,DATE,True,Synthetic closure date attribute for organization.,synthetic_extension,False
bank_dwh,dim_organization,dimension,conformed,36,market_code,VARCHAR(50),True,Synthetic market code attribute for organization.,synthetic_extension,False
bank_dwh,dim_organization,dimension,conformed,37,market_type_code,VARCHAR(50),True,Synthetic market type code attribute for organization.,synthetic_extension,False
bank_dwh,dim_organization,dimension,conformed,38,channel_type_code,VARCHAR(50),True,Synthetic channel type code attribute for organization.,synthetic_extension,False
bank_dwh,dim_organization,dimension,conformed,39,terminal_type_code,VARCHAR(50),True,Synthetic terminal type code attribute for organization.,synthetic_extension,False
bank_dwh,dim_organization,dimension,conformed,40,service_area_code,VARCHAR(50),True,Synthetic service area code attribute for organization.,synthetic_extension,False
bank_dwh,dim_organization,dimension,conformed,41,service_hours_code,VARCHAR(50),True,Synthetic service hours code attribute for organization.,synthetic_extension,False
bank_dwh,dim_organization,dimension,conformed,42,settlement_cutoff_time,VARCHAR(120),True,Synthetic settlement cutoff time attribute for organization.,synthetic_extension,False
bank_dwh,dim_organization,dimension,conformed,43,operating_currency_code,VARCHAR(50),True,Synthetic operating currency code attribute for organization.,synthetic_extension,False
bank_dwh,dim_organization,dimension,conformed,44,regulatory_region_code,VARCHAR(50),True,Synthetic regulatory region code attribute for organization.,synthetic_extension,False
bank_dwh,dim_organization,dimension,conformed,45,reporting_region_code,VARCHAR(50),True,Synthetic reporting region code attribute for organization.,synthetic_extension,False
bank_dwh,dim_employee,dimension,conformed,1,employee_key,BIGINT,False,Synthetic surrogate key for dim_employee.,structural,True
bank_dwh,dim_employee,dimension,conformed,2,business_id,VARCHAR(100),False,Business id for this employee member.,structural,False
bank_dwh,dim_employee,dimension,conformed,3,business_code,VARCHAR(50),True,Business code for this employee member.,structural,False
bank_dwh,dim_employee,dimension,conformed,4,display_name,VARCHAR(200),True,Display name for this employee member.,structural,False
bank_dwh,dim_employee,dimension,conformed,5,description,VARCHAR(120),True,Description for this employee member.,structural,False
bank_dwh,dim_employee,dimension,conformed,6,effective_from_date,DATE,False,Effective from date for this employee member.,structural,False
bank_dwh,dim_employee,dimension,conformed,7,effective_to_date,DATE,True,Effective to date for this employee member.,structural,False
bank_dwh,dim_employee,dimension,conformed,8,is_current,BOOLEAN,False,Is current for this employee member.,structural,False
bank_dwh,dim_employee,dimension,conformed,9,is_active,BOOLEAN,True,Is active for this employee member.,structural,False
bank_dwh,dim_employee,dimension,conformed,10,source_system_code,VARCHAR(50),True,Source system code for this employee member.,structural,False
bank_dwh,dim_employee,dimension,conformed,11,source_record_id,VARCHAR(100),True,Source record id for this employee member.,structural,False
bank_dwh,dim_employee,dimension,conformed,12,ingested_at,TIMESTAMPTZ,True,Ingested at for this employee member.,structural,False
bank_dwh,dim_employee,dimension,conformed,13,updated_at,TIMESTAMPTZ,True,Updated at for this employee member.,structural,False
bank_dwh,dim_employee,dimension,conformed,14,record_hash,VARCHAR(100),True,Record hash for this employee member.,structural,False
bank_dwh,dim_employee,dimension,conformed,15,data_quality_status_code,VARCHAR(50),True,Data quality status code for this employee member.,structural,False
bank_dwh,dim_employee,dimension,conformed,16,data_owner_code,VARCHAR(50),True,Data owner code for this employee member.,structural,False
bank_dwh,dim_employee,dimension,conformed,17,version_number,BIGINT,True,Version number for this employee member.,structural,False
bank_dwh,dim_employee,dimension,conformed,18,legal_name,VARCHAR(200),True,Synthetic legal name attribute for employee.,synthetic_extension,False
bank_dwh,dim_employee,dimension,conformed,19,given_name,VARCHAR(200),True,Synthetic given name attribute for employee.,synthetic_extension,False
bank_dwh,dim_employee,dimension,conformed,20,family_name,VARCHAR(200),True,Synthetic family name attribute for employee.,synthetic_extension,False
bank_dwh,dim_employee,dimension,conformed,21,preferred_name,VARCHAR(200),True,Synthetic preferred name attribute for employee.,synthetic_extension,False
bank_dwh,dim_employee,dimension,conformed,22,birth_date,DATE,True,Synthetic birth date attribute for employee.,synthetic_extension,False
bank_dwh,dim_employee,dimension,conformed,23,incorporation_date,DATE,True,Synthetic incorporation date attribute for employee.,synthetic_extension,False
bank_dwh,dim_employee,dimension,conformed,24,national_id_hash,VARCHAR(100),True,Synthetic national id hash attribute for employee.,synthetic_extension,False
bank_dwh,dim_employee,dimension,conformed,25,tax_id_hash,VARCHAR(100),True,Synthetic tax id hash attribute for employee.,synthetic_extension,False
bank_dwh,dim_employee,dimension,conformed,26,customer_segment_code,VARCHAR(50),True,Synthetic customer segment code attribute for employee.,synthetic_extension,False
bank_dwh,dim_employee,dimension,conformed,27,customer_subsegment_code,VARCHAR(50),True,Synthetic customer subsegment code attribute for employee.,synthetic_extension,False
bank_dwh,dim_employee,dimension,conformed,28,relationship_manager_id,VARCHAR(100),True,Synthetic relationship manager id attribute for employee.,synthetic_extension,False
bank_dwh,dim_employee,dimension,conformed,29,residence_country_code,VARCHAR(50),True,Synthetic residence country code attribute for employee.,synthetic_extension,False
bank_dwh,dim_employee,dimension,conformed,30,tax_residency_country_code,VARCHAR(50),True,Synthetic tax residency country code attribute for employee.,synthetic_extension,False
bank_dwh,dim_employee,dimension,conformed,31,city_name,VARCHAR(200),True,Synthetic city name attribute for employee.,synthetic_extension,False
bank_dwh,dim_employee,dimension,conformed,32,postal_code,VARCHAR(50),True,Synthetic postal code attribute for employee.,synthetic_extension,False
bank_dwh,dim_employee,dimension,conformed,33,address_line_1,VARCHAR(120),True,Synthetic address line 1 attribute for employee.,synthetic_extension,False
bank_dwh,dim_employee,dimension,conformed,34,address_line_2,VARCHAR(120),True,Synthetic address line 2 attribute for employee.,synthetic_extension,False
bank_dwh,dim_employee,dimension,conformed,35,email_hash,VARCHAR(100),True,Synthetic email hash attribute for employee.,synthetic_extension,False
bank_dwh,dim_employee,dimension,conformed,36,phone_hash,VARCHAR(100),True,Synthetic phone hash attribute for employee.,synthetic_extension,False
bank_dwh,dim_employee,dimension,conformed,37,occupation_code,VARCHAR(50),True,Synthetic occupation code attribute for employee.,synthetic_extension,False
bank_dwh,dim_employee,dimension,conformed,38,industry_code,VARCHAR(50),True,Synthetic industry code attribute for employee.,synthetic_extension,False
bank_dwh,dim_employee,dimension,conformed,39,employer_name,VARCHAR(200),True,Synthetic employer name attribute for employee.,synthetic_extension,False
bank_dwh,dim_employee,dimension,conformed,40,kyc_status_code,VARCHAR(50),True,Synthetic kyc status code attribute for employee.,synthetic_extension,False
bank_dwh,dim_employee,dimension,conformed,41,kyc_review_date,DATE,True,Synthetic kyc review date attribute for employee.,synthetic_extension,False
bank_dwh,dim_employee,dimension,conformed,42,pep_status_code,VARCHAR(50),True,Synthetic pep status code attribute for employee.,synthetic_extension,False
bank_dwh,dim_employee,dimension,conformed,43,sanctions_status_code,VARCHAR(50),True,Synthetic sanctions status code attribute for employee.,synthetic_extension,False
bank_dwh,dim_employee,dimension,conformed,44,risk_band_code,VARCHAR(50),True,Synthetic risk band code attribute for employee.,synthetic_extension,False
bank_dwh,dim_employee,dimension,conformed,45,onboarding_date,DATE,True,Synthetic onboarding date attribute for employee.,synthetic_extension,False
bank_dwh,dim_deposit_product,dimension,deposits,1,deposit_product_key,BIGINT,False,Synthetic surrogate key for dim_deposit_product.,structural,True
bank_dwh,dim_deposit_product,dimension,deposits,2,business_id,VARCHAR(100),False,Business id for this deposit product member.,structural,False
bank_dwh,dim_deposit_product,dimension,deposits,3,business_code,VARCHAR(50),True,Business code for this deposit product member.,structural,False
bank_dwh,dim_deposit_product,dimension,deposits,4,display_name,VARCHAR(200),True,Display name for this deposit product member.,structural,False
bank_dwh,dim_deposit_product,dimension,deposits,5,description,VARCHAR(120),True,Description for this deposit product member.,structural,False
bank_dwh,dim_deposit_product,dimension,deposits,6,effective_from_date,DATE,False,Effective from date for this deposit product member.,structural,False
bank_dwh,dim_deposit_product,dimension,deposits,7,effective_to_date,DATE,True,Effective to date for this deposit product member.,structural,False
bank_dwh,dim_deposit_product,dimension,deposits,8,is_current,BOOLEAN,False,Is current for this deposit product member.,structural,False
bank_dwh,dim_deposit_product,dimension,deposits,9,is_active,BOOLEAN,True,Is active for this deposit product member.,structural,False
bank_dwh,dim_deposit_product,dimension,deposits,10,source_system_code,VARCHAR(50),True,Source system code for this deposit product member.,structural,False
bank_dwh,dim_deposit_product,dimension,deposits,11,source_record_id,VARCHAR(100),True,Source record id for this deposit product member.,structural,False
bank_dwh,dim_deposit_product,dimension,deposits,12,ingested_at,TIMESTAMPTZ,True,Ingested at for this deposit product member.,structural,False
bank_dwh,dim_deposit_product,dimension,deposits,13,updated_at,TIMESTAMPTZ,True,Updated at for this deposit product member.,structural,False
bank_dwh,dim_deposit_product,dimension,deposits,14,record_hash,VARCHAR(100),True,Record hash for this deposit product member.,structural,False
bank_dwh,dim_deposit_product,dimension,deposits,15,data_quality_status_code,VARCHAR(50),True,Data quality status code for this deposit product member.,structural,False
bank_dwh,dim_deposit_product,dimension,deposits,16,data_owner_code,VARCHAR(50),True,Data owner code for this deposit product member.,structural,False
bank_dwh,dim_deposit_product,dimension,deposits,17,version_number,BIGINT,True,Version number for this deposit product member.,structural,False
bank_dwh,dim_deposit_product,dimension,deposits,18,product_family_code,VARCHAR(50),True,Synthetic product family code attribute for deposit product.,synthetic_extension,False
bank_dwh,dim_deposit_product,dimension,deposits,19,product_category_code,VARCHAR(50),True,Synthetic product category code attribute for deposit product.,synthetic_extension,False
bank_dwh,dim_deposit_product,dimension,deposits,20,product_subcategory_code,VARCHAR(50),True,Synthetic product subcategory code attribute for deposit product.,synthetic_extension,False
bank_dwh,dim_deposit_product,dimension,deposits,21,product_type_code,VARCHAR(50),True,Synthetic product type code attribute for deposit product.,synthetic_extension,False
bank_dwh,dim_deposit_product,dimension,deposits,22,offering_status_code,VARCHAR(50),True,Synthetic offering status code attribute for deposit product.,synthetic_extension,False
bank_dwh,dim_deposit_product,dimension,deposits,23,launch_date,DATE,True,Synthetic launch date attribute for deposit product.,synthetic_extension,False
bank_dwh,dim_deposit_product,dimension,deposits,24,retirement_date,DATE,True,Synthetic retirement date attribute for deposit product.,synthetic_extension,False
bank_dwh,dim_deposit_product,dimension,deposits,25,eligibility_code,VARCHAR(50),True,Synthetic eligibility code attribute for deposit product.,synthetic_extension,False
bank_dwh,dim_deposit_product,dimension,deposits,26,customer_segment_code,VARCHAR(50),True,Synthetic customer segment code attribute for deposit product.,synthetic_extension,False
bank_dwh,dim_deposit_product,dimension,deposits,27,minimum_amount,"NUMERIC(20,4)",True,Synthetic minimum amount attribute for deposit product.,synthetic_extension,False
bank_dwh,dim_deposit_product,dimension,deposits,28,maximum_amount,"NUMERIC(20,4)",True,Synthetic maximum amount attribute for deposit product.,synthetic_extension,False
bank_dwh,dim_deposit_product,dimension,deposits,29,minimum_term_months_count,BIGINT,True,Synthetic minimum term months count attribute for deposit product.,synthetic_extension,False
bank_dwh,dim_deposit_product,dimension,deposits,30,maximum_term_months_count,BIGINT,True,Synthetic maximum term months count attribute for deposit product.,synthetic_extension,False
bank_dwh,dim_deposit_product,dimension,deposits,31,standard_term_months_count,BIGINT,True,Synthetic standard term months count attribute for deposit product.,synthetic_extension,False
bank_dwh,dim_deposit_product,dimension,deposits,32,base_currency_code,VARCHAR(50),True,Synthetic base currency code attribute for deposit product.,synthetic_extension,False
bank_dwh,dim_deposit_product,dimension,deposits,33,rate_type_code,VARCHAR(50),True,Synthetic rate type code attribute for deposit product.,synthetic_extension,False
bank_dwh,dim_deposit_product,dimension,deposits,34,standard_rate,"NUMERIC(14,8)",True,Synthetic standard rate attribute for deposit product.,synthetic_extension,False
bank_dwh,dim_deposit_product,dimension,deposits,35,benchmark_code,VARCHAR(50),True,Synthetic benchmark code attribute for deposit product.,synthetic_extension,False
bank_dwh,dim_deposit_product,dimension,deposits,36,spread_rate,"NUMERIC(14,8)",True,Synthetic spread rate attribute for deposit product.,synthetic_extension,False
bank_dwh,dim_deposit_product,dimension,deposits,37,repricing_frequency_code,VARCHAR(50),True,Synthetic repricing frequency code attribute for deposit product.,synthetic_extension,False
bank_dwh,dim_deposit_product,dimension,deposits,38,compounding_method_code,VARCHAR(50),True,Synthetic compounding method code attribute for deposit product.,synthetic_extension,False
bank_dwh,dim_deposit_product,dimension,deposits,39,payment_frequency_code,VARCHAR(50),True,Synthetic payment frequency code attribute for deposit product.,synthetic_extension,False
bank_dwh,dim_deposit_product,dimension,deposits,40,settlement_cycle_code,VARCHAR(50),True,Synthetic settlement cycle code attribute for deposit product.,synthetic_extension,False
bank_dwh,dim_deposit_product,dimension,deposits,41,fee_schedule_code,VARCHAR(50),True,Synthetic fee schedule code attribute for deposit product.,synthetic_extension,False
bank_dwh,dim_deposit_product,dimension,deposits,42,penalty_policy_code,VARCHAR(50),True,Synthetic penalty policy code attribute for deposit product.,synthetic_extension,False
bank_dwh,dim_deposit_product,dimension,deposits,43,renewal_option_code,VARCHAR(50),True,Synthetic renewal option code attribute for deposit product.,synthetic_extension,False
bank_dwh,dim_deposit_product,dimension,deposits,44,early_termination_code,VARCHAR(50),True,Synthetic early termination code attribute for deposit product.,synthetic_extension,False
bank_dwh,dim_deposit_product,dimension,deposits,45,tax_treatment_code,VARCHAR(50),True,Synthetic tax treatment code attribute for deposit product.,synthetic_extension,False
bank_dwh,dim_deposit_term,dimension,deposits,1,deposit_term_key,BIGINT,False,Synthetic surrogate key for dim_deposit_term.,structural,True
bank_dwh,dim_deposit_term,dimension,deposits,2,business_id,VARCHAR(100),False,Business id for this deposit term member.,structural,False
bank_dwh,dim_deposit_term,dimension,deposits,3,business_code,VARCHAR(50),True,Business code for this deposit term member.,structural,False
bank_dwh,dim_deposit_term,dimension,deposits,4,display_name,VARCHAR(200),True,Display name for this deposit term member.,structural,False
bank_dwh,dim_deposit_term,dimension,deposits,5,description,VARCHAR(120),True,Description for this deposit term member.,structural,False
bank_dwh,dim_deposit_term,dimension,deposits,6,effective_from_date,DATE,False,Effective from date for this deposit term member.,structural,False
bank_dwh,dim_deposit_term,dimension,deposits,7,effective_to_date,DATE,True,Effective to date for this deposit term member.,structural,False
bank_dwh,dim_deposit_term,dimension,deposits,8,is_current,BOOLEAN,False,Is current for this deposit term member.,structural,False
bank_dwh,dim_deposit_term,dimension,deposits,9,is_active,BOOLEAN,True,Is active for this deposit term member.,structural,False
bank_dwh,dim_deposit_term,dimension,deposits,10,source_system_code,VARCHAR(50),True,Source system code for this deposit term member.,structural,False
bank_dwh,dim_deposit_term,dimension,deposits,11,source_record_id,VARCHAR(100),True,Source record id for this deposit term member.,structural,False
bank_dwh,dim_deposit_term,dimension,deposits,12,ingested_at,TIMESTAMPTZ,True,Ingested at for this deposit term member.,structural,False
bank_dwh,dim_deposit_term,dimension,deposits,13,updated_at,TIMESTAMPTZ,True,Updated at for this deposit term member.,structural,False
bank_dwh,dim_deposit_term,dimension,deposits,14,record_hash,VARCHAR(100),True,Record hash for this deposit term member.,structural,False
bank_dwh,dim_deposit_term,dimension,deposits,15,data_quality_status_code,VARCHAR(50),True,Data quality status code for this deposit term member.,structural,False
bank_dwh,dim_deposit_term,dimension,deposits,16,data_owner_code,VARCHAR(50),True,Data owner code for this deposit term member.,structural,False
bank_dwh,dim_deposit_term,dimension,deposits,17,version_number,BIGINT,True,Version number for this deposit term member.,structural,False
bank_dwh,dim_deposit_term,dimension,deposits,18,product_family_code,VARCHAR(50),True,Synthetic product family code attribute for deposit term.,synthetic_extension,False
bank_dwh,dim_deposit_term,dimension,deposits,19,product_category_code,VARCHAR(50),True,Synthetic product category code attribute for deposit term.,synthetic_extension,False
bank_dwh,dim_deposit_term,dimension,deposits,20,product_subcategory_code,VARCHAR(50),True,Synthetic product subcategory code attribute for deposit term.,synthetic_extension,False
bank_dwh,dim_deposit_term,dimension,deposits,21,product_type_code,VARCHAR(50),True,Synthetic product type code attribute for deposit term.,synthetic_extension,False
bank_dwh,dim_deposit_term,dimension,deposits,22,offering_status_code,VARCHAR(50),True,Synthetic offering status code attribute for deposit term.,synthetic_extension,False
bank_dwh,dim_deposit_term,dimension,deposits,23,launch_date,DATE,True,Synthetic launch date attribute for deposit term.,synthetic_extension,False
bank_dwh,dim_deposit_term,dimension,deposits,24,retirement_date,DATE,True,Synthetic retirement date attribute for deposit term.,synthetic_extension,False
bank_dwh,dim_deposit_term,dimension,deposits,25,eligibility_code,VARCHAR(50),True,Synthetic eligibility code attribute for deposit term.,synthetic_extension,False
bank_dwh,dim_deposit_term,dimension,deposits,26,customer_segment_code,VARCHAR(50),True,Synthetic customer segment code attribute for deposit term.,synthetic_extension,False
bank_dwh,dim_deposit_term,dimension,deposits,27,minimum_amount,"NUMERIC(20,4)",True,Synthetic minimum amount attribute for deposit term.,synthetic_extension,False
bank_dwh,dim_deposit_term,dimension,deposits,28,maximum_amount,"NUMERIC(20,4)",True,Synthetic maximum amount attribute for deposit term.,synthetic_extension,False
bank_dwh,dim_deposit_term,dimension,deposits,29,minimum_term_months_count,BIGINT,True,Synthetic minimum term months count attribute for deposit term.,synthetic_extension,False
bank_dwh,dim_deposit_term,dimension,deposits,30,maximum_term_months_count,BIGINT,True,Synthetic maximum term months count attribute for deposit term.,synthetic_extension,False
bank_dwh,dim_deposit_term,dimension,deposits,31,standard_term_months_count,BIGINT,True,Synthetic standard term months count attribute for deposit term.,synthetic_extension,False
bank_dwh,dim_deposit_term,dimension,deposits,32,base_currency_code,VARCHAR(50),True,Synthetic base currency code attribute for deposit term.,synthetic_extension,False
bank_dwh,dim_deposit_term,dimension,deposits,33,rate_type_code,VARCHAR(50),True,Synthetic rate type code attribute for deposit term.,synthetic_extension,False
bank_dwh,dim_deposit_term,dimension,deposits,34,standard_rate,"NUMERIC(14,8)",True,Synthetic standard rate attribute for deposit term.,synthetic_extension,False
bank_dwh,dim_deposit_term,dimension,deposits,35,benchmark_code,VARCHAR(50),True,Synthetic benchmark code attribute for deposit term.,synthetic_extension,False
bank_dwh,dim_interest_rate_plan,dimension,deposits,1,interest_rate_plan_key,BIGINT,False,Synthetic surrogate key for dim_interest_rate_plan.,structural,True
bank_dwh,dim_interest_rate_plan,dimension,deposits,2,business_id,VARCHAR(100),False,Business id for this interest rate plan member.,structural,False
bank_dwh,dim_interest_rate_plan,dimension,deposits,3,business_code,VARCHAR(50),True,Business code for this interest rate plan member.,structural,False
bank_dwh,dim_interest_rate_plan,dimension,deposits,4,display_name,VARCHAR(200),True,Display name for this interest rate plan member.,structural,False
bank_dwh,dim_interest_rate_plan,dimension,deposits,5,description,VARCHAR(120),True,Description for this interest rate plan member.,structural,False
bank_dwh,dim_interest_rate_plan,dimension,deposits,6,effective_from_date,DATE,False,Effective from date for this interest rate plan member.,structural,False
bank_dwh,dim_interest_rate_plan,dimension,deposits,7,effective_to_date,DATE,True,Effective to date for this interest rate plan member.,structural,False
bank_dwh,dim_interest_rate_plan,dimension,deposits,8,is_current,BOOLEAN,False,Is current for this interest rate plan member.,structural,False
bank_dwh,dim_interest_rate_plan,dimension,deposits,9,is_active,BOOLEAN,True,Is active for this interest rate plan member.,structural,False
bank_dwh,dim_interest_rate_plan,dimension,deposits,10,source_system_code,VARCHAR(50),True,Source system code for this interest rate plan member.,structural,False
bank_dwh,dim_interest_rate_plan,dimension,deposits,11,source_record_id,VARCHAR(100),True,Source record id for this interest rate plan member.,structural,False
bank_dwh,dim_interest_rate_plan,dimension,deposits,12,ingested_at,TIMESTAMPTZ,True,Ingested at for this interest rate plan member.,structural,False
bank_dwh,dim_interest_rate_plan,dimension,deposits,13,updated_at,TIMESTAMPTZ,True,Updated at for this interest rate plan member.,structural,False
bank_dwh,dim_interest_rate_plan,dimension,deposits,14,record_hash,VARCHAR(100),True,Record hash for this interest rate plan member.,structural,False
bank_dwh,dim_interest_rate_plan,dimension,deposits,15,data_quality_status_code,VARCHAR(50),True,Data quality status code for this interest rate plan member.,structural,False
bank_dwh,dim_interest_rate_plan,dimension,deposits,16,data_owner_code,VARCHAR(50),True,Data owner code for this interest rate plan member.,structural,False
bank_dwh,dim_interest_rate_plan,dimension,deposits,17,version_number,BIGINT,True,Version number for this interest rate plan member.,structural,False
bank_dwh,dim_interest_rate_plan,dimension,deposits,18,product_family_code,VARCHAR(50),True,Synthetic product family code attribute for interest rate plan.,synthetic_extension,False
bank_dwh,dim_interest_rate_plan,dimension,deposits,19,product_category_code,VARCHAR(50),True,Synthetic product category code attribute for interest rate plan.,synthetic_extension,False
bank_dwh,dim_interest_rate_plan,dimension,deposits,20,product_subcategory_code,VARCHAR(50),True,Synthetic product subcategory code attribute for interest rate plan.,synthetic_extension,False
bank_dwh,dim_interest_rate_plan,dimension,deposits,21,product_type_code,VARCHAR(50),True,Synthetic product type code attribute for interest rate plan.,synthetic_extension,False
bank_dwh,dim_interest_rate_plan,dimension,deposits,22,offering_status_code,VARCHAR(50),True,Synthetic offering status code attribute for interest rate plan.,synthetic_extension,False
bank_dwh,dim_interest_rate_plan,dimension,deposits,23,launch_date,DATE,True,Synthetic launch date attribute for interest rate plan.,synthetic_extension,False
bank_dwh,dim_interest_rate_plan,dimension,deposits,24,retirement_date,DATE,True,Synthetic retirement date attribute for interest rate plan.,synthetic_extension,False
bank_dwh,dim_interest_rate_plan,dimension,deposits,25,eligibility_code,VARCHAR(50),True,Synthetic eligibility code attribute for interest rate plan.,synthetic_extension,False
bank_dwh,dim_interest_rate_plan,dimension,deposits,26,customer_segment_code,VARCHAR(50),True,Synthetic customer segment code attribute for interest rate plan.,synthetic_extension,False
bank_dwh,dim_interest_rate_plan,dimension,deposits,27,minimum_amount,"NUMERIC(20,4)",True,Synthetic minimum amount attribute for interest rate plan.,synthetic_extension,False
bank_dwh,dim_interest_rate_plan,dimension,deposits,28,maximum_amount,"NUMERIC(20,4)",True,Synthetic maximum amount attribute for interest rate plan.,synthetic_extension,False
bank_dwh,dim_interest_rate_plan,dimension,deposits,29,minimum_term_months_count,BIGINT,True,Synthetic minimum term months count attribute for interest rate plan.,synthetic_extension,False
bank_dwh,dim_interest_rate_plan,dimension,deposits,30,maximum_term_months_count,BIGINT,True,Synthetic maximum term months count attribute for interest rate plan.,synthetic_extension,False
bank_dwh,dim_interest_rate_plan,dimension,deposits,31,standard_term_months_count,BIGINT,True,Synthetic standard term months count attribute for interest rate plan.,synthetic_extension,False
bank_dwh,dim_interest_rate_plan,dimension,deposits,32,base_currency_code,VARCHAR(50),True,Synthetic base currency code attribute for interest rate plan.,synthetic_extension,False
bank_dwh,dim_interest_rate_plan,dimension,deposits,33,rate_type_code,VARCHAR(50),True,Synthetic rate type code attribute for interest rate plan.,synthetic_extension,False
bank_dwh,dim_interest_rate_plan,dimension,deposits,34,standard_rate,"NUMERIC(14,8)",True,Synthetic standard rate attribute for interest rate plan.,synthetic_extension,False
bank_dwh,dim_interest_rate_plan,dimension,deposits,35,benchmark_code,VARCHAR(50),True,Synthetic benchmark code attribute for interest rate plan.,synthetic_extension,False
bank_dwh,dim_interest_rate_plan,dimension,deposits,36,spread_rate,"NUMERIC(14,8)",True,Synthetic spread rate attribute for interest rate plan.,synthetic_extension,False
bank_dwh,dim_interest_rate_plan,dimension,deposits,37,repricing_frequency_code,VARCHAR(50),True,Synthetic repricing frequency code attribute for interest rate plan.,synthetic_extension,False
bank_dwh,dim_interest_rate_plan,dimension,deposits,38,compounding_method_code,VARCHAR(50),True,Synthetic compounding method code attribute for interest rate plan.,synthetic_extension,False
bank_dwh,dim_interest_rate_plan,dimension,deposits,39,payment_frequency_code,VARCHAR(50),True,Synthetic payment frequency code attribute for interest rate plan.,synthetic_extension,False
bank_dwh,dim_interest_rate_plan,dimension,deposits,40,settlement_cycle_code,VARCHAR(50),True,Synthetic settlement cycle code attribute for interest rate plan.,synthetic_extension,False
bank_dwh,dim_interest_rate_plan,dimension,deposits,41,fee_schedule_code,VARCHAR(50),True,Synthetic fee schedule code attribute for interest rate plan.,synthetic_extension,False
bank_dwh,dim_interest_rate_plan,dimension,deposits,42,penalty_policy_code,VARCHAR(50),True,Synthetic penalty policy code attribute for interest rate plan.,synthetic_extension,False
bank_dwh,dim_interest_rate_plan,dimension,deposits,43,renewal_option_code,VARCHAR(50),True,Synthetic renewal option code attribute for interest rate plan.,synthetic_extension,False
bank_dwh,dim_interest_rate_plan,dimension,deposits,44,early_termination_code,VARCHAR(50),True,Synthetic early termination code attribute for interest rate plan.,synthetic_extension,False
bank_dwh,dim_interest_rate_plan,dimension,deposits,45,tax_treatment_code,VARCHAR(50),True,Synthetic tax treatment code attribute for interest rate plan.,synthetic_extension,False
bank_dwh,dim_account_status,dimension,deposits,1,account_status_key,BIGINT,False,Synthetic surrogate key for dim_account_status.,structural,True
bank_dwh,dim_account_status,dimension,deposits,2,business_id,VARCHAR(100),False,Business id for this account status member.,structural,False
bank_dwh,dim_account_status,dimension,deposits,3,business_code,VARCHAR(50),True,Business code for this account status member.,structural,False
bank_dwh,dim_account_status,dimension,deposits,4,display_name,VARCHAR(200),True,Display name for this account status member.,structural,False
bank_dwh,dim_account_status,dimension,deposits,5,description,VARCHAR(120),True,Description for this account status member.,structural,False
bank_dwh,dim_account_status,dimension,deposits,6,effective_from_date,DATE,False,Effective from date for this account status member.,structural,False
bank_dwh,dim_account_status,dimension,deposits,7,effective_to_date,DATE,True,Effective to date for this account status member.,structural,False
bank_dwh,dim_account_status,dimension,deposits,8,is_current,BOOLEAN,False,Is current for this account status member.,structural,False
bank_dwh,dim_account_status,dimension,deposits,9,is_active,BOOLEAN,True,Is active for this account status member.,structural,False
bank_dwh,dim_account_status,dimension,deposits,10,source_system_code,VARCHAR(50),True,Source system code for this account status member.,structural,False
bank_dwh,dim_account_status,dimension,deposits,11,source_record_id,VARCHAR(100),True,Source record id for this account status member.,structural,False
bank_dwh,dim_account_status,dimension,deposits,12,ingested_at,TIMESTAMPTZ,True,Ingested at for this account status member.,structural,False
bank_dwh,dim_account_status,dimension,deposits,13,updated_at,TIMESTAMPTZ,True,Updated at for this account status member.,structural,False
bank_dwh,dim_account_status,dimension,deposits,14,record_hash,VARCHAR(100),True,Record hash for this account status member.,structural,False
bank_dwh,dim_account_status,dimension,deposits,15,data_quality_status_code,VARCHAR(50),True,Data quality status code for this account status member.,structural,False
bank_dwh,dim_account_status,dimension,deposits,16,data_owner_code,VARCHAR(50),True,Data owner code for this account status member.,structural,False
bank_dwh,dim_account_status,dimension,deposits,17,version_number,BIGINT,True,Version number for this account status member.,structural,False
bank_dwh,dim_account_status,dimension,deposits,18,account_number_hash,VARCHAR(100),True,Synthetic account number hash attribute for account status.,synthetic_extension,False
bank_dwh,dim_account_status,dimension,deposits,19,account_type_code,VARCHAR(50),True,Synthetic account type code attribute for account status.,synthetic_extension,False
bank_dwh,dim_account_status,dimension,deposits,20,account_subtype_code,VARCHAR(50),True,Synthetic account subtype code attribute for account status.,synthetic_extension,False
bank_dwh,dim_account_status,dimension,deposits,21,account_status_code,VARCHAR(50),True,Synthetic account status code attribute for account status.,synthetic_extension,False
bank_dwh,dim_account_status,dimension,deposits,22,status_reason_code,VARCHAR(50),True,Synthetic status reason code attribute for account status.,synthetic_extension,False
bank_dwh,dim_account_status,dimension,deposits,23,opened_date,DATE,True,Synthetic opened date attribute for account status.,synthetic_extension,False
bank_dwh,dim_account_status,dimension,deposits,24,closed_date,DATE,True,Synthetic closed date attribute for account status.,synthetic_extension,False
bank_dwh,dim_account_status,dimension,deposits,25,dormant_since_date,DATE,True,Synthetic dormant since date attribute for account status.,synthetic_extension,False
bank_dwh,dim_account_status,dimension,deposits,26,ownership_type_code,VARCHAR(50),True,Synthetic ownership type code attribute for account status.,synthetic_extension,False
bank_dwh,dim_account_status,dimension,deposits,27,signatory_count,BIGINT,True,Synthetic signatory count attribute for account status.,synthetic_extension,False
bank_dwh,dim_account_status,dimension,deposits,28,primary_holder_id,VARCHAR(100),True,Synthetic primary holder id attribute for account status.,synthetic_extension,False
bank_dwh,dim_account_status,dimension,deposits,29,servicing_branch_code,VARCHAR(50),True,Synthetic servicing branch code attribute for account status.,synthetic_extension,False
bank_dwh,dim_account_status,dimension,deposits,30,product_code,VARCHAR(50),True,Synthetic product code attribute for account status.,synthetic_extension,False
bank_dwh,dim_account_status,dimension,deposits,31,currency_code,VARCHAR(50),True,Synthetic currency code attribute for account status.,synthetic_extension,False
bank_dwh,dim_account_status,dimension,deposits,32,overdraft_limit_amount,"NUMERIC(20,4)",True,Synthetic overdraft limit amount attribute for account status.,synthetic_extension,False
bank_dwh,dim_account_status,dimension,deposits,33,minimum_balance_amount,"NUMERIC(20,4)",True,Synthetic minimum balance amount attribute for account status.,synthetic_extension,False
bank_dwh,dim_account_status,dimension,deposits,34,available_limit_amount,"NUMERIC(20,4)",True,Synthetic available limit amount attribute for account status.,synthetic_extension,False
bank_dwh,dim_account_status,dimension,deposits,35,statement_frequency_code,VARCHAR(50),True,Synthetic statement frequency code attribute for account status.,synthetic_extension,False
bank_dwh,dim_account_relationship,dimension,deposits,1,account_relationship_key,BIGINT,False,Synthetic surrogate key for dim_account_relationship.,structural,True
bank_dwh,dim_account_relationship,dimension,deposits,2,business_id,VARCHAR(100),False,Business id for this account relationship member.,structural,False
bank_dwh,dim_account_relationship,dimension,deposits,3,business_code,VARCHAR(50),True,Business code for this account relationship member.,structural,False
bank_dwh,dim_account_relationship,dimension,deposits,4,display_name,VARCHAR(200),True,Display name for this account relationship member.,structural,False
bank_dwh,dim_account_relationship,dimension,deposits,5,description,VARCHAR(120),True,Description for this account relationship member.,structural,False
bank_dwh,dim_account_relationship,dimension,deposits,6,effective_from_date,DATE,False,Effective from date for this account relationship member.,structural,False
bank_dwh,dim_account_relationship,dimension,deposits,7,effective_to_date,DATE,True,Effective to date for this account relationship member.,structural,False
bank_dwh,dim_account_relationship,dimension,deposits,8,is_current,BOOLEAN,False,Is current for this account relationship member.,structural,False
bank_dwh,dim_account_relationship,dimension,deposits,9,is_active,BOOLEAN,True,Is active for this account relationship member.,structural,False
bank_dwh,dim_account_relationship,dimension,deposits,10,source_system_code,VARCHAR(50),True,Source system code for this account relationship member.,structural,False
bank_dwh,dim_account_relationship,dimension,deposits,11,source_record_id,VARCHAR(100),True,Source record id for this account relationship member.,structural,False
bank_dwh,dim_account_relationship,dimension,deposits,12,ingested_at,TIMESTAMPTZ,True,Ingested at for this account relationship member.,structural,False
bank_dwh,dim_account_relationship,dimension,deposits,13,updated_at,TIMESTAMPTZ,True,Updated at for this account relationship member.,structural,False
bank_dwh,dim_account_relationship,dimension,deposits,14,record_hash,VARCHAR(100),True,Record hash for this account relationship member.,structural,False
bank_dwh,dim_account_relationship,dimension,deposits,15,data_quality_status_code,VARCHAR(50),True,Data quality status code for this account relationship member.,structural,False
bank_dwh,dim_account_relationship,dimension,deposits,16,data_owner_code,VARCHAR(50),True,Data owner code for this account relationship member.,structural,False
bank_dwh,dim_account_relationship,dimension,deposits,17,version_number,BIGINT,True,Version number for this account relationship member.,structural,False
bank_dwh,dim_account_relationship,dimension,deposits,18,account_number_hash,VARCHAR(100),True,Synthetic account number hash attribute for account relationship.,synthetic_extension,False
bank_dwh,dim_account_relationship,dimension,deposits,19,account_type_code,VARCHAR(50),True,Synthetic account type code attribute for account relationship.,synthetic_extension,False
bank_dwh,dim_account_relationship,dimension,deposits,20,account_subtype_code,VARCHAR(50),True,Synthetic account subtype code attribute for account relationship.,synthetic_extension,False
bank_dwh,dim_account_relationship,dimension,deposits,21,account_status_code,VARCHAR(50),True,Synthetic account status code attribute for account relationship.,synthetic_extension,False
bank_dwh,dim_account_relationship,dimension,deposits,22,status_reason_code,VARCHAR(50),True,Synthetic status reason code attribute for account relationship.,synthetic_extension,False
bank_dwh,dim_account_relationship,dimension,deposits,23,opened_date,DATE,True,Synthetic opened date attribute for account relationship.,synthetic_extension,False
bank_dwh,dim_account_relationship,dimension,deposits,24,closed_date,DATE,True,Synthetic closed date attribute for account relationship.,synthetic_extension,False
bank_dwh,dim_account_relationship,dimension,deposits,25,dormant_since_date,DATE,True,Synthetic dormant since date attribute for account relationship.,synthetic_extension,False
bank_dwh,dim_account_relationship,dimension,deposits,26,ownership_type_code,VARCHAR(50),True,Synthetic ownership type code attribute for account relationship.,synthetic_extension,False
bank_dwh,dim_account_relationship,dimension,deposits,27,signatory_count,BIGINT,True,Synthetic signatory count attribute for account relationship.,synthetic_extension,False
bank_dwh,dim_account_relationship,dimension,deposits,28,primary_holder_id,VARCHAR(100),True,Synthetic primary holder id attribute for account relationship.,synthetic_extension,False
bank_dwh,dim_account_relationship,dimension,deposits,29,servicing_branch_code,VARCHAR(50),True,Synthetic servicing branch code attribute for account relationship.,synthetic_extension,False
bank_dwh,dim_account_relationship,dimension,deposits,30,product_code,VARCHAR(50),True,Synthetic product code attribute for account relationship.,synthetic_extension,False
bank_dwh,dim_account_relationship,dimension,deposits,31,currency_code,VARCHAR(50),True,Synthetic currency code attribute for account relationship.,synthetic_extension,False
bank_dwh,dim_account_relationship,dimension,deposits,32,overdraft_limit_amount,"NUMERIC(20,4)",True,Synthetic overdraft limit amount attribute for account relationship.,synthetic_extension,False
bank_dwh,dim_account_relationship,dimension,deposits,33,minimum_balance_amount,"NUMERIC(20,4)",True,Synthetic minimum balance amount attribute for account relationship.,synthetic_extension,False
bank_dwh,dim_account_relationship,dimension,deposits,34,available_limit_amount,"NUMERIC(20,4)",True,Synthetic available limit amount attribute for account relationship.,synthetic_extension,False
bank_dwh,dim_account_relationship,dimension,deposits,35,statement_frequency_code,VARCHAR(50),True,Synthetic statement frequency code attribute for account relationship.,synthetic_extension,False
bank_dwh,dim_account_relationship,dimension,deposits,36,interest_plan_code,VARCHAR(50),True,Synthetic interest plan code attribute for account relationship.,synthetic_extension,False
bank_dwh,dim_account_relationship,dimension,deposits,37,fee_plan_code,VARCHAR(50),True,Synthetic fee plan code attribute for account relationship.,synthetic_extension,False
bank_dwh,dim_account_relationship,dimension,deposits,38,tax_treatment_code,VARCHAR(50),True,Synthetic tax treatment code attribute for account relationship.,synthetic_extension,False
bank_dwh,dim_account_relationship,dimension,deposits,39,statement_delivery_code,VARCHAR(50),True,Synthetic statement delivery code attribute for account relationship.,synthetic_extension,False
bank_dwh,dim_account_relationship,dimension,deposits,40,account_purpose_code,VARCHAR(50),True,Synthetic account purpose code attribute for account relationship.,synthetic_extension,False
bank_dwh,dim_account_relationship,dimension,deposits,41,freeze_status_code,VARCHAR(50),True,Synthetic freeze status code attribute for account relationship.,synthetic_extension,False
bank_dwh,dim_account_relationship,dimension,deposits,42,lien_status_code,VARCHAR(50),True,Synthetic lien status code attribute for account relationship.,synthetic_extension,False
bank_dwh,dim_account_relationship,dimension,deposits,43,payment_restriction_code,VARCHAR(50),True,Synthetic payment restriction code attribute for account relationship.,synthetic_extension,False
bank_dwh,dim_account_relationship,dimension,deposits,44,is_joint_account,BOOLEAN,True,Synthetic is joint account attribute for account relationship.,synthetic_extension,False
bank_dwh,dim_account_relationship,dimension,deposits,45,is_dormant,BOOLEAN,True,Synthetic is dormant attribute for account relationship.,synthetic_extension,False
bank_dwh,dim_loan_product,dimension,lending,1,loan_product_key,BIGINT,False,Synthetic surrogate key for dim_loan_product.,structural,True
bank_dwh,dim_loan_product,dimension,lending,2,business_id,VARCHAR(100),False,Business id for this loan product member.,structural,False
bank_dwh,dim_loan_product,dimension,lending,3,business_code,VARCHAR(50),True,Business code for this loan product member.,structural,False
bank_dwh,dim_loan_product,dimension,lending,4,display_name,VARCHAR(200),True,Display name for this loan product member.,structural,False
bank_dwh,dim_loan_product,dimension,lending,5,description,VARCHAR(120),True,Description for this loan product member.,structural,False
bank_dwh,dim_loan_product,dimension,lending,6,effective_from_date,DATE,False,Effective from date for this loan product member.,structural,False
bank_dwh,dim_loan_product,dimension,lending,7,effective_to_date,DATE,True,Effective to date for this loan product member.,structural,False
bank_dwh,dim_loan_product,dimension,lending,8,is_current,BOOLEAN,False,Is current for this loan product member.,structural,False
bank_dwh,dim_loan_product,dimension,lending,9,is_active,BOOLEAN,True,Is active for this loan product member.,structural,False
bank_dwh,dim_loan_product,dimension,lending,10,source_system_code,VARCHAR(50),True,Source system code for this loan product member.,structural,False
bank_dwh,dim_loan_product,dimension,lending,11,source_record_id,VARCHAR(100),True,Source record id for this loan product member.,structural,False
bank_dwh,dim_loan_product,dimension,lending,12,ingested_at,TIMESTAMPTZ,True,Ingested at for this loan product member.,structural,False
bank_dwh,dim_loan_product,dimension,lending,13,updated_at,TIMESTAMPTZ,True,Updated at for this loan product member.,structural,False
bank_dwh,dim_loan_product,dimension,lending,14,record_hash,VARCHAR(100),True,Record hash for this loan product member.,structural,False
bank_dwh,dim_loan_product,dimension,lending,15,data_quality_status_code,VARCHAR(50),True,Data quality status code for this loan product member.,structural,False
bank_dwh,dim_loan_product,dimension,lending,16,data_owner_code,VARCHAR(50),True,Data owner code for this loan product member.,structural,False
bank_dwh,dim_loan_product,dimension,lending,17,version_number,BIGINT,True,Version number for this loan product member.,structural,False
bank_dwh,dim_loan_product,dimension,lending,18,product_family_code,VARCHAR(50),True,Synthetic product family code attribute for loan product.,synthetic_extension,False
bank_dwh,dim_loan_product,dimension,lending,19,product_category_code,VARCHAR(50),True,Synthetic product category code attribute for loan product.,synthetic_extension,False
bank_dwh,dim_loan_product,dimension,lending,20,product_subcategory_code,VARCHAR(50),True,Synthetic product subcategory code attribute for loan product.,synthetic_extension,False
bank_dwh,dim_loan_product,dimension,lending,21,product_type_code,VARCHAR(50),True,Synthetic product type code attribute for loan product.,synthetic_extension,False
bank_dwh,dim_loan_product,dimension,lending,22,offering_status_code,VARCHAR(50),True,Synthetic offering status code attribute for loan product.,synthetic_extension,False
bank_dwh,dim_loan_product,dimension,lending,23,launch_date,DATE,True,Synthetic launch date attribute for loan product.,synthetic_extension,False
bank_dwh,dim_loan_product,dimension,lending,24,retirement_date,DATE,True,Synthetic retirement date attribute for loan product.,synthetic_extension,False
bank_dwh,dim_loan_product,dimension,lending,25,eligibility_code,VARCHAR(50),True,Synthetic eligibility code attribute for loan product.,synthetic_extension,False
bank_dwh,dim_loan_product,dimension,lending,26,customer_segment_code,VARCHAR(50),True,Synthetic customer segment code attribute for loan product.,synthetic_extension,False
bank_dwh,dim_loan_product,dimension,lending,27,minimum_amount,"NUMERIC(20,4)",True,Synthetic minimum amount attribute for loan product.,synthetic_extension,False
bank_dwh,dim_loan_product,dimension,lending,28,maximum_amount,"NUMERIC(20,4)",True,Synthetic maximum amount attribute for loan product.,synthetic_extension,False
bank_dwh,dim_loan_product,dimension,lending,29,minimum_term_months_count,BIGINT,True,Synthetic minimum term months count attribute for loan product.,synthetic_extension,False
bank_dwh,dim_loan_product,dimension,lending,30,maximum_term_months_count,BIGINT,True,Synthetic maximum term months count attribute for loan product.,synthetic_extension,False
bank_dwh,dim_loan_product,dimension,lending,31,standard_term_months_count,BIGINT,True,Synthetic standard term months count attribute for loan product.,synthetic_extension,False
bank_dwh,dim_loan_product,dimension,lending,32,base_currency_code,VARCHAR(50),True,Synthetic base currency code attribute for loan product.,synthetic_extension,False
bank_dwh,dim_loan_product,dimension,lending,33,rate_type_code,VARCHAR(50),True,Synthetic rate type code attribute for loan product.,synthetic_extension,False
bank_dwh,dim_loan_product,dimension,lending,34,standard_rate,"NUMERIC(14,8)",True,Synthetic standard rate attribute for loan product.,synthetic_extension,False
bank_dwh,dim_loan_product,dimension,lending,35,benchmark_code,VARCHAR(50),True,Synthetic benchmark code attribute for loan product.,synthetic_extension,False
bank_dwh,dim_loan_product,dimension,lending,36,spread_rate,"NUMERIC(14,8)",True,Synthetic spread rate attribute for loan product.,synthetic_extension,False
bank_dwh,dim_loan_product,dimension,lending,37,repricing_frequency_code,VARCHAR(50),True,Synthetic repricing frequency code attribute for loan product.,synthetic_extension,False
bank_dwh,dim_loan_product,dimension,lending,38,compounding_method_code,VARCHAR(50),True,Synthetic compounding method code attribute for loan product.,synthetic_extension,False
bank_dwh,dim_loan_product,dimension,lending,39,payment_frequency_code,VARCHAR(50),True,Synthetic payment frequency code attribute for loan product.,synthetic_extension,False
bank_dwh,dim_loan_product,dimension,lending,40,settlement_cycle_code,VARCHAR(50),True,Synthetic settlement cycle code attribute for loan product.,synthetic_extension,False
bank_dwh,dim_loan_product,dimension,lending,41,fee_schedule_code,VARCHAR(50),True,Synthetic fee schedule code attribute for loan product.,synthetic_extension,False
bank_dwh,dim_loan_product,dimension,lending,42,penalty_policy_code,VARCHAR(50),True,Synthetic penalty policy code attribute for loan product.,synthetic_extension,False
bank_dwh,dim_loan_product,dimension,lending,43,renewal_option_code,VARCHAR(50),True,Synthetic renewal option code attribute for loan product.,synthetic_extension,False
bank_dwh,dim_loan_product,dimension,lending,44,early_termination_code,VARCHAR(50),True,Synthetic early termination code attribute for loan product.,synthetic_extension,False
bank_dwh,dim_loan_product,dimension,lending,45,tax_treatment_code,VARCHAR(50),True,Synthetic tax treatment code attribute for loan product.,synthetic_extension,False
bank_dwh,dim_loan_product,dimension,lending,46,regulatory_product_code,VARCHAR(50),True,Synthetic regulatory product code attribute for loan product.,synthetic_extension,False
bank_dwh,dim_loan_product,dimension,lending,47,accounting_product_code,VARCHAR(50),True,Synthetic accounting product code attribute for loan product.,synthetic_extension,False
bank_dwh,dim_loan_product,dimension,lending,48,collateral_requirement_code,VARCHAR(50),True,Synthetic collateral requirement code attribute for loan product.,synthetic_extension,False
bank_dwh,dim_loan_product,dimension,lending,49,risk_weight_code,VARCHAR(50),True,Synthetic risk weight code attribute for loan product.,synthetic_extension,False
bank_dwh,dim_loan_product,dimension,lending,50,approval_date,DATE,True,Synthetic approval date attribute for loan product.,synthetic_extension,False
bank_dwh,dim_loan_product,dimension,lending,51,effective_date,DATE,True,Synthetic effective date attribute for loan product.,synthetic_extension,False
bank_dwh,dim_loan_product,dimension,lending,52,expiry_date,DATE,True,Synthetic expiry date attribute for loan product.,synthetic_extension,False
bank_dwh,dim_loan_product,dimension,lending,53,is_secured,BOOLEAN,True,Synthetic is secured attribute for loan product.,synthetic_extension,False
bank_dwh,dim_loan_product,dimension,lending,54,is_revolving,BOOLEAN,True,Synthetic is revolving attribute for loan product.,synthetic_extension,False
bank_dwh,dim_loan_product,dimension,lending,55,is_renewable,BOOLEAN,True,Synthetic is renewable attribute for loan product.,synthetic_extension,False
bank_dwh,dim_loan_product,dimension,lending,56,is_promotional,BOOLEAN,True,Synthetic is promotional attribute for loan product.,synthetic_extension,False
bank_dwh,dim_loan_product,dimension,lending,57,source_priority_code,VARCHAR(50),True,Synthetic source priority code attribute for loan product.,synthetic_extension,False
bank_dwh,dim_loan_product,dimension,lending,58,loan_product_classification_code,VARCHAR(50),True,Synthetic loan product classification code.,synthetic_extension,False
bank_dwh,dim_loan_product,dimension,lending,59,loan_product_status_code,VARCHAR(50),True,Synthetic loan product status code.,synthetic_extension,False
bank_dwh,dim_loan_product,dimension,lending,60,loan_product_risk_band_code,VARCHAR(50),True,Synthetic loan product risk band code.,synthetic_extension,False
bank_dwh,dim_loan_product,dimension,lending,61,loan_product_segment_code,VARCHAR(50),True,Synthetic loan product segment code.,synthetic_extension,False
bank_dwh,dim_loan_product,dimension,lending,62,loan_product_family_code,VARCHAR(50),True,Synthetic loan product family code.,synthetic_extension,False
bank_dwh,dim_loan_purpose,dimension,lending,1,loan_purpose_key,BIGINT,False,Synthetic surrogate key for dim_loan_purpose.,structural,True
bank_dwh,dim_loan_purpose,dimension,lending,2,business_id,VARCHAR(100),False,Business id for this loan purpose member.,structural,False
bank_dwh,dim_loan_purpose,dimension,lending,3,business_code,VARCHAR(50),True,Business code for this loan purpose member.,structural,False
bank_dwh,dim_loan_purpose,dimension,lending,4,display_name,VARCHAR(200),True,Display name for this loan purpose member.,structural,False
bank_dwh,dim_loan_purpose,dimension,lending,5,description,VARCHAR(120),True,Description for this loan purpose member.,structural,False
bank_dwh,dim_loan_purpose,dimension,lending,6,effective_from_date,DATE,False,Effective from date for this loan purpose member.,structural,False
bank_dwh,dim_loan_purpose,dimension,lending,7,effective_to_date,DATE,True,Effective to date for this loan purpose member.,structural,False
bank_dwh,dim_loan_purpose,dimension,lending,8,is_current,BOOLEAN,False,Is current for this loan purpose member.,structural,False
bank_dwh,dim_loan_purpose,dimension,lending,9,is_active,BOOLEAN,True,Is active for this loan purpose member.,structural,False
bank_dwh,dim_loan_purpose,dimension,lending,10,source_system_code,VARCHAR(50),True,Source system code for this loan purpose member.,structural,False
bank_dwh,dim_loan_purpose,dimension,lending,11,source_record_id,VARCHAR(100),True,Source record id for this loan purpose member.,structural,False
bank_dwh,dim_loan_purpose,dimension,lending,12,ingested_at,TIMESTAMPTZ,True,Ingested at for this loan purpose member.,structural,False
bank_dwh,dim_loan_purpose,dimension,lending,13,updated_at,TIMESTAMPTZ,True,Updated at for this loan purpose member.,structural,False
bank_dwh,dim_loan_purpose,dimension,lending,14,record_hash,VARCHAR(100),True,Record hash for this loan purpose member.,structural,False
bank_dwh,dim_loan_purpose,dimension,lending,15,data_quality_status_code,VARCHAR(50),True,Data quality status code for this loan purpose member.,structural,False
bank_dwh,dim_loan_purpose,dimension,lending,16,data_owner_code,VARCHAR(50),True,Data owner code for this loan purpose member.,structural,False
bank_dwh,dim_loan_purpose,dimension,lending,17,version_number,BIGINT,True,Version number for this loan purpose member.,structural,False
bank_dwh,dim_loan_purpose,dimension,lending,18,product_family_code,VARCHAR(50),True,Synthetic product family code attribute for loan purpose.,synthetic_extension,False
bank_dwh,dim_loan_purpose,dimension,lending,19,product_category_code,VARCHAR(50),True,Synthetic product category code attribute for loan purpose.,synthetic_extension,False
bank_dwh,dim_loan_purpose,dimension,lending,20,product_subcategory_code,VARCHAR(50),True,Synthetic product subcategory code attribute for loan purpose.,synthetic_extension,False
bank_dwh,dim_loan_purpose,dimension,lending,21,product_type_code,VARCHAR(50),True,Synthetic product type code attribute for loan purpose.,synthetic_extension,False
bank_dwh,dim_loan_purpose,dimension,lending,22,offering_status_code,VARCHAR(50),True,Synthetic offering status code attribute for loan purpose.,synthetic_extension,False
bank_dwh,dim_loan_purpose,dimension,lending,23,launch_date,DATE,True,Synthetic launch date attribute for loan purpose.,synthetic_extension,False
bank_dwh,dim_loan_purpose,dimension,lending,24,retirement_date,DATE,True,Synthetic retirement date attribute for loan purpose.,synthetic_extension,False
bank_dwh,dim_loan_purpose,dimension,lending,25,eligibility_code,VARCHAR(50),True,Synthetic eligibility code attribute for loan purpose.,synthetic_extension,False
bank_dwh,dim_loan_purpose,dimension,lending,26,customer_segment_code,VARCHAR(50),True,Synthetic customer segment code attribute for loan purpose.,synthetic_extension,False
bank_dwh,dim_loan_purpose,dimension,lending,27,minimum_amount,"NUMERIC(20,4)",True,Synthetic minimum amount attribute for loan purpose.,synthetic_extension,False
bank_dwh,dim_loan_purpose,dimension,lending,28,maximum_amount,"NUMERIC(20,4)",True,Synthetic maximum amount attribute for loan purpose.,synthetic_extension,False
bank_dwh,dim_loan_purpose,dimension,lending,29,minimum_term_months_count,BIGINT,True,Synthetic minimum term months count attribute for loan purpose.,synthetic_extension,False
bank_dwh,dim_loan_purpose,dimension,lending,30,maximum_term_months_count,BIGINT,True,Synthetic maximum term months count attribute for loan purpose.,synthetic_extension,False
bank_dwh,dim_loan_purpose,dimension,lending,31,standard_term_months_count,BIGINT,True,Synthetic standard term months count attribute for loan purpose.,synthetic_extension,False
bank_dwh,dim_loan_purpose,dimension,lending,32,base_currency_code,VARCHAR(50),True,Synthetic base currency code attribute for loan purpose.,synthetic_extension,False
bank_dwh,dim_loan_purpose,dimension,lending,33,rate_type_code,VARCHAR(50),True,Synthetic rate type code attribute for loan purpose.,synthetic_extension,False
bank_dwh,dim_loan_purpose,dimension,lending,34,standard_rate,"NUMERIC(14,8)",True,Synthetic standard rate attribute for loan purpose.,synthetic_extension,False
bank_dwh,dim_loan_purpose,dimension,lending,35,benchmark_code,VARCHAR(50),True,Synthetic benchmark code attribute for loan purpose.,synthetic_extension,False
bank_dwh,dim_collateral_type,dimension,lending,1,collateral_type_key,BIGINT,False,Synthetic surrogate key for dim_collateral_type.,structural,True
bank_dwh,dim_collateral_type,dimension,lending,2,business_id,VARCHAR(100),False,Business id for this collateral type member.,structural,False
bank_dwh,dim_collateral_type,dimension,lending,3,business_code,VARCHAR(50),True,Business code for this collateral type member.,structural,False
bank_dwh,dim_collateral_type,dimension,lending,4,display_name,VARCHAR(200),True,Display name for this collateral type member.,structural,False
bank_dwh,dim_collateral_type,dimension,lending,5,description,VARCHAR(120),True,Description for this collateral type member.,structural,False
bank_dwh,dim_collateral_type,dimension,lending,6,effective_from_date,DATE,False,Effective from date for this collateral type member.,structural,False
bank_dwh,dim_collateral_type,dimension,lending,7,effective_to_date,DATE,True,Effective to date for this collateral type member.,structural,False
bank_dwh,dim_collateral_type,dimension,lending,8,is_current,BOOLEAN,False,Is current for this collateral type member.,structural,False
bank_dwh,dim_collateral_type,dimension,lending,9,is_active,BOOLEAN,True,Is active for this collateral type member.,structural,False
bank_dwh,dim_collateral_type,dimension,lending,10,source_system_code,VARCHAR(50),True,Source system code for this collateral type member.,structural,False
bank_dwh,dim_collateral_type,dimension,lending,11,source_record_id,VARCHAR(100),True,Source record id for this collateral type member.,structural,False
bank_dwh,dim_collateral_type,dimension,lending,12,ingested_at,TIMESTAMPTZ,True,Ingested at for this collateral type member.,structural,False
bank_dwh,dim_collateral_type,dimension,lending,13,updated_at,TIMESTAMPTZ,True,Updated at for this collateral type member.,structural,False
bank_dwh,dim_collateral_type,dimension,lending,14,record_hash,VARCHAR(100),True,Record hash for this collateral type member.,structural,False
bank_dwh,dim_collateral_type,dimension,lending,15,data_quality_status_code,VARCHAR(50),True,Data quality status code for this collateral type member.,structural,False
bank_dwh,dim_collateral_type,dimension,lending,16,data_owner_code,VARCHAR(50),True,Data owner code for this collateral type member.,structural,False
bank_dwh,dim_collateral_type,dimension,lending,17,version_number,BIGINT,True,Version number for this collateral type member.,structural,False
bank_dwh,dim_collateral_type,dimension,lending,18,rule_code,VARCHAR(50),True,Synthetic rule code attribute for collateral type.,synthetic_extension,False
bank_dwh,dim_collateral_type,dimension,lending,19,rule_family_code,VARCHAR(50),True,Synthetic rule family code attribute for collateral type.,synthetic_extension,False
bank_dwh,dim_collateral_type,dimension,lending,20,rule_category_code,VARCHAR(50),True,Synthetic rule category code attribute for collateral type.,synthetic_extension,False
bank_dwh,dim_collateral_type,dimension,lending,21,scenario_code,VARCHAR(50),True,Synthetic scenario code attribute for collateral type.,synthetic_extension,False
bank_dwh,dim_collateral_type,dimension,lending,22,risk_type_code,VARCHAR(50),True,Synthetic risk type code attribute for collateral type.,synthetic_extension,False
bank_dwh,dim_collateral_type,dimension,lending,23,risk_subtype_code,VARCHAR(50),True,Synthetic risk subtype code attribute for collateral type.,synthetic_extension,False
bank_dwh,dim_collateral_type,dimension,lending,24,risk_band_code,VARCHAR(50),True,Synthetic risk band code attribute for collateral type.,synthetic_extension,False
bank_dwh,dim_collateral_type,dimension,lending,25,severity_code,VARCHAR(50),True,Synthetic severity code attribute for collateral type.,synthetic_extension,False
bank_dwh,dim_collateral_type,dimension,lending,26,regulatory_basis_code,VARCHAR(50),True,Synthetic regulatory basis code attribute for collateral type.,synthetic_extension,False
bank_dwh,dim_collateral_type,dimension,lending,27,reporting_framework_code,VARCHAR(50),True,Synthetic reporting framework code attribute for collateral type.,synthetic_extension,False
bank_dwh,dim_collateral_type,dimension,lending,28,report_frequency_code,VARCHAR(50),True,Synthetic report frequency code attribute for collateral type.,synthetic_extension,False
bank_dwh,dim_collateral_type,dimension,lending,29,model_version_code,VARCHAR(50),True,Synthetic model version code attribute for collateral type.,synthetic_extension,False
bank_dwh,dim_collateral_type,dimension,lending,30,scorecard_code,VARCHAR(50),True,Synthetic scorecard code attribute for collateral type.,synthetic_extension,False
bank_dwh,dim_collateral_type,dimension,lending,31,threshold_amount,"NUMERIC(20,4)",True,Synthetic threshold amount attribute for collateral type.,synthetic_extension,False
bank_dwh,dim_collateral_type,dimension,lending,32,threshold_rate,"NUMERIC(14,8)",True,Synthetic threshold rate attribute for collateral type.,synthetic_extension,False
bank_dwh,dim_collateral_type,dimension,lending,33,minimum_score_value,VARCHAR(120),True,Synthetic minimum score value attribute for collateral type.,synthetic_extension,False
bank_dwh,dim_collateral_type,dimension,lending,34,maximum_score_value,VARCHAR(120),True,Synthetic maximum score value attribute for collateral type.,synthetic_extension,False
bank_dwh,dim_collateral_type,dimension,lending,35,review_frequency_code,VARCHAR(50),True,Synthetic review frequency code attribute for collateral type.,synthetic_extension,False
bank_dwh,dim_credit_rating,dimension,lending,1,credit_rating_key,BIGINT,False,Synthetic surrogate key for dim_credit_rating.,structural,True
bank_dwh,dim_credit_rating,dimension,lending,2,business_id,VARCHAR(100),False,Business id for this credit rating member.,structural,False
bank_dwh,dim_credit_rating,dimension,lending,3,business_code,VARCHAR(50),True,Business code for this credit rating member.,structural,False
bank_dwh,dim_credit_rating,dimension,lending,4,display_name,VARCHAR(200),True,Display name for this credit rating member.,structural,False
bank_dwh,dim_credit_rating,dimension,lending,5,description,VARCHAR(120),True,Description for this credit rating member.,structural,False
bank_dwh,dim_credit_rating,dimension,lending,6,effective_from_date,DATE,False,Effective from date for this credit rating member.,structural,False
bank_dwh,dim_credit_rating,dimension,lending,7,effective_to_date,DATE,True,Effective to date for this credit rating member.,structural,False
bank_dwh,dim_credit_rating,dimension,lending,8,is_current,BOOLEAN,False,Is current for this credit rating member.,structural,False
bank_dwh,dim_credit_rating,dimension,lending,9,is_active,BOOLEAN,True,Is active for this credit rating member.,structural,False
bank_dwh,dim_credit_rating,dimension,lending,10,source_system_code,VARCHAR(50),True,Source system code for this credit rating member.,structural,False
bank_dwh,dim_credit_rating,dimension,lending,11,source_record_id,VARCHAR(100),True,Source record id for this credit rating member.,structural,False
bank_dwh,dim_credit_rating,dimension,lending,12,ingested_at,TIMESTAMPTZ,True,Ingested at for this credit rating member.,structural,False
bank_dwh,dim_credit_rating,dimension,lending,13,updated_at,TIMESTAMPTZ,True,Updated at for this credit rating member.,structural,False
bank_dwh,dim_credit_rating,dimension,lending,14,record_hash,VARCHAR(100),True,Record hash for this credit rating member.,structural,False
bank_dwh,dim_credit_rating,dimension,lending,15,data_quality_status_code,VARCHAR(50),True,Data quality status code for this credit rating member.,structural,False
bank_dwh,dim_credit_rating,dimension,lending,16,data_owner_code,VARCHAR(50),True,Data owner code for this credit rating member.,structural,False
bank_dwh,dim_credit_rating,dimension,lending,17,version_number,BIGINT,True,Version number for this credit rating member.,structural,False
bank_dwh,dim_credit_rating,dimension,lending,18,rule_code,VARCHAR(50),True,Synthetic rule code attribute for credit rating.,synthetic_extension,False
bank_dwh,dim_credit_rating,dimension,lending,19,rule_family_code,VARCHAR(50),True,Synthetic rule family code attribute for credit rating.,synthetic_extension,False
bank_dwh,dim_credit_rating,dimension,lending,20,rule_category_code,VARCHAR(50),True,Synthetic rule category code attribute for credit rating.,synthetic_extension,False
bank_dwh,dim_credit_rating,dimension,lending,21,scenario_code,VARCHAR(50),True,Synthetic scenario code attribute for credit rating.,synthetic_extension,False
bank_dwh,dim_credit_rating,dimension,lending,22,risk_type_code,VARCHAR(50),True,Synthetic risk type code attribute for credit rating.,synthetic_extension,False
bank_dwh,dim_credit_rating,dimension,lending,23,risk_subtype_code,VARCHAR(50),True,Synthetic risk subtype code attribute for credit rating.,synthetic_extension,False
bank_dwh,dim_credit_rating,dimension,lending,24,risk_band_code,VARCHAR(50),True,Synthetic risk band code attribute for credit rating.,synthetic_extension,False
bank_dwh,dim_credit_rating,dimension,lending,25,severity_code,VARCHAR(50),True,Synthetic severity code attribute for credit rating.,synthetic_extension,False
bank_dwh,dim_credit_rating,dimension,lending,26,regulatory_basis_code,VARCHAR(50),True,Synthetic regulatory basis code attribute for credit rating.,synthetic_extension,False
bank_dwh,dim_credit_rating,dimension,lending,27,reporting_framework_code,VARCHAR(50),True,Synthetic reporting framework code attribute for credit rating.,synthetic_extension,False
bank_dwh,dim_credit_rating,dimension,lending,28,report_frequency_code,VARCHAR(50),True,Synthetic report frequency code attribute for credit rating.,synthetic_extension,False
bank_dwh,dim_credit_rating,dimension,lending,29,model_version_code,VARCHAR(50),True,Synthetic model version code attribute for credit rating.,synthetic_extension,False
bank_dwh,dim_credit_rating,dimension,lending,30,scorecard_code,VARCHAR(50),True,Synthetic scorecard code attribute for credit rating.,synthetic_extension,False
bank_dwh,dim_credit_rating,dimension,lending,31,threshold_amount,"NUMERIC(20,4)",True,Synthetic threshold amount attribute for credit rating.,synthetic_extension,False
bank_dwh,dim_credit_rating,dimension,lending,32,threshold_rate,"NUMERIC(14,8)",True,Synthetic threshold rate attribute for credit rating.,synthetic_extension,False
bank_dwh,dim_credit_rating,dimension,lending,33,minimum_score_value,VARCHAR(120),True,Synthetic minimum score value attribute for credit rating.,synthetic_extension,False
bank_dwh,dim_credit_rating,dimension,lending,34,maximum_score_value,VARCHAR(120),True,Synthetic maximum score value attribute for credit rating.,synthetic_extension,False
bank_dwh,dim_credit_rating,dimension,lending,35,review_frequency_code,VARCHAR(50),True,Synthetic review frequency code attribute for credit rating.,synthetic_extension,False
bank_dwh,dim_delinquency_band,dimension,lending,1,delinquency_band_key,BIGINT,False,Synthetic surrogate key for dim_delinquency_band.,structural,True
bank_dwh,dim_delinquency_band,dimension,lending,2,business_id,VARCHAR(100),False,Business id for this delinquency band member.,structural,False
bank_dwh,dim_delinquency_band,dimension,lending,3,business_code,VARCHAR(50),True,Business code for this delinquency band member.,structural,False
bank_dwh,dim_delinquency_band,dimension,lending,4,display_name,VARCHAR(200),True,Display name for this delinquency band member.,structural,False
bank_dwh,dim_delinquency_band,dimension,lending,5,description,VARCHAR(120),True,Description for this delinquency band member.,structural,False
bank_dwh,dim_delinquency_band,dimension,lending,6,effective_from_date,DATE,False,Effective from date for this delinquency band member.,structural,False
bank_dwh,dim_delinquency_band,dimension,lending,7,effective_to_date,DATE,True,Effective to date for this delinquency band member.,structural,False
bank_dwh,dim_delinquency_band,dimension,lending,8,is_current,BOOLEAN,False,Is current for this delinquency band member.,structural,False
bank_dwh,dim_delinquency_band,dimension,lending,9,is_active,BOOLEAN,True,Is active for this delinquency band member.,structural,False
bank_dwh,dim_delinquency_band,dimension,lending,10,source_system_code,VARCHAR(50),True,Source system code for this delinquency band member.,structural,False
bank_dwh,dim_delinquency_band,dimension,lending,11,source_record_id,VARCHAR(100),True,Source record id for this delinquency band member.,structural,False
bank_dwh,dim_delinquency_band,dimension,lending,12,ingested_at,TIMESTAMPTZ,True,Ingested at for this delinquency band member.,structural,False
bank_dwh,dim_delinquency_band,dimension,lending,13,updated_at,TIMESTAMPTZ,True,Updated at for this delinquency band member.,structural,False
bank_dwh,dim_delinquency_band,dimension,lending,14,record_hash,VARCHAR(100),True,Record hash for this delinquency band member.,structural,False
bank_dwh,dim_delinquency_band,dimension,lending,15,data_quality_status_code,VARCHAR(50),True,Data quality status code for this delinquency band member.,structural,False
bank_dwh,dim_delinquency_band,dimension,lending,16,data_owner_code,VARCHAR(50),True,Data owner code for this delinquency band member.,structural,False
bank_dwh,dim_delinquency_band,dimension,lending,17,version_number,BIGINT,True,Version number for this delinquency band member.,structural,False
bank_dwh,dim_delinquency_band,dimension,lending,18,rule_code,VARCHAR(50),True,Synthetic rule code attribute for delinquency band.,synthetic_extension,False
bank_dwh,dim_delinquency_band,dimension,lending,19,rule_family_code,VARCHAR(50),True,Synthetic rule family code attribute for delinquency band.,synthetic_extension,False
bank_dwh,dim_delinquency_band,dimension,lending,20,rule_category_code,VARCHAR(50),True,Synthetic rule category code attribute for delinquency band.,synthetic_extension,False
bank_dwh,dim_delinquency_band,dimension,lending,21,scenario_code,VARCHAR(50),True,Synthetic scenario code attribute for delinquency band.,synthetic_extension,False
bank_dwh,dim_delinquency_band,dimension,lending,22,risk_type_code,VARCHAR(50),True,Synthetic risk type code attribute for delinquency band.,synthetic_extension,False
bank_dwh,dim_delinquency_band,dimension,lending,23,risk_subtype_code,VARCHAR(50),True,Synthetic risk subtype code attribute for delinquency band.,synthetic_extension,False
bank_dwh,dim_delinquency_band,dimension,lending,24,risk_band_code,VARCHAR(50),True,Synthetic risk band code attribute for delinquency band.,synthetic_extension,False
bank_dwh,dim_delinquency_band,dimension,lending,25,severity_code,VARCHAR(50),True,Synthetic severity code attribute for delinquency band.,synthetic_extension,False
bank_dwh,dim_delinquency_band,dimension,lending,26,regulatory_basis_code,VARCHAR(50),True,Synthetic regulatory basis code attribute for delinquency band.,synthetic_extension,False
bank_dwh,dim_delinquency_band,dimension,lending,27,reporting_framework_code,VARCHAR(50),True,Synthetic reporting framework code attribute for delinquency band.,synthetic_extension,False
bank_dwh,dim_delinquency_band,dimension,lending,28,report_frequency_code,VARCHAR(50),True,Synthetic report frequency code attribute for delinquency band.,synthetic_extension,False
bank_dwh,dim_delinquency_band,dimension,lending,29,model_version_code,VARCHAR(50),True,Synthetic model version code attribute for delinquency band.,synthetic_extension,False
bank_dwh,dim_delinquency_band,dimension,lending,30,scorecard_code,VARCHAR(50),True,Synthetic scorecard code attribute for delinquency band.,synthetic_extension,False
bank_dwh,dim_delinquency_band,dimension,lending,31,threshold_amount,"NUMERIC(20,4)",True,Synthetic threshold amount attribute for delinquency band.,synthetic_extension,False
bank_dwh,dim_delinquency_band,dimension,lending,32,threshold_rate,"NUMERIC(14,8)",True,Synthetic threshold rate attribute for delinquency band.,synthetic_extension,False
bank_dwh,dim_delinquency_band,dimension,lending,33,minimum_score_value,VARCHAR(120),True,Synthetic minimum score value attribute for delinquency band.,synthetic_extension,False
bank_dwh,dim_delinquency_band,dimension,lending,34,maximum_score_value,VARCHAR(120),True,Synthetic maximum score value attribute for delinquency band.,synthetic_extension,False
bank_dwh,dim_delinquency_band,dimension,lending,35,review_frequency_code,VARCHAR(50),True,Synthetic review frequency code attribute for delinquency band.,synthetic_extension,False
bank_dwh,dim_repayment_plan,dimension,lending,1,repayment_plan_key,BIGINT,False,Synthetic surrogate key for dim_repayment_plan.,structural,True
bank_dwh,dim_repayment_plan,dimension,lending,2,business_id,VARCHAR(100),False,Business id for this repayment plan member.,structural,False
bank_dwh,dim_repayment_plan,dimension,lending,3,business_code,VARCHAR(50),True,Business code for this repayment plan member.,structural,False
bank_dwh,dim_repayment_plan,dimension,lending,4,display_name,VARCHAR(200),True,Display name for this repayment plan member.,structural,False
bank_dwh,dim_repayment_plan,dimension,lending,5,description,VARCHAR(120),True,Description for this repayment plan member.,structural,False
bank_dwh,dim_repayment_plan,dimension,lending,6,effective_from_date,DATE,False,Effective from date for this repayment plan member.,structural,False
bank_dwh,dim_repayment_plan,dimension,lending,7,effective_to_date,DATE,True,Effective to date for this repayment plan member.,structural,False
bank_dwh,dim_repayment_plan,dimension,lending,8,is_current,BOOLEAN,False,Is current for this repayment plan member.,structural,False
bank_dwh,dim_repayment_plan,dimension,lending,9,is_active,BOOLEAN,True,Is active for this repayment plan member.,structural,False
bank_dwh,dim_repayment_plan,dimension,lending,10,source_system_code,VARCHAR(50),True,Source system code for this repayment plan member.,structural,False
bank_dwh,dim_repayment_plan,dimension,lending,11,source_record_id,VARCHAR(100),True,Source record id for this repayment plan member.,structural,False
bank_dwh,dim_repayment_plan,dimension,lending,12,ingested_at,TIMESTAMPTZ,True,Ingested at for this repayment plan member.,structural,False
bank_dwh,dim_repayment_plan,dimension,lending,13,updated_at,TIMESTAMPTZ,True,Updated at for this repayment plan member.,structural,False
bank_dwh,dim_repayment_plan,dimension,lending,14,record_hash,VARCHAR(100),True,Record hash for this repayment plan member.,structural,False
bank_dwh,dim_repayment_plan,dimension,lending,15,data_quality_status_code,VARCHAR(50),True,Data quality status code for this repayment plan member.,structural,False
bank_dwh,dim_repayment_plan,dimension,lending,16,data_owner_code,VARCHAR(50),True,Data owner code for this repayment plan member.,structural,False
bank_dwh,dim_repayment_plan,dimension,lending,17,version_number,BIGINT,True,Version number for this repayment plan member.,structural,False
bank_dwh,dim_repayment_plan,dimension,lending,18,product_family_code,VARCHAR(50),True,Synthetic product family code attribute for repayment plan.,synthetic_extension,False
bank_dwh,dim_repayment_plan,dimension,lending,19,product_category_code,VARCHAR(50),True,Synthetic product category code attribute for repayment plan.,synthetic_extension,False
bank_dwh,dim_repayment_plan,dimension,lending,20,product_subcategory_code,VARCHAR(50),True,Synthetic product subcategory code attribute for repayment plan.,synthetic_extension,False
bank_dwh,dim_repayment_plan,dimension,lending,21,product_type_code,VARCHAR(50),True,Synthetic product type code attribute for repayment plan.,synthetic_extension,False
bank_dwh,dim_repayment_plan,dimension,lending,22,offering_status_code,VARCHAR(50),True,Synthetic offering status code attribute for repayment plan.,synthetic_extension,False
bank_dwh,dim_repayment_plan,dimension,lending,23,launch_date,DATE,True,Synthetic launch date attribute for repayment plan.,synthetic_extension,False
bank_dwh,dim_repayment_plan,dimension,lending,24,retirement_date,DATE,True,Synthetic retirement date attribute for repayment plan.,synthetic_extension,False
bank_dwh,dim_repayment_plan,dimension,lending,25,eligibility_code,VARCHAR(50),True,Synthetic eligibility code attribute for repayment plan.,synthetic_extension,False
bank_dwh,dim_repayment_plan,dimension,lending,26,customer_segment_code,VARCHAR(50),True,Synthetic customer segment code attribute for repayment plan.,synthetic_extension,False
bank_dwh,dim_repayment_plan,dimension,lending,27,minimum_amount,"NUMERIC(20,4)",True,Synthetic minimum amount attribute for repayment plan.,synthetic_extension,False
bank_dwh,dim_repayment_plan,dimension,lending,28,maximum_amount,"NUMERIC(20,4)",True,Synthetic maximum amount attribute for repayment plan.,synthetic_extension,False
bank_dwh,dim_repayment_plan,dimension,lending,29,minimum_term_months_count,BIGINT,True,Synthetic minimum term months count attribute for repayment plan.,synthetic_extension,False
bank_dwh,dim_repayment_plan,dimension,lending,30,maximum_term_months_count,BIGINT,True,Synthetic maximum term months count attribute for repayment plan.,synthetic_extension,False
bank_dwh,dim_repayment_plan,dimension,lending,31,standard_term_months_count,BIGINT,True,Synthetic standard term months count attribute for repayment plan.,synthetic_extension,False
bank_dwh,dim_repayment_plan,dimension,lending,32,base_currency_code,VARCHAR(50),True,Synthetic base currency code attribute for repayment plan.,synthetic_extension,False
bank_dwh,dim_repayment_plan,dimension,lending,33,rate_type_code,VARCHAR(50),True,Synthetic rate type code attribute for repayment plan.,synthetic_extension,False
bank_dwh,dim_repayment_plan,dimension,lending,34,standard_rate,"NUMERIC(14,8)",True,Synthetic standard rate attribute for repayment plan.,synthetic_extension,False
bank_dwh,dim_repayment_plan,dimension,lending,35,benchmark_code,VARCHAR(50),True,Synthetic benchmark code attribute for repayment plan.,synthetic_extension,False
bank_dwh,dim_repayment_plan,dimension,lending,36,spread_rate,"NUMERIC(14,8)",True,Synthetic spread rate attribute for repayment plan.,synthetic_extension,False
bank_dwh,dim_repayment_plan,dimension,lending,37,repricing_frequency_code,VARCHAR(50),True,Synthetic repricing frequency code attribute for repayment plan.,synthetic_extension,False
bank_dwh,dim_repayment_plan,dimension,lending,38,compounding_method_code,VARCHAR(50),True,Synthetic compounding method code attribute for repayment plan.,synthetic_extension,False
bank_dwh,dim_repayment_plan,dimension,lending,39,payment_frequency_code,VARCHAR(50),True,Synthetic payment frequency code attribute for repayment plan.,synthetic_extension,False
bank_dwh,dim_repayment_plan,dimension,lending,40,settlement_cycle_code,VARCHAR(50),True,Synthetic settlement cycle code attribute for repayment plan.,synthetic_extension,False
bank_dwh,dim_repayment_plan,dimension,lending,41,fee_schedule_code,VARCHAR(50),True,Synthetic fee schedule code attribute for repayment plan.,synthetic_extension,False
bank_dwh,dim_repayment_plan,dimension,lending,42,penalty_policy_code,VARCHAR(50),True,Synthetic penalty policy code attribute for repayment plan.,synthetic_extension,False
bank_dwh,dim_repayment_plan,dimension,lending,43,renewal_option_code,VARCHAR(50),True,Synthetic renewal option code attribute for repayment plan.,synthetic_extension,False
bank_dwh,dim_repayment_plan,dimension,lending,44,early_termination_code,VARCHAR(50),True,Synthetic early termination code attribute for repayment plan.,synthetic_extension,False
bank_dwh,dim_repayment_plan,dimension,lending,45,tax_treatment_code,VARCHAR(50),True,Synthetic tax treatment code attribute for repayment plan.,synthetic_extension,False
bank_dwh,dim_facility_type,dimension,lending,1,facility_type_key,BIGINT,False,Synthetic surrogate key for dim_facility_type.,structural,True
bank_dwh,dim_facility_type,dimension,lending,2,business_id,VARCHAR(100),False,Business id for this facility type member.,structural,False
bank_dwh,dim_facility_type,dimension,lending,3,business_code,VARCHAR(50),True,Business code for this facility type member.,structural,False
bank_dwh,dim_facility_type,dimension,lending,4,display_name,VARCHAR(200),True,Display name for this facility type member.,structural,False
bank_dwh,dim_facility_type,dimension,lending,5,description,VARCHAR(120),True,Description for this facility type member.,structural,False
bank_dwh,dim_facility_type,dimension,lending,6,effective_from_date,DATE,False,Effective from date for this facility type member.,structural,False
bank_dwh,dim_facility_type,dimension,lending,7,effective_to_date,DATE,True,Effective to date for this facility type member.,structural,False
bank_dwh,dim_facility_type,dimension,lending,8,is_current,BOOLEAN,False,Is current for this facility type member.,structural,False
bank_dwh,dim_facility_type,dimension,lending,9,is_active,BOOLEAN,True,Is active for this facility type member.,structural,False
bank_dwh,dim_facility_type,dimension,lending,10,source_system_code,VARCHAR(50),True,Source system code for this facility type member.,structural,False
bank_dwh,dim_facility_type,dimension,lending,11,source_record_id,VARCHAR(100),True,Source record id for this facility type member.,structural,False
bank_dwh,dim_facility_type,dimension,lending,12,ingested_at,TIMESTAMPTZ,True,Ingested at for this facility type member.,structural,False
bank_dwh,dim_facility_type,dimension,lending,13,updated_at,TIMESTAMPTZ,True,Updated at for this facility type member.,structural,False
bank_dwh,dim_facility_type,dimension,lending,14,record_hash,VARCHAR(100),True,Record hash for this facility type member.,structural,False
bank_dwh,dim_facility_type,dimension,lending,15,data_quality_status_code,VARCHAR(50),True,Data quality status code for this facility type member.,structural,False
bank_dwh,dim_facility_type,dimension,lending,16,data_owner_code,VARCHAR(50),True,Data owner code for this facility type member.,structural,False
bank_dwh,dim_facility_type,dimension,lending,17,version_number,BIGINT,True,Version number for this facility type member.,structural,False
bank_dwh,dim_facility_type,dimension,lending,18,product_family_code,VARCHAR(50),True,Synthetic product family code attribute for facility type.,synthetic_extension,False
bank_dwh,dim_facility_type,dimension,lending,19,product_category_code,VARCHAR(50),True,Synthetic product category code attribute for facility type.,synthetic_extension,False
bank_dwh,dim_facility_type,dimension,lending,20,product_subcategory_code,VARCHAR(50),True,Synthetic product subcategory code attribute for facility type.,synthetic_extension,False
bank_dwh,dim_facility_type,dimension,lending,21,product_type_code,VARCHAR(50),True,Synthetic product type code attribute for facility type.,synthetic_extension,False
bank_dwh,dim_facility_type,dimension,lending,22,offering_status_code,VARCHAR(50),True,Synthetic offering status code attribute for facility type.,synthetic_extension,False
bank_dwh,dim_facility_type,dimension,lending,23,launch_date,DATE,True,Synthetic launch date attribute for facility type.,synthetic_extension,False
bank_dwh,dim_facility_type,dimension,lending,24,retirement_date,DATE,True,Synthetic retirement date attribute for facility type.,synthetic_extension,False
bank_dwh,dim_facility_type,dimension,lending,25,eligibility_code,VARCHAR(50),True,Synthetic eligibility code attribute for facility type.,synthetic_extension,False
bank_dwh,dim_facility_type,dimension,lending,26,customer_segment_code,VARCHAR(50),True,Synthetic customer segment code attribute for facility type.,synthetic_extension,False
bank_dwh,dim_facility_type,dimension,lending,27,minimum_amount,"NUMERIC(20,4)",True,Synthetic minimum amount attribute for facility type.,synthetic_extension,False
bank_dwh,dim_facility_type,dimension,lending,28,maximum_amount,"NUMERIC(20,4)",True,Synthetic maximum amount attribute for facility type.,synthetic_extension,False
bank_dwh,dim_facility_type,dimension,lending,29,minimum_term_months_count,BIGINT,True,Synthetic minimum term months count attribute for facility type.,synthetic_extension,False
bank_dwh,dim_facility_type,dimension,lending,30,maximum_term_months_count,BIGINT,True,Synthetic maximum term months count attribute for facility type.,synthetic_extension,False
bank_dwh,dim_facility_type,dimension,lending,31,standard_term_months_count,BIGINT,True,Synthetic standard term months count attribute for facility type.,synthetic_extension,False
bank_dwh,dim_facility_type,dimension,lending,32,base_currency_code,VARCHAR(50),True,Synthetic base currency code attribute for facility type.,synthetic_extension,False
bank_dwh,dim_facility_type,dimension,lending,33,rate_type_code,VARCHAR(50),True,Synthetic rate type code attribute for facility type.,synthetic_extension,False
bank_dwh,dim_facility_type,dimension,lending,34,standard_rate,"NUMERIC(14,8)",True,Synthetic standard rate attribute for facility type.,synthetic_extension,False
bank_dwh,dim_facility_type,dimension,lending,35,benchmark_code,VARCHAR(50),True,Synthetic benchmark code attribute for facility type.,synthetic_extension,False
bank_dwh,dim_payment_type,dimension,payments_cards,1,payment_type_key,BIGINT,False,Synthetic surrogate key for dim_payment_type.,structural,True
bank_dwh,dim_payment_type,dimension,payments_cards,2,business_id,VARCHAR(100),False,Business id for this payment type member.,structural,False
bank_dwh,dim_payment_type,dimension,payments_cards,3,business_code,VARCHAR(50),True,Business code for this payment type member.,structural,False
bank_dwh,dim_payment_type,dimension,payments_cards,4,display_name,VARCHAR(200),True,Display name for this payment type member.,structural,False
bank_dwh,dim_payment_type,dimension,payments_cards,5,description,VARCHAR(120),True,Description for this payment type member.,structural,False
bank_dwh,dim_payment_type,dimension,payments_cards,6,effective_from_date,DATE,False,Effective from date for this payment type member.,structural,False
bank_dwh,dim_payment_type,dimension,payments_cards,7,effective_to_date,DATE,True,Effective to date for this payment type member.,structural,False
bank_dwh,dim_payment_type,dimension,payments_cards,8,is_current,BOOLEAN,False,Is current for this payment type member.,structural,False
bank_dwh,dim_payment_type,dimension,payments_cards,9,is_active,BOOLEAN,True,Is active for this payment type member.,structural,False
bank_dwh,dim_payment_type,dimension,payments_cards,10,source_system_code,VARCHAR(50),True,Source system code for this payment type member.,structural,False
bank_dwh,dim_payment_type,dimension,payments_cards,11,source_record_id,VARCHAR(100),True,Source record id for this payment type member.,structural,False
bank_dwh,dim_payment_type,dimension,payments_cards,12,ingested_at,TIMESTAMPTZ,True,Ingested at for this payment type member.,structural,False
bank_dwh,dim_payment_type,dimension,payments_cards,13,updated_at,TIMESTAMPTZ,True,Updated at for this payment type member.,structural,False
bank_dwh,dim_payment_type,dimension,payments_cards,14,record_hash,VARCHAR(100),True,Record hash for this payment type member.,structural,False
bank_dwh,dim_payment_type,dimension,payments_cards,15,data_quality_status_code,VARCHAR(50),True,Data quality status code for this payment type member.,structural,False
bank_dwh,dim_payment_type,dimension,payments_cards,16,data_owner_code,VARCHAR(50),True,Data owner code for this payment type member.,structural,False
bank_dwh,dim_payment_type,dimension,payments_cards,17,version_number,BIGINT,True,Version number for this payment type member.,structural,False
bank_dwh,dim_payment_type,dimension,payments_cards,18,product_family_code,VARCHAR(50),True,Synthetic product family code attribute for payment type.,synthetic_extension,False
bank_dwh,dim_payment_type,dimension,payments_cards,19,product_category_code,VARCHAR(50),True,Synthetic product category code attribute for payment type.,synthetic_extension,False
bank_dwh,dim_payment_type,dimension,payments_cards,20,product_subcategory_code,VARCHAR(50),True,Synthetic product subcategory code attribute for payment type.,synthetic_extension,False
bank_dwh,dim_payment_type,dimension,payments_cards,21,product_type_code,VARCHAR(50),True,Synthetic product type code attribute for payment type.,synthetic_extension,False
bank_dwh,dim_payment_type,dimension,payments_cards,22,offering_status_code,VARCHAR(50),True,Synthetic offering status code attribute for payment type.,synthetic_extension,False
bank_dwh,dim_payment_type,dimension,payments_cards,23,launch_date,DATE,True,Synthetic launch date attribute for payment type.,synthetic_extension,False
bank_dwh,dim_payment_type,dimension,payments_cards,24,retirement_date,DATE,True,Synthetic retirement date attribute for payment type.,synthetic_extension,False
bank_dwh,dim_payment_type,dimension,payments_cards,25,eligibility_code,VARCHAR(50),True,Synthetic eligibility code attribute for payment type.,synthetic_extension,False
bank_dwh,dim_payment_type,dimension,payments_cards,26,customer_segment_code,VARCHAR(50),True,Synthetic customer segment code attribute for payment type.,synthetic_extension,False
bank_dwh,dim_payment_type,dimension,payments_cards,27,minimum_amount,"NUMERIC(20,4)",True,Synthetic minimum amount attribute for payment type.,synthetic_extension,False
bank_dwh,dim_payment_type,dimension,payments_cards,28,maximum_amount,"NUMERIC(20,4)",True,Synthetic maximum amount attribute for payment type.,synthetic_extension,False
bank_dwh,dim_payment_type,dimension,payments_cards,29,minimum_term_months_count,BIGINT,True,Synthetic minimum term months count attribute for payment type.,synthetic_extension,False
bank_dwh,dim_payment_type,dimension,payments_cards,30,maximum_term_months_count,BIGINT,True,Synthetic maximum term months count attribute for payment type.,synthetic_extension,False
bank_dwh,dim_payment_type,dimension,payments_cards,31,standard_term_months_count,BIGINT,True,Synthetic standard term months count attribute for payment type.,synthetic_extension,False
bank_dwh,dim_payment_type,dimension,payments_cards,32,base_currency_code,VARCHAR(50),True,Synthetic base currency code attribute for payment type.,synthetic_extension,False
bank_dwh,dim_payment_type,dimension,payments_cards,33,rate_type_code,VARCHAR(50),True,Synthetic rate type code attribute for payment type.,synthetic_extension,False
bank_dwh,dim_payment_type,dimension,payments_cards,34,standard_rate,"NUMERIC(14,8)",True,Synthetic standard rate attribute for payment type.,synthetic_extension,False
bank_dwh,dim_payment_type,dimension,payments_cards,35,benchmark_code,VARCHAR(50),True,Synthetic benchmark code attribute for payment type.,synthetic_extension,False
bank_dwh,dim_payment_network,dimension,payments_cards,1,payment_network_key,BIGINT,False,Synthetic surrogate key for dim_payment_network.,structural,True
bank_dwh,dim_payment_network,dimension,payments_cards,2,business_id,VARCHAR(100),False,Business id for this payment network member.,structural,False
bank_dwh,dim_payment_network,dimension,payments_cards,3,business_code,VARCHAR(50),True,Business code for this payment network member.,structural,False
bank_dwh,dim_payment_network,dimension,payments_cards,4,display_name,VARCHAR(200),True,Display name for this payment network member.,structural,False
bank_dwh,dim_payment_network,dimension,payments_cards,5,description,VARCHAR(120),True,Description for this payment network member.,structural,False
bank_dwh,dim_payment_network,dimension,payments_cards,6,effective_from_date,DATE,False,Effective from date for this payment network member.,structural,False
bank_dwh,dim_payment_network,dimension,payments_cards,7,effective_to_date,DATE,True,Effective to date for this payment network member.,structural,False
bank_dwh,dim_payment_network,dimension,payments_cards,8,is_current,BOOLEAN,False,Is current for this payment network member.,structural,False
bank_dwh,dim_payment_network,dimension,payments_cards,9,is_active,BOOLEAN,True,Is active for this payment network member.,structural,False
bank_dwh,dim_payment_network,dimension,payments_cards,10,source_system_code,VARCHAR(50),True,Source system code for this payment network member.,structural,False
bank_dwh,dim_payment_network,dimension,payments_cards,11,source_record_id,VARCHAR(100),True,Source record id for this payment network member.,structural,False
bank_dwh,dim_payment_network,dimension,payments_cards,12,ingested_at,TIMESTAMPTZ,True,Ingested at for this payment network member.,structural,False
bank_dwh,dim_payment_network,dimension,payments_cards,13,updated_at,TIMESTAMPTZ,True,Updated at for this payment network member.,structural,False
bank_dwh,dim_payment_network,dimension,payments_cards,14,record_hash,VARCHAR(100),True,Record hash for this payment network member.,structural,False
bank_dwh,dim_payment_network,dimension,payments_cards,15,data_quality_status_code,VARCHAR(50),True,Data quality status code for this payment network member.,structural,False
bank_dwh,dim_payment_network,dimension,payments_cards,16,data_owner_code,VARCHAR(50),True,Data owner code for this payment network member.,structural,False
bank_dwh,dim_payment_network,dimension,payments_cards,17,version_number,BIGINT,True,Version number for this payment network member.,structural,False
bank_dwh,dim_payment_network,dimension,payments_cards,18,product_family_code,VARCHAR(50),True,Synthetic product family code attribute for payment network.,synthetic_extension,False
bank_dwh,dim_payment_network,dimension,payments_cards,19,product_category_code,VARCHAR(50),True,Synthetic product category code attribute for payment network.,synthetic_extension,False
bank_dwh,dim_payment_network,dimension,payments_cards,20,product_subcategory_code,VARCHAR(50),True,Synthetic product subcategory code attribute for payment network.,synthetic_extension,False
bank_dwh,dim_payment_network,dimension,payments_cards,21,product_type_code,VARCHAR(50),True,Synthetic product type code attribute for payment network.,synthetic_extension,False
bank_dwh,dim_payment_network,dimension,payments_cards,22,offering_status_code,VARCHAR(50),True,Synthetic offering status code attribute for payment network.,synthetic_extension,False
bank_dwh,dim_payment_network,dimension,payments_cards,23,launch_date,DATE,True,Synthetic launch date attribute for payment network.,synthetic_extension,False
bank_dwh,dim_payment_network,dimension,payments_cards,24,retirement_date,DATE,True,Synthetic retirement date attribute for payment network.,synthetic_extension,False
bank_dwh,dim_payment_network,dimension,payments_cards,25,eligibility_code,VARCHAR(50),True,Synthetic eligibility code attribute for payment network.,synthetic_extension,False
bank_dwh,dim_payment_network,dimension,payments_cards,26,customer_segment_code,VARCHAR(50),True,Synthetic customer segment code attribute for payment network.,synthetic_extension,False
bank_dwh,dim_payment_network,dimension,payments_cards,27,minimum_amount,"NUMERIC(20,4)",True,Synthetic minimum amount attribute for payment network.,synthetic_extension,False
bank_dwh,dim_payment_network,dimension,payments_cards,28,maximum_amount,"NUMERIC(20,4)",True,Synthetic maximum amount attribute for payment network.,synthetic_extension,False
bank_dwh,dim_payment_network,dimension,payments_cards,29,minimum_term_months_count,BIGINT,True,Synthetic minimum term months count attribute for payment network.,synthetic_extension,False
bank_dwh,dim_payment_network,dimension,payments_cards,30,maximum_term_months_count,BIGINT,True,Synthetic maximum term months count attribute for payment network.,synthetic_extension,False
bank_dwh,dim_payment_network,dimension,payments_cards,31,standard_term_months_count,BIGINT,True,Synthetic standard term months count attribute for payment network.,synthetic_extension,False
bank_dwh,dim_payment_network,dimension,payments_cards,32,base_currency_code,VARCHAR(50),True,Synthetic base currency code attribute for payment network.,synthetic_extension,False
bank_dwh,dim_payment_network,dimension,payments_cards,33,rate_type_code,VARCHAR(50),True,Synthetic rate type code attribute for payment network.,synthetic_extension,False
bank_dwh,dim_payment_network,dimension,payments_cards,34,standard_rate,"NUMERIC(14,8)",True,Synthetic standard rate attribute for payment network.,synthetic_extension,False
bank_dwh,dim_payment_network,dimension,payments_cards,35,benchmark_code,VARCHAR(50),True,Synthetic benchmark code attribute for payment network.,synthetic_extension,False
bank_dwh,dim_merchant,dimension,payments_cards,1,merchant_key,BIGINT,False,Synthetic surrogate key for dim_merchant.,structural,True
bank_dwh,dim_merchant,dimension,payments_cards,2,business_id,VARCHAR(100),False,Business id for this merchant member.,structural,False
bank_dwh,dim_merchant,dimension,payments_cards,3,business_code,VARCHAR(50),True,Business code for this merchant member.,structural,False
bank_dwh,dim_merchant,dimension,payments_cards,4,display_name,VARCHAR(200),True,Display name for this merchant member.,structural,False
bank_dwh,dim_merchant,dimension,payments_cards,5,description,VARCHAR(120),True,Description for this merchant member.,structural,False
bank_dwh,dim_merchant,dimension,payments_cards,6,effective_from_date,DATE,False,Effective from date for this merchant member.,structural,False
bank_dwh,dim_merchant,dimension,payments_cards,7,effective_to_date,DATE,True,Effective to date for this merchant member.,structural,False
bank_dwh,dim_merchant,dimension,payments_cards,8,is_current,BOOLEAN,False,Is current for this merchant member.,structural,False
bank_dwh,dim_merchant,dimension,payments_cards,9,is_active,BOOLEAN,True,Is active for this merchant member.,structural,False
bank_dwh,dim_merchant,dimension,payments_cards,10,source_system_code,VARCHAR(50),True,Source system code for this merchant member.,structural,False
bank_dwh,dim_merchant,dimension,payments_cards,11,source_record_id,VARCHAR(100),True,Source record id for this merchant member.,structural,False
bank_dwh,dim_merchant,dimension,payments_cards,12,ingested_at,TIMESTAMPTZ,True,Ingested at for this merchant member.,structural,False
bank_dwh,dim_merchant,dimension,payments_cards,13,updated_at,TIMESTAMPTZ,True,Updated at for this merchant member.,structural,False
bank_dwh,dim_merchant,dimension,payments_cards,14,record_hash,VARCHAR(100),True,Record hash for this merchant member.,structural,False
bank_dwh,dim_merchant,dimension,payments_cards,15,data_quality_status_code,VARCHAR(50),True,Data quality status code for this merchant member.,structural,False
bank_dwh,dim_merchant,dimension,payments_cards,16,data_owner_code,VARCHAR(50),True,Data owner code for this merchant member.,structural,False
bank_dwh,dim_merchant,dimension,payments_cards,17,version_number,BIGINT,True,Version number for this merchant member.,structural,False
bank_dwh,dim_merchant,dimension,payments_cards,18,merchant_legal_name,VARCHAR(200),True,Synthetic merchant legal name attribute for merchant.,synthetic_extension,False
bank_dwh,dim_merchant,dimension,payments_cards,19,merchant_display_name,VARCHAR(200),True,Synthetic merchant display name attribute for merchant.,synthetic_extension,False
bank_dwh,dim_merchant,dimension,payments_cards,20,merchant_category_code,VARCHAR(50),True,Synthetic merchant category code attribute for merchant.,synthetic_extension,False
bank_dwh,dim_merchant,dimension,payments_cards,21,merchant_segment_code,VARCHAR(50),True,Synthetic merchant segment code attribute for merchant.,synthetic_extension,False
bank_dwh,dim_merchant,dimension,payments_cards,22,acquiring_bank_code,VARCHAR(50),True,Synthetic acquiring bank code attribute for merchant.,synthetic_extension,False
bank_dwh,dim_merchant,dimension,payments_cards,23,settlement_account_id,VARCHAR(100),True,Synthetic settlement account id attribute for merchant.,synthetic_extension,False
bank_dwh,dim_merchant,dimension,payments_cards,24,settlement_currency_code,VARCHAR(50),True,Synthetic settlement currency code attribute for merchant.,synthetic_extension,False
bank_dwh,dim_merchant,dimension,payments_cards,25,country_code,VARCHAR(50),True,Synthetic country code attribute for merchant.,synthetic_extension,False
bank_dwh,dim_merchant,dimension,payments_cards,26,city_name,VARCHAR(200),True,Synthetic city name attribute for merchant.,synthetic_extension,False
bank_dwh,dim_merchant,dimension,payments_cards,27,postal_code,VARCHAR(50),True,Synthetic postal code attribute for merchant.,synthetic_extension,False
bank_dwh,dim_merchant,dimension,payments_cards,28,industry_code,VARCHAR(50),True,Synthetic industry code attribute for merchant.,synthetic_extension,False
bank_dwh,dim_merchant,dimension,payments_cards,29,ownership_type_code,VARCHAR(50),True,Synthetic ownership type code attribute for merchant.,synthetic_extension,False
bank_dwh,dim_merchant,dimension,payments_cards,30,onboarding_date,DATE,True,Synthetic onboarding date attribute for merchant.,synthetic_extension,False
bank_dwh,dim_merchant,dimension,payments_cards,31,activation_date,DATE,True,Synthetic activation date attribute for merchant.,synthetic_extension,False
bank_dwh,dim_merchant,dimension,payments_cards,32,closure_date,DATE,True,Synthetic closure date attribute for merchant.,synthetic_extension,False
bank_dwh,dim_merchant,dimension,payments_cards,33,merchant_risk_band_code,VARCHAR(50),True,Synthetic merchant risk band code attribute for merchant.,synthetic_extension,False
bank_dwh,dim_merchant,dimension,payments_cards,34,chargeback_risk_band_code,VARCHAR(50),True,Synthetic chargeback risk band code attribute for merchant.,synthetic_extension,False
bank_dwh,dim_merchant,dimension,payments_cards,35,card_acceptance_code,VARCHAR(50),True,Synthetic card acceptance code attribute for merchant.,synthetic_extension,False
bank_dwh,dim_merchant,dimension,payments_cards,36,ecommerce_flag,BOOLEAN,True,Synthetic ecommerce flag attribute for merchant.,synthetic_extension,False
bank_dwh,dim_merchant,dimension,payments_cards,37,card_present_flag,BOOLEAN,True,Synthetic card present flag attribute for merchant.,synthetic_extension,False
bank_dwh,dim_merchant,dimension,payments_cards,38,tokenization_flag,BOOLEAN,True,Synthetic tokenization flag attribute for merchant.,synthetic_extension,False
bank_dwh,dim_merchant,dimension,payments_cards,39,terminal_count,BIGINT,True,Synthetic terminal count attribute for merchant.,synthetic_extension,False
bank_dwh,dim_merchant,dimension,payments_cards,40,fee_plan_code,VARCHAR(50),True,Synthetic fee plan code attribute for merchant.,synthetic_extension,False
bank_dwh,dim_merchant,dimension,payments_cards,41,interchange_category_code,VARCHAR(50),True,Synthetic interchange category code attribute for merchant.,synthetic_extension,False
bank_dwh,dim_merchant,dimension,payments_cards,42,reserve_policy_code,VARCHAR(50),True,Synthetic reserve policy code attribute for merchant.,synthetic_extension,False
bank_dwh,dim_merchant,dimension,payments_cards,43,payout_frequency_code,VARCHAR(50),True,Synthetic payout frequency code attribute for merchant.,synthetic_extension,False
bank_dwh,dim_merchant,dimension,payments_cards,44,payout_delay_days_count,BIGINT,True,Synthetic payout delay days count attribute for merchant.,synthetic_extension,False
bank_dwh,dim_merchant,dimension,payments_cards,45,compliance_status_code,VARCHAR(50),True,Synthetic compliance status code attribute for merchant.,synthetic_extension,False
bank_dwh,dim_merchant,dimension,payments_cards,46,sanctions_status_code,VARCHAR(50),True,Synthetic sanctions status code attribute for merchant.,synthetic_extension,False
bank_dwh,dim_merchant,dimension,payments_cards,47,fraud_monitoring_code,VARCHAR(50),True,Synthetic fraud monitoring code attribute for merchant.,synthetic_extension,False
bank_dwh,dim_merchant,dimension,payments_cards,48,relationship_manager_id,VARCHAR(100),True,Synthetic relationship manager id attribute for merchant.,synthetic_extension,False
bank_dwh,dim_merchant,dimension,payments_cards,49,is_cross_border,BOOLEAN,True,Synthetic is cross border attribute for merchant.,synthetic_extension,False
bank_dwh,dim_merchant,dimension,payments_cards,50,merchant_group_code,VARCHAR(50),True,Synthetic merchant group code attribute for merchant.,synthetic_extension,False
bank_dwh,dim_merchant,dimension,payments_cards,51,parent_merchant_id,VARCHAR(100),True,Synthetic parent merchant id attribute for merchant.,synthetic_extension,False
bank_dwh,dim_merchant,dimension,payments_cards,52,tax_id_hash,VARCHAR(100),True,Synthetic tax id hash attribute for merchant.,synthetic_extension,False
bank_dwh,dim_merchant,dimension,payments_cards,53,address_line_1,VARCHAR(120),True,Synthetic address line 1 attribute for merchant.,synthetic_extension,False
bank_dwh,dim_merchant,dimension,payments_cards,54,address_line_2,VARCHAR(120),True,Synthetic address line 2 attribute for merchant.,synthetic_extension,False
bank_dwh,dim_merchant,dimension,payments_cards,55,merchant_classification_code,VARCHAR(50),True,Synthetic merchant classification code.,synthetic_extension,False
bank_dwh,dim_merchant,dimension,payments_cards,56,merchant_status_code,VARCHAR(50),True,Synthetic merchant status code.,synthetic_extension,False
bank_dwh,dim_merchant,dimension,payments_cards,57,merchant_family_code,VARCHAR(50),True,Synthetic merchant family code.,synthetic_extension,False
bank_dwh,dim_merchant,dimension,payments_cards,58,merchant_owner_code,VARCHAR(50),True,Synthetic merchant owner code.,synthetic_extension,False
bank_dwh,dim_merchant,dimension,payments_cards,59,merchant_source_reference_id,VARCHAR(100),True,Synthetic merchant source reference id.,synthetic_extension,False
bank_dwh,dim_merchant,dimension,payments_cards,60,merchant_review_date,DATE,True,Synthetic merchant review date.,synthetic_extension,False
bank_dwh,dim_merchant,dimension,payments_cards,61,merchant_approval_date,DATE,True,Synthetic merchant approval date.,synthetic_extension,False
bank_dwh,dim_merchant,dimension,payments_cards,62,merchant_restriction_flag,BOOLEAN,True,Synthetic merchant restriction flag.,synthetic_extension,False
bank_dwh,dim_merchant_category,dimension,payments_cards,1,merchant_category_key,BIGINT,False,Synthetic surrogate key for dim_merchant_category.,structural,True
bank_dwh,dim_merchant_category,dimension,payments_cards,2,business_id,VARCHAR(100),False,Business id for this merchant category member.,structural,False
bank_dwh,dim_merchant_category,dimension,payments_cards,3,business_code,VARCHAR(50),True,Business code for this merchant category member.,structural,False
bank_dwh,dim_merchant_category,dimension,payments_cards,4,display_name,VARCHAR(200),True,Display name for this merchant category member.,structural,False
bank_dwh,dim_merchant_category,dimension,payments_cards,5,description,VARCHAR(120),True,Description for this merchant category member.,structural,False
bank_dwh,dim_merchant_category,dimension,payments_cards,6,effective_from_date,DATE,False,Effective from date for this merchant category member.,structural,False
bank_dwh,dim_merchant_category,dimension,payments_cards,7,effective_to_date,DATE,True,Effective to date for this merchant category member.,structural,False
bank_dwh,dim_merchant_category,dimension,payments_cards,8,is_current,BOOLEAN,False,Is current for this merchant category member.,structural,False
bank_dwh,dim_merchant_category,dimension,payments_cards,9,is_active,BOOLEAN,True,Is active for this merchant category member.,structural,False
bank_dwh,dim_merchant_category,dimension,payments_cards,10,source_system_code,VARCHAR(50),True,Source system code for this merchant category member.,structural,False
bank_dwh,dim_merchant_category,dimension,payments_cards,11,source_record_id,VARCHAR(100),True,Source record id for this merchant category member.,structural,False
bank_dwh,dim_merchant_category,dimension,payments_cards,12,ingested_at,TIMESTAMPTZ,True,Ingested at for this merchant category member.,structural,False
bank_dwh,dim_merchant_category,dimension,payments_cards,13,updated_at,TIMESTAMPTZ,True,Updated at for this merchant category member.,structural,False
bank_dwh,dim_merchant_category,dimension,payments_cards,14,record_hash,VARCHAR(100),True,Record hash for this merchant category member.,structural,False
bank_dwh,dim_merchant_category,dimension,payments_cards,15,data_quality_status_code,VARCHAR(50),True,Data quality status code for this merchant category member.,structural,False
bank_dwh,dim_merchant_category,dimension,payments_cards,16,data_owner_code,VARCHAR(50),True,Data owner code for this merchant category member.,structural,False
bank_dwh,dim_merchant_category,dimension,payments_cards,17,version_number,BIGINT,True,Version number for this merchant category member.,structural,False
bank_dwh,dim_merchant_category,dimension,payments_cards,18,merchant_legal_name,VARCHAR(200),True,Synthetic merchant legal name attribute for merchant category.,synthetic_extension,False
bank_dwh,dim_merchant_category,dimension,payments_cards,19,merchant_display_name,VARCHAR(200),True,Synthetic merchant display name attribute for merchant category.,synthetic_extension,False
bank_dwh,dim_merchant_category,dimension,payments_cards,20,merchant_category_code,VARCHAR(50),True,Synthetic merchant category code attribute for merchant category.,synthetic_extension,False
bank_dwh,dim_merchant_category,dimension,payments_cards,21,merchant_segment_code,VARCHAR(50),True,Synthetic merchant segment code attribute for merchant category.,synthetic_extension,False
bank_dwh,dim_merchant_category,dimension,payments_cards,22,acquiring_bank_code,VARCHAR(50),True,Synthetic acquiring bank code attribute for merchant category.,synthetic_extension,False
bank_dwh,dim_merchant_category,dimension,payments_cards,23,settlement_account_id,VARCHAR(100),True,Synthetic settlement account id attribute for merchant category.,synthetic_extension,False
bank_dwh,dim_merchant_category,dimension,payments_cards,24,settlement_currency_code,VARCHAR(50),True,Synthetic settlement currency code attribute for merchant category.,synthetic_extension,False
bank_dwh,dim_merchant_category,dimension,payments_cards,25,country_code,VARCHAR(50),True,Synthetic country code attribute for merchant category.,synthetic_extension,False
bank_dwh,dim_merchant_category,dimension,payments_cards,26,city_name,VARCHAR(200),True,Synthetic city name attribute for merchant category.,synthetic_extension,False
bank_dwh,dim_merchant_category,dimension,payments_cards,27,postal_code,VARCHAR(50),True,Synthetic postal code attribute for merchant category.,synthetic_extension,False
bank_dwh,dim_merchant_category,dimension,payments_cards,28,industry_code,VARCHAR(50),True,Synthetic industry code attribute for merchant category.,synthetic_extension,False
bank_dwh,dim_merchant_category,dimension,payments_cards,29,ownership_type_code,VARCHAR(50),True,Synthetic ownership type code attribute for merchant category.,synthetic_extension,False
bank_dwh,dim_merchant_category,dimension,payments_cards,30,onboarding_date,DATE,True,Synthetic onboarding date attribute for merchant category.,synthetic_extension,False
bank_dwh,dim_merchant_category,dimension,payments_cards,31,activation_date,DATE,True,Synthetic activation date attribute for merchant category.,synthetic_extension,False
bank_dwh,dim_merchant_category,dimension,payments_cards,32,closure_date,DATE,True,Synthetic closure date attribute for merchant category.,synthetic_extension,False
bank_dwh,dim_merchant_category,dimension,payments_cards,33,merchant_risk_band_code,VARCHAR(50),True,Synthetic merchant risk band code attribute for merchant category.,synthetic_extension,False
bank_dwh,dim_merchant_category,dimension,payments_cards,34,chargeback_risk_band_code,VARCHAR(50),True,Synthetic chargeback risk band code attribute for merchant category.,synthetic_extension,False
bank_dwh,dim_merchant_category,dimension,payments_cards,35,card_acceptance_code,VARCHAR(50),True,Synthetic card acceptance code attribute for merchant category.,synthetic_extension,False
bank_dwh,dim_card_product,dimension,payments_cards,1,card_product_key,BIGINT,False,Synthetic surrogate key for dim_card_product.,structural,True
bank_dwh,dim_card_product,dimension,payments_cards,2,business_id,VARCHAR(100),False,Business id for this card product member.,structural,False
bank_dwh,dim_card_product,dimension,payments_cards,3,business_code,VARCHAR(50),True,Business code for this card product member.,structural,False
bank_dwh,dim_card_product,dimension,payments_cards,4,display_name,VARCHAR(200),True,Display name for this card product member.,structural,False
bank_dwh,dim_card_product,dimension,payments_cards,5,description,VARCHAR(120),True,Description for this card product member.,structural,False
bank_dwh,dim_card_product,dimension,payments_cards,6,effective_from_date,DATE,False,Effective from date for this card product member.,structural,False
bank_dwh,dim_card_product,dimension,payments_cards,7,effective_to_date,DATE,True,Effective to date for this card product member.,structural,False
bank_dwh,dim_card_product,dimension,payments_cards,8,is_current,BOOLEAN,False,Is current for this card product member.,structural,False
bank_dwh,dim_card_product,dimension,payments_cards,9,is_active,BOOLEAN,True,Is active for this card product member.,structural,False
bank_dwh,dim_card_product,dimension,payments_cards,10,source_system_code,VARCHAR(50),True,Source system code for this card product member.,structural,False
bank_dwh,dim_card_product,dimension,payments_cards,11,source_record_id,VARCHAR(100),True,Source record id for this card product member.,structural,False
bank_dwh,dim_card_product,dimension,payments_cards,12,ingested_at,TIMESTAMPTZ,True,Ingested at for this card product member.,structural,False
bank_dwh,dim_card_product,dimension,payments_cards,13,updated_at,TIMESTAMPTZ,True,Updated at for this card product member.,structural,False
bank_dwh,dim_card_product,dimension,payments_cards,14,record_hash,VARCHAR(100),True,Record hash for this card product member.,structural,False
bank_dwh,dim_card_product,dimension,payments_cards,15,data_quality_status_code,VARCHAR(50),True,Data quality status code for this card product member.,structural,False
bank_dwh,dim_card_product,dimension,payments_cards,16,data_owner_code,VARCHAR(50),True,Data owner code for this card product member.,structural,False
bank_dwh,dim_card_product,dimension,payments_cards,17,version_number,BIGINT,True,Version number for this card product member.,structural,False
bank_dwh,dim_card_product,dimension,payments_cards,18,product_family_code,VARCHAR(50),True,Synthetic product family code attribute for card product.,synthetic_extension,False
bank_dwh,dim_card_product,dimension,payments_cards,19,product_category_code,VARCHAR(50),True,Synthetic product category code attribute for card product.,synthetic_extension,False
bank_dwh,dim_card_product,dimension,payments_cards,20,product_subcategory_code,VARCHAR(50),True,Synthetic product subcategory code attribute for card product.,synthetic_extension,False
bank_dwh,dim_card_product,dimension,payments_cards,21,product_type_code,VARCHAR(50),True,Synthetic product type code attribute for card product.,synthetic_extension,False
bank_dwh,dim_card_product,dimension,payments_cards,22,offering_status_code,VARCHAR(50),True,Synthetic offering status code attribute for card product.,synthetic_extension,False
bank_dwh,dim_card_product,dimension,payments_cards,23,launch_date,DATE,True,Synthetic launch date attribute for card product.,synthetic_extension,False
bank_dwh,dim_card_product,dimension,payments_cards,24,retirement_date,DATE,True,Synthetic retirement date attribute for card product.,synthetic_extension,False
bank_dwh,dim_card_product,dimension,payments_cards,25,eligibility_code,VARCHAR(50),True,Synthetic eligibility code attribute for card product.,synthetic_extension,False
bank_dwh,dim_card_product,dimension,payments_cards,26,customer_segment_code,VARCHAR(50),True,Synthetic customer segment code attribute for card product.,synthetic_extension,False
bank_dwh,dim_card_product,dimension,payments_cards,27,minimum_amount,"NUMERIC(20,4)",True,Synthetic minimum amount attribute for card product.,synthetic_extension,False
bank_dwh,dim_card_product,dimension,payments_cards,28,maximum_amount,"NUMERIC(20,4)",True,Synthetic maximum amount attribute for card product.,synthetic_extension,False
bank_dwh,dim_card_product,dimension,payments_cards,29,minimum_term_months_count,BIGINT,True,Synthetic minimum term months count attribute for card product.,synthetic_extension,False
bank_dwh,dim_card_product,dimension,payments_cards,30,maximum_term_months_count,BIGINT,True,Synthetic maximum term months count attribute for card product.,synthetic_extension,False
bank_dwh,dim_card_product,dimension,payments_cards,31,standard_term_months_count,BIGINT,True,Synthetic standard term months count attribute for card product.,synthetic_extension,False
bank_dwh,dim_card_product,dimension,payments_cards,32,base_currency_code,VARCHAR(50),True,Synthetic base currency code attribute for card product.,synthetic_extension,False
bank_dwh,dim_card_product,dimension,payments_cards,33,rate_type_code,VARCHAR(50),True,Synthetic rate type code attribute for card product.,synthetic_extension,False
bank_dwh,dim_card_product,dimension,payments_cards,34,standard_rate,"NUMERIC(14,8)",True,Synthetic standard rate attribute for card product.,synthetic_extension,False
bank_dwh,dim_card_product,dimension,payments_cards,35,benchmark_code,VARCHAR(50),True,Synthetic benchmark code attribute for card product.,synthetic_extension,False
bank_dwh,dim_card_product,dimension,payments_cards,36,spread_rate,"NUMERIC(14,8)",True,Synthetic spread rate attribute for card product.,synthetic_extension,False
bank_dwh,dim_card_product,dimension,payments_cards,37,repricing_frequency_code,VARCHAR(50),True,Synthetic repricing frequency code attribute for card product.,synthetic_extension,False
bank_dwh,dim_card_product,dimension,payments_cards,38,compounding_method_code,VARCHAR(50),True,Synthetic compounding method code attribute for card product.,synthetic_extension,False
bank_dwh,dim_card_product,dimension,payments_cards,39,payment_frequency_code,VARCHAR(50),True,Synthetic payment frequency code attribute for card product.,synthetic_extension,False
bank_dwh,dim_card_product,dimension,payments_cards,40,settlement_cycle_code,VARCHAR(50),True,Synthetic settlement cycle code attribute for card product.,synthetic_extension,False
bank_dwh,dim_card_product,dimension,payments_cards,41,fee_schedule_code,VARCHAR(50),True,Synthetic fee schedule code attribute for card product.,synthetic_extension,False
bank_dwh,dim_card_product,dimension,payments_cards,42,penalty_policy_code,VARCHAR(50),True,Synthetic penalty policy code attribute for card product.,synthetic_extension,False
bank_dwh,dim_card_product,dimension,payments_cards,43,renewal_option_code,VARCHAR(50),True,Synthetic renewal option code attribute for card product.,synthetic_extension,False
bank_dwh,dim_card_product,dimension,payments_cards,44,early_termination_code,VARCHAR(50),True,Synthetic early termination code attribute for card product.,synthetic_extension,False
bank_dwh,dim_card_product,dimension,payments_cards,45,tax_treatment_code,VARCHAR(50),True,Synthetic tax treatment code attribute for card product.,synthetic_extension,False
bank_dwh,dim_card_status,dimension,payments_cards,1,card_status_key,BIGINT,False,Synthetic surrogate key for dim_card_status.,structural,True
bank_dwh,dim_card_status,dimension,payments_cards,2,business_id,VARCHAR(100),False,Business id for this card status member.,structural,False
bank_dwh,dim_card_status,dimension,payments_cards,3,business_code,VARCHAR(50),True,Business code for this card status member.,structural,False
bank_dwh,dim_card_status,dimension,payments_cards,4,display_name,VARCHAR(200),True,Display name for this card status member.,structural,False
bank_dwh,dim_card_status,dimension,payments_cards,5,description,VARCHAR(120),True,Description for this card status member.,structural,False
bank_dwh,dim_card_status,dimension,payments_cards,6,effective_from_date,DATE,False,Effective from date for this card status member.,structural,False
bank_dwh,dim_card_status,dimension,payments_cards,7,effective_to_date,DATE,True,Effective to date for this card status member.,structural,False
bank_dwh,dim_card_status,dimension,payments_cards,8,is_current,BOOLEAN,False,Is current for this card status member.,structural,False
bank_dwh,dim_card_status,dimension,payments_cards,9,is_active,BOOLEAN,True,Is active for this card status member.,structural,False
bank_dwh,dim_card_status,dimension,payments_cards,10,source_system_code,VARCHAR(50),True,Source system code for this card status member.,structural,False
bank_dwh,dim_card_status,dimension,payments_cards,11,source_record_id,VARCHAR(100),True,Source record id for this card status member.,structural,False
bank_dwh,dim_card_status,dimension,payments_cards,12,ingested_at,TIMESTAMPTZ,True,Ingested at for this card status member.,structural,False
bank_dwh,dim_card_status,dimension,payments_cards,13,updated_at,TIMESTAMPTZ,True,Updated at for this card status member.,structural,False
bank_dwh,dim_card_status,dimension,payments_cards,14,record_hash,VARCHAR(100),True,Record hash for this card status member.,structural,False
bank_dwh,dim_card_status,dimension,payments_cards,15,data_quality_status_code,VARCHAR(50),True,Data quality status code for this card status member.,structural,False
bank_dwh,dim_card_status,dimension,payments_cards,16,data_owner_code,VARCHAR(50),True,Data owner code for this card status member.,structural,False
bank_dwh,dim_card_status,dimension,payments_cards,17,version_number,BIGINT,True,Version number for this card status member.,structural,False
bank_dwh,dim_card_status,dimension,payments_cards,18,product_family_code,VARCHAR(50),True,Synthetic product family code attribute for card status.,synthetic_extension,False
bank_dwh,dim_card_status,dimension,payments_cards,19,product_category_code,VARCHAR(50),True,Synthetic product category code attribute for card status.,synthetic_extension,False
bank_dwh,dim_card_status,dimension,payments_cards,20,product_subcategory_code,VARCHAR(50),True,Synthetic product subcategory code attribute for card status.,synthetic_extension,False
bank_dwh,dim_card_status,dimension,payments_cards,21,product_type_code,VARCHAR(50),True,Synthetic product type code attribute for card status.,synthetic_extension,False
bank_dwh,dim_card_status,dimension,payments_cards,22,offering_status_code,VARCHAR(50),True,Synthetic offering status code attribute for card status.,synthetic_extension,False
bank_dwh,dim_card_status,dimension,payments_cards,23,launch_date,DATE,True,Synthetic launch date attribute for card status.,synthetic_extension,False
bank_dwh,dim_card_status,dimension,payments_cards,24,retirement_date,DATE,True,Synthetic retirement date attribute for card status.,synthetic_extension,False
bank_dwh,dim_card_status,dimension,payments_cards,25,eligibility_code,VARCHAR(50),True,Synthetic eligibility code attribute for card status.,synthetic_extension,False
bank_dwh,dim_card_status,dimension,payments_cards,26,customer_segment_code,VARCHAR(50),True,Synthetic customer segment code attribute for card status.,synthetic_extension,False
bank_dwh,dim_card_status,dimension,payments_cards,27,minimum_amount,"NUMERIC(20,4)",True,Synthetic minimum amount attribute for card status.,synthetic_extension,False
bank_dwh,dim_card_status,dimension,payments_cards,28,maximum_amount,"NUMERIC(20,4)",True,Synthetic maximum amount attribute for card status.,synthetic_extension,False
bank_dwh,dim_card_status,dimension,payments_cards,29,minimum_term_months_count,BIGINT,True,Synthetic minimum term months count attribute for card status.,synthetic_extension,False
bank_dwh,dim_card_status,dimension,payments_cards,30,maximum_term_months_count,BIGINT,True,Synthetic maximum term months count attribute for card status.,synthetic_extension,False
bank_dwh,dim_card_status,dimension,payments_cards,31,standard_term_months_count,BIGINT,True,Synthetic standard term months count attribute for card status.,synthetic_extension,False
bank_dwh,dim_card_status,dimension,payments_cards,32,base_currency_code,VARCHAR(50),True,Synthetic base currency code attribute for card status.,synthetic_extension,False
bank_dwh,dim_card_status,dimension,payments_cards,33,rate_type_code,VARCHAR(50),True,Synthetic rate type code attribute for card status.,synthetic_extension,False
bank_dwh,dim_card_status,dimension,payments_cards,34,standard_rate,"NUMERIC(14,8)",True,Synthetic standard rate attribute for card status.,synthetic_extension,False
bank_dwh,dim_card_status,dimension,payments_cards,35,benchmark_code,VARCHAR(50),True,Synthetic benchmark code attribute for card status.,synthetic_extension,False
bank_dwh,dim_terminal,dimension,payments_cards,1,terminal_key,BIGINT,False,Synthetic surrogate key for dim_terminal.,structural,True
bank_dwh,dim_terminal,dimension,payments_cards,2,business_id,VARCHAR(100),False,Business id for this terminal member.,structural,False
bank_dwh,dim_terminal,dimension,payments_cards,3,business_code,VARCHAR(50),True,Business code for this terminal member.,structural,False
bank_dwh,dim_terminal,dimension,payments_cards,4,display_name,VARCHAR(200),True,Display name for this terminal member.,structural,False
bank_dwh,dim_terminal,dimension,payments_cards,5,description,VARCHAR(120),True,Description for this terminal member.,structural,False
bank_dwh,dim_terminal,dimension,payments_cards,6,effective_from_date,DATE,False,Effective from date for this terminal member.,structural,False
bank_dwh,dim_terminal,dimension,payments_cards,7,effective_to_date,DATE,True,Effective to date for this terminal member.,structural,False
bank_dwh,dim_terminal,dimension,payments_cards,8,is_current,BOOLEAN,False,Is current for this terminal member.,structural,False
bank_dwh,dim_terminal,dimension,payments_cards,9,is_active,BOOLEAN,True,Is active for this terminal member.,structural,False
bank_dwh,dim_terminal,dimension,payments_cards,10,source_system_code,VARCHAR(50),True,Source system code for this terminal member.,structural,False
bank_dwh,dim_terminal,dimension,payments_cards,11,source_record_id,VARCHAR(100),True,Source record id for this terminal member.,structural,False
bank_dwh,dim_terminal,dimension,payments_cards,12,ingested_at,TIMESTAMPTZ,True,Ingested at for this terminal member.,structural,False
bank_dwh,dim_terminal,dimension,payments_cards,13,updated_at,TIMESTAMPTZ,True,Updated at for this terminal member.,structural,False
bank_dwh,dim_terminal,dimension,payments_cards,14,record_hash,VARCHAR(100),True,Record hash for this terminal member.,structural,False
bank_dwh,dim_terminal,dimension,payments_cards,15,data_quality_status_code,VARCHAR(50),True,Data quality status code for this terminal member.,structural,False
bank_dwh,dim_terminal,dimension,payments_cards,16,data_owner_code,VARCHAR(50),True,Data owner code for this terminal member.,structural,False
bank_dwh,dim_terminal,dimension,payments_cards,17,version_number,BIGINT,True,Version number for this terminal member.,structural,False
bank_dwh,dim_terminal,dimension,payments_cards,18,country_code,VARCHAR(50),True,Synthetic country code attribute for terminal.,synthetic_extension,False
bank_dwh,dim_terminal,dimension,payments_cards,19,region_code,VARCHAR(50),True,Synthetic region code attribute for terminal.,synthetic_extension,False
bank_dwh,dim_terminal,dimension,payments_cards,20,city_name,VARCHAR(200),True,Synthetic city name attribute for terminal.,synthetic_extension,False
bank_dwh,dim_terminal,dimension,payments_cards,21,postal_code,VARCHAR(50),True,Synthetic postal code attribute for terminal.,synthetic_extension,False
bank_dwh,dim_terminal,dimension,payments_cards,22,address_line_1,VARCHAR(120),True,Synthetic address line 1 attribute for terminal.,synthetic_extension,False
bank_dwh,dim_terminal,dimension,payments_cards,23,address_line_2,VARCHAR(120),True,Synthetic address line 2 attribute for terminal.,synthetic_extension,False
bank_dwh,dim_terminal,dimension,payments_cards,24,timezone_code,VARCHAR(50),True,Synthetic timezone code attribute for terminal.,synthetic_extension,False
bank_dwh,dim_terminal,dimension,payments_cards,25,jurisdiction_code,VARCHAR(50),True,Synthetic jurisdiction code attribute for terminal.,synthetic_extension,False
bank_dwh,dim_terminal,dimension,payments_cards,26,legal_entity_code,VARCHAR(50),True,Synthetic legal entity code attribute for terminal.,synthetic_extension,False
bank_dwh,dim_terminal,dimension,payments_cards,27,organization_unit_code,VARCHAR(50),True,Synthetic organization unit code attribute for terminal.,synthetic_extension,False
bank_dwh,dim_terminal,dimension,payments_cards,28,parent_unit_code,VARCHAR(50),True,Synthetic parent unit code attribute for terminal.,synthetic_extension,False
bank_dwh,dim_terminal,dimension,payments_cards,29,hierarchy_level,BIGINT,True,Synthetic hierarchy level attribute for terminal.,synthetic_extension,False
bank_dwh,dim_terminal,dimension,payments_cards,30,business_line_code,VARCHAR(50),True,Synthetic business line code attribute for terminal.,synthetic_extension,False
bank_dwh,dim_terminal,dimension,payments_cards,31,cost_center_code,VARCHAR(50),True,Synthetic cost center code attribute for terminal.,synthetic_extension,False
bank_dwh,dim_terminal,dimension,payments_cards,32,manager_id,VARCHAR(100),True,Synthetic manager id attribute for terminal.,synthetic_extension,False
bank_dwh,dim_terminal,dimension,payments_cards,33,operating_status_code,VARCHAR(50),True,Synthetic operating status code attribute for terminal.,synthetic_extension,False
bank_dwh,dim_terminal,dimension,payments_cards,34,opening_date,DATE,True,Synthetic opening date attribute for terminal.,synthetic_extension,False
bank_dwh,dim_terminal,dimension,payments_cards,35,closure_date,DATE,True,Synthetic closure date attribute for terminal.,synthetic_extension,False
bank_dwh,dim_terminal,dimension,payments_cards,36,market_code,VARCHAR(50),True,Synthetic market code attribute for terminal.,synthetic_extension,False
bank_dwh,dim_terminal,dimension,payments_cards,37,market_type_code,VARCHAR(50),True,Synthetic market type code attribute for terminal.,synthetic_extension,False
bank_dwh,dim_terminal,dimension,payments_cards,38,channel_type_code,VARCHAR(50),True,Synthetic channel type code attribute for terminal.,synthetic_extension,False
bank_dwh,dim_terminal,dimension,payments_cards,39,terminal_type_code,VARCHAR(50),True,Synthetic terminal type code attribute for terminal.,synthetic_extension,False
bank_dwh,dim_terminal,dimension,payments_cards,40,service_area_code,VARCHAR(50),True,Synthetic service area code attribute for terminal.,synthetic_extension,False
bank_dwh,dim_terminal,dimension,payments_cards,41,service_hours_code,VARCHAR(50),True,Synthetic service hours code attribute for terminal.,synthetic_extension,False
bank_dwh,dim_terminal,dimension,payments_cards,42,settlement_cutoff_time,VARCHAR(120),True,Synthetic settlement cutoff time attribute for terminal.,synthetic_extension,False
bank_dwh,dim_terminal,dimension,payments_cards,43,operating_currency_code,VARCHAR(50),True,Synthetic operating currency code attribute for terminal.,synthetic_extension,False
bank_dwh,dim_terminal,dimension,payments_cards,44,regulatory_region_code,VARCHAR(50),True,Synthetic regulatory region code attribute for terminal.,synthetic_extension,False
bank_dwh,dim_terminal,dimension,payments_cards,45,reporting_region_code,VARCHAR(50),True,Synthetic reporting region code attribute for terminal.,synthetic_extension,False
bank_dwh,dim_security,dimension,wealth,1,security_key,BIGINT,False,Synthetic surrogate key for dim_security.,structural,True
bank_dwh,dim_security,dimension,wealth,2,business_id,VARCHAR(100),False,Business id for this security member.,structural,False
bank_dwh,dim_security,dimension,wealth,3,business_code,VARCHAR(50),True,Business code for this security member.,structural,False
bank_dwh,dim_security,dimension,wealth,4,display_name,VARCHAR(200),True,Display name for this security member.,structural,False
bank_dwh,dim_security,dimension,wealth,5,description,VARCHAR(120),True,Description for this security member.,structural,False
bank_dwh,dim_security,dimension,wealth,6,effective_from_date,DATE,False,Effective from date for this security member.,structural,False
bank_dwh,dim_security,dimension,wealth,7,effective_to_date,DATE,True,Effective to date for this security member.,structural,False
bank_dwh,dim_security,dimension,wealth,8,is_current,BOOLEAN,False,Is current for this security member.,structural,False
bank_dwh,dim_security,dimension,wealth,9,is_active,BOOLEAN,True,Is active for this security member.,structural,False
bank_dwh,dim_security,dimension,wealth,10,source_system_code,VARCHAR(50),True,Source system code for this security member.,structural,False
bank_dwh,dim_security,dimension,wealth,11,source_record_id,VARCHAR(100),True,Source record id for this security member.,structural,False
bank_dwh,dim_security,dimension,wealth,12,ingested_at,TIMESTAMPTZ,True,Ingested at for this security member.,structural,False
bank_dwh,dim_security,dimension,wealth,13,updated_at,TIMESTAMPTZ,True,Updated at for this security member.,structural,False
bank_dwh,dim_security,dimension,wealth,14,record_hash,VARCHAR(100),True,Record hash for this security member.,structural,False
bank_dwh,dim_security,dimension,wealth,15,data_quality_status_code,VARCHAR(50),True,Data quality status code for this security member.,structural,False
bank_dwh,dim_security,dimension,wealth,16,data_owner_code,VARCHAR(50),True,Data owner code for this security member.,structural,False
bank_dwh,dim_security,dimension,wealth,17,version_number,BIGINT,True,Version number for this security member.,structural,False
bank_dwh,dim_security,dimension,wealth,18,instrument_id,VARCHAR(100),True,Synthetic instrument id attribute for security.,synthetic_extension,False
bank_dwh,dim_security,dimension,wealth,19,isin_code,VARCHAR(50),True,Synthetic isin code attribute for security.,synthetic_extension,False
bank_dwh,dim_security,dimension,wealth,20,ticker_symbol,VARCHAR(120),True,Synthetic ticker symbol attribute for security.,synthetic_extension,False
bank_dwh,dim_security,dimension,wealth,21,asset_class_code,VARCHAR(50),True,Synthetic asset class code attribute for security.,synthetic_extension,False
bank_dwh,dim_security,dimension,wealth,22,asset_subclass_code,VARCHAR(50),True,Synthetic asset subclass code attribute for security.,synthetic_extension,False
bank_dwh,dim_security,dimension,wealth,23,instrument_type_code,VARCHAR(50),True,Synthetic instrument type code attribute for security.,synthetic_extension,False
bank_dwh,dim_security,dimension,wealth,24,issuer_id,VARCHAR(100),True,Synthetic issuer id attribute for security.,synthetic_extension,False
bank_dwh,dim_security,dimension,wealth,25,issuer_country_code,VARCHAR(50),True,Synthetic issuer country code attribute for security.,synthetic_extension,False
bank_dwh,dim_security,dimension,wealth,26,trading_currency_code,VARCHAR(50),True,Synthetic trading currency code attribute for security.,synthetic_extension,False
bank_dwh,dim_security,dimension,wealth,27,issue_date,DATE,True,Synthetic issue date attribute for security.,synthetic_extension,False
bank_dwh,dim_security,dimension,wealth,28,maturity_date,DATE,True,Synthetic maturity date attribute for security.,synthetic_extension,False
bank_dwh,dim_security,dimension,wealth,29,coupon_rate,"NUMERIC(14,8)",True,Synthetic coupon rate attribute for security.,synthetic_extension,False
bank_dwh,dim_security,dimension,wealth,30,yield_rate,"NUMERIC(14,8)",True,Synthetic yield rate attribute for security.,synthetic_extension,False
bank_dwh,dim_security,dimension,wealth,31,face_value_amount,"NUMERIC(20,4)",True,Synthetic face value amount attribute for security.,synthetic_extension,False
bank_dwh,dim_security,dimension,wealth,32,lot_size_count,BIGINT,True,Synthetic lot size count attribute for security.,synthetic_extension,False
bank_dwh,dim_security,dimension,wealth,33,market_code,VARCHAR(50),True,Synthetic market code attribute for security.,synthetic_extension,False
bank_dwh,dim_security,dimension,wealth,34,exchange_code,VARCHAR(50),True,Synthetic exchange code attribute for security.,synthetic_extension,False
bank_dwh,dim_security,dimension,wealth,35,listing_status_code,VARCHAR(50),True,Synthetic listing status code attribute for security.,synthetic_extension,False
bank_dwh,dim_security,dimension,wealth,36,pricing_source_code,VARCHAR(50),True,Synthetic pricing source code attribute for security.,synthetic_extension,False
bank_dwh,dim_security,dimension,wealth,37,valuation_method_code,VARCHAR(50),True,Synthetic valuation method code attribute for security.,synthetic_extension,False
bank_dwh,dim_security,dimension,wealth,38,risk_class_code,VARCHAR(50),True,Synthetic risk class code attribute for security.,synthetic_extension,False
bank_dwh,dim_security,dimension,wealth,39,liquidity_class_code,VARCHAR(50),True,Synthetic liquidity class code attribute for security.,synthetic_extension,False
bank_dwh,dim_security,dimension,wealth,40,strategy_code,VARCHAR(50),True,Synthetic strategy code attribute for security.,synthetic_extension,False
bank_dwh,dim_security,dimension,wealth,41,investment_objective_code,VARCHAR(50),True,Synthetic investment objective code attribute for security.,synthetic_extension,False
bank_dwh,dim_security,dimension,wealth,42,benchmark_code,VARCHAR(50),True,Synthetic benchmark code attribute for security.,synthetic_extension,False
bank_dwh,dim_security,dimension,wealth,43,custody_account_id,VARCHAR(100),True,Synthetic custody account id attribute for security.,synthetic_extension,False
bank_dwh,dim_security,dimension,wealth,44,portfolio_manager_id,VARCHAR(100),True,Synthetic portfolio manager id attribute for security.,synthetic_extension,False
bank_dwh,dim_security,dimension,wealth,45,inception_date,DATE,True,Synthetic inception date attribute for security.,synthetic_extension,False
bank_dwh,dim_security,dimension,wealth,46,closure_date,DATE,True,Synthetic closure date attribute for security.,synthetic_extension,False
bank_dwh,dim_security,dimension,wealth,47,portfolio_currency_code,VARCHAR(50),True,Synthetic portfolio currency code attribute for security.,synthetic_extension,False
bank_dwh,dim_security,dimension,wealth,48,mandate_code,VARCHAR(50),True,Synthetic mandate code attribute for security.,synthetic_extension,False
bank_dwh,dim_security,dimension,wealth,49,risk_tolerance_code,VARCHAR(50),True,Synthetic risk tolerance code attribute for security.,synthetic_extension,False
bank_dwh,dim_security,dimension,wealth,50,discretionary_flag,BOOLEAN,True,Synthetic discretionary flag attribute for security.,synthetic_extension,False
bank_dwh,dim_security,dimension,wealth,51,distribution_policy_code,VARCHAR(50),True,Synthetic distribution policy code attribute for security.,synthetic_extension,False
bank_dwh,dim_security,dimension,wealth,52,settlement_cycle_code,VARCHAR(50),True,Synthetic settlement cycle code attribute for security.,synthetic_extension,False
bank_dwh,dim_security,dimension,wealth,53,is_tradable,BOOLEAN,True,Synthetic is tradable attribute for security.,synthetic_extension,False
bank_dwh,dim_security,dimension,wealth,54,is_derivative,BOOLEAN,True,Synthetic is derivative attribute for security.,synthetic_extension,False
bank_dwh,dim_security,dimension,wealth,55,is_active_security,BOOLEAN,True,Synthetic is active security attribute for security.,synthetic_extension,False
bank_dwh,dim_security,dimension,wealth,56,parent_instrument_id,VARCHAR(100),True,Synthetic parent instrument id attribute for security.,synthetic_extension,False
bank_dwh,dim_security,dimension,wealth,57,regulatory_class_code,VARCHAR(50),True,Synthetic regulatory class code attribute for security.,synthetic_extension,False
bank_dwh,dim_security,dimension,wealth,58,security_classification_code,VARCHAR(50),True,Synthetic security classification code.,synthetic_extension,False
bank_dwh,dim_security,dimension,wealth,59,security_status_code,VARCHAR(50),True,Synthetic security status code.,synthetic_extension,False
bank_dwh,dim_security,dimension,wealth,60,security_risk_band_code,VARCHAR(50),True,Synthetic security risk band code.,synthetic_extension,False
bank_dwh,dim_security,dimension,wealth,61,security_segment_code,VARCHAR(50),True,Synthetic security segment code.,synthetic_extension,False
bank_dwh,dim_security,dimension,wealth,62,security_family_code,VARCHAR(50),True,Synthetic security family code.,synthetic_extension,False
bank_dwh,dim_instrument_type,dimension,wealth,1,instrument_type_key,BIGINT,False,Synthetic surrogate key for dim_instrument_type.,structural,True
bank_dwh,dim_instrument_type,dimension,wealth,2,business_id,VARCHAR(100),False,Business id for this instrument type member.,structural,False
bank_dwh,dim_instrument_type,dimension,wealth,3,business_code,VARCHAR(50),True,Business code for this instrument type member.,structural,False
bank_dwh,dim_instrument_type,dimension,wealth,4,display_name,VARCHAR(200),True,Display name for this instrument type member.,structural,False
bank_dwh,dim_instrument_type,dimension,wealth,5,description,VARCHAR(120),True,Description for this instrument type member.,structural,False
bank_dwh,dim_instrument_type,dimension,wealth,6,effective_from_date,DATE,False,Effective from date for this instrument type member.,structural,False
bank_dwh,dim_instrument_type,dimension,wealth,7,effective_to_date,DATE,True,Effective to date for this instrument type member.,structural,False
bank_dwh,dim_instrument_type,dimension,wealth,8,is_current,BOOLEAN,False,Is current for this instrument type member.,structural,False
bank_dwh,dim_instrument_type,dimension,wealth,9,is_active,BOOLEAN,True,Is active for this instrument type member.,structural,False
bank_dwh,dim_instrument_type,dimension,wealth,10,source_system_code,VARCHAR(50),True,Source system code for this instrument type member.,structural,False
bank_dwh,dim_instrument_type,dimension,wealth,11,source_record_id,VARCHAR(100),True,Source record id for this instrument type member.,structural,False
bank_dwh,dim_instrument_type,dimension,wealth,12,ingested_at,TIMESTAMPTZ,True,Ingested at for this instrument type member.,structural,False
bank_dwh,dim_instrument_type,dimension,wealth,13,updated_at,TIMESTAMPTZ,True,Updated at for this instrument type member.,structural,False
bank_dwh,dim_instrument_type,dimension,wealth,14,record_hash,VARCHAR(100),True,Record hash for this instrument type member.,structural,False
bank_dwh,dim_instrument_type,dimension,wealth,15,data_quality_status_code,VARCHAR(50),True,Data quality status code for this instrument type member.,structural,False
bank_dwh,dim_instrument_type,dimension,wealth,16,data_owner_code,VARCHAR(50),True,Data owner code for this instrument type member.,structural,False
bank_dwh,dim_instrument_type,dimension,wealth,17,version_number,BIGINT,True,Version number for this instrument type member.,structural,False
bank_dwh,dim_instrument_type,dimension,wealth,18,product_family_code,VARCHAR(50),True,Synthetic product family code attribute for instrument type.,synthetic_extension,False
bank_dwh,dim_instrument_type,dimension,wealth,19,product_category_code,VARCHAR(50),True,Synthetic product category code attribute for instrument type.,synthetic_extension,False
bank_dwh,dim_instrument_type,dimension,wealth,20,product_subcategory_code,VARCHAR(50),True,Synthetic product subcategory code attribute for instrument type.,synthetic_extension,False
bank_dwh,dim_instrument_type,dimension,wealth,21,product_type_code,VARCHAR(50),True,Synthetic product type code attribute for instrument type.,synthetic_extension,False
bank_dwh,dim_instrument_type,dimension,wealth,22,offering_status_code,VARCHAR(50),True,Synthetic offering status code attribute for instrument type.,synthetic_extension,False
bank_dwh,dim_instrument_type,dimension,wealth,23,launch_date,DATE,True,Synthetic launch date attribute for instrument type.,synthetic_extension,False
bank_dwh,dim_instrument_type,dimension,wealth,24,retirement_date,DATE,True,Synthetic retirement date attribute for instrument type.,synthetic_extension,False
bank_dwh,dim_instrument_type,dimension,wealth,25,eligibility_code,VARCHAR(50),True,Synthetic eligibility code attribute for instrument type.,synthetic_extension,False
bank_dwh,dim_instrument_type,dimension,wealth,26,customer_segment_code,VARCHAR(50),True,Synthetic customer segment code attribute for instrument type.,synthetic_extension,False
bank_dwh,dim_instrument_type,dimension,wealth,27,minimum_amount,"NUMERIC(20,4)",True,Synthetic minimum amount attribute for instrument type.,synthetic_extension,False
bank_dwh,dim_instrument_type,dimension,wealth,28,maximum_amount,"NUMERIC(20,4)",True,Synthetic maximum amount attribute for instrument type.,synthetic_extension,False
bank_dwh,dim_instrument_type,dimension,wealth,29,minimum_term_months_count,BIGINT,True,Synthetic minimum term months count attribute for instrument type.,synthetic_extension,False
bank_dwh,dim_instrument_type,dimension,wealth,30,maximum_term_months_count,BIGINT,True,Synthetic maximum term months count attribute for instrument type.,synthetic_extension,False
bank_dwh,dim_instrument_type,dimension,wealth,31,standard_term_months_count,BIGINT,True,Synthetic standard term months count attribute for instrument type.,synthetic_extension,False
bank_dwh,dim_instrument_type,dimension,wealth,32,base_currency_code,VARCHAR(50),True,Synthetic base currency code attribute for instrument type.,synthetic_extension,False
bank_dwh,dim_instrument_type,dimension,wealth,33,rate_type_code,VARCHAR(50),True,Synthetic rate type code attribute for instrument type.,synthetic_extension,False
bank_dwh,dim_instrument_type,dimension,wealth,34,standard_rate,"NUMERIC(14,8)",True,Synthetic standard rate attribute for instrument type.,synthetic_extension,False
bank_dwh,dim_instrument_type,dimension,wealth,35,benchmark_code,VARCHAR(50),True,Synthetic benchmark code attribute for instrument type.,synthetic_extension,False
bank_dwh,dim_portfolio,dimension,wealth,1,portfolio_key,BIGINT,False,Synthetic surrogate key for dim_portfolio.,structural,True
bank_dwh,dim_portfolio,dimension,wealth,2,business_id,VARCHAR(100),False,Business id for this portfolio member.,structural,False
bank_dwh,dim_portfolio,dimension,wealth,3,business_code,VARCHAR(50),True,Business code for this portfolio member.,structural,False
bank_dwh,dim_portfolio,dimension,wealth,4,display_name,VARCHAR(200),True,Display name for this portfolio member.,structural,False
bank_dwh,dim_portfolio,dimension,wealth,5,description,VARCHAR(120),True,Description for this portfolio member.,structural,False
bank_dwh,dim_portfolio,dimension,wealth,6,effective_from_date,DATE,False,Effective from date for this portfolio member.,structural,False
bank_dwh,dim_portfolio,dimension,wealth,7,effective_to_date,DATE,True,Effective to date for this portfolio member.,structural,False
bank_dwh,dim_portfolio,dimension,wealth,8,is_current,BOOLEAN,False,Is current for this portfolio member.,structural,False
bank_dwh,dim_portfolio,dimension,wealth,9,is_active,BOOLEAN,True,Is active for this portfolio member.,structural,False
bank_dwh,dim_portfolio,dimension,wealth,10,source_system_code,VARCHAR(50),True,Source system code for this portfolio member.,structural,False
bank_dwh,dim_portfolio,dimension,wealth,11,source_record_id,VARCHAR(100),True,Source record id for this portfolio member.,structural,False
bank_dwh,dim_portfolio,dimension,wealth,12,ingested_at,TIMESTAMPTZ,True,Ingested at for this portfolio member.,structural,False
bank_dwh,dim_portfolio,dimension,wealth,13,updated_at,TIMESTAMPTZ,True,Updated at for this portfolio member.,structural,False
bank_dwh,dim_portfolio,dimension,wealth,14,record_hash,VARCHAR(100),True,Record hash for this portfolio member.,structural,False
bank_dwh,dim_portfolio,dimension,wealth,15,data_quality_status_code,VARCHAR(50),True,Data quality status code for this portfolio member.,structural,False
bank_dwh,dim_portfolio,dimension,wealth,16,data_owner_code,VARCHAR(50),True,Data owner code for this portfolio member.,structural,False
bank_dwh,dim_portfolio,dimension,wealth,17,version_number,BIGINT,True,Version number for this portfolio member.,structural,False
bank_dwh,dim_portfolio,dimension,wealth,18,instrument_id,VARCHAR(100),True,Synthetic instrument id attribute for portfolio.,synthetic_extension,False
bank_dwh,dim_portfolio,dimension,wealth,19,isin_code,VARCHAR(50),True,Synthetic isin code attribute for portfolio.,synthetic_extension,False
bank_dwh,dim_portfolio,dimension,wealth,20,ticker_symbol,VARCHAR(120),True,Synthetic ticker symbol attribute for portfolio.,synthetic_extension,False
bank_dwh,dim_portfolio,dimension,wealth,21,asset_class_code,VARCHAR(50),True,Synthetic asset class code attribute for portfolio.,synthetic_extension,False
bank_dwh,dim_portfolio,dimension,wealth,22,asset_subclass_code,VARCHAR(50),True,Synthetic asset subclass code attribute for portfolio.,synthetic_extension,False
bank_dwh,dim_portfolio,dimension,wealth,23,instrument_type_code,VARCHAR(50),True,Synthetic instrument type code attribute for portfolio.,synthetic_extension,False
bank_dwh,dim_portfolio,dimension,wealth,24,issuer_id,VARCHAR(100),True,Synthetic issuer id attribute for portfolio.,synthetic_extension,False
bank_dwh,dim_portfolio,dimension,wealth,25,issuer_country_code,VARCHAR(50),True,Synthetic issuer country code attribute for portfolio.,synthetic_extension,False
bank_dwh,dim_portfolio,dimension,wealth,26,trading_currency_code,VARCHAR(50),True,Synthetic trading currency code attribute for portfolio.,synthetic_extension,False
bank_dwh,dim_portfolio,dimension,wealth,27,issue_date,DATE,True,Synthetic issue date attribute for portfolio.,synthetic_extension,False
bank_dwh,dim_portfolio,dimension,wealth,28,maturity_date,DATE,True,Synthetic maturity date attribute for portfolio.,synthetic_extension,False
bank_dwh,dim_portfolio,dimension,wealth,29,coupon_rate,"NUMERIC(14,8)",True,Synthetic coupon rate attribute for portfolio.,synthetic_extension,False
bank_dwh,dim_portfolio,dimension,wealth,30,yield_rate,"NUMERIC(14,8)",True,Synthetic yield rate attribute for portfolio.,synthetic_extension,False
bank_dwh,dim_portfolio,dimension,wealth,31,face_value_amount,"NUMERIC(20,4)",True,Synthetic face value amount attribute for portfolio.,synthetic_extension,False
bank_dwh,dim_portfolio,dimension,wealth,32,lot_size_count,BIGINT,True,Synthetic lot size count attribute for portfolio.,synthetic_extension,False
bank_dwh,dim_portfolio,dimension,wealth,33,market_code,VARCHAR(50),True,Synthetic market code attribute for portfolio.,synthetic_extension,False
bank_dwh,dim_portfolio,dimension,wealth,34,exchange_code,VARCHAR(50),True,Synthetic exchange code attribute for portfolio.,synthetic_extension,False
bank_dwh,dim_portfolio,dimension,wealth,35,listing_status_code,VARCHAR(50),True,Synthetic listing status code attribute for portfolio.,synthetic_extension,False
bank_dwh,dim_portfolio,dimension,wealth,36,pricing_source_code,VARCHAR(50),True,Synthetic pricing source code attribute for portfolio.,synthetic_extension,False
bank_dwh,dim_portfolio,dimension,wealth,37,valuation_method_code,VARCHAR(50),True,Synthetic valuation method code attribute for portfolio.,synthetic_extension,False
bank_dwh,dim_portfolio,dimension,wealth,38,risk_class_code,VARCHAR(50),True,Synthetic risk class code attribute for portfolio.,synthetic_extension,False
bank_dwh,dim_portfolio,dimension,wealth,39,liquidity_class_code,VARCHAR(50),True,Synthetic liquidity class code attribute for portfolio.,synthetic_extension,False
bank_dwh,dim_portfolio,dimension,wealth,40,strategy_code,VARCHAR(50),True,Synthetic strategy code attribute for portfolio.,synthetic_extension,False
bank_dwh,dim_portfolio,dimension,wealth,41,investment_objective_code,VARCHAR(50),True,Synthetic investment objective code attribute for portfolio.,synthetic_extension,False
bank_dwh,dim_portfolio,dimension,wealth,42,benchmark_code,VARCHAR(50),True,Synthetic benchmark code attribute for portfolio.,synthetic_extension,False
bank_dwh,dim_portfolio,dimension,wealth,43,custody_account_id,VARCHAR(100),True,Synthetic custody account id attribute for portfolio.,synthetic_extension,False
bank_dwh,dim_portfolio,dimension,wealth,44,portfolio_manager_id,VARCHAR(100),True,Synthetic portfolio manager id attribute for portfolio.,synthetic_extension,False
bank_dwh,dim_portfolio,dimension,wealth,45,inception_date,DATE,True,Synthetic inception date attribute for portfolio.,synthetic_extension,False
bank_dwh,dim_portfolio,dimension,wealth,46,closure_date,DATE,True,Synthetic closure date attribute for portfolio.,synthetic_extension,False
bank_dwh,dim_portfolio,dimension,wealth,47,portfolio_currency_code,VARCHAR(50),True,Synthetic portfolio currency code attribute for portfolio.,synthetic_extension,False
bank_dwh,dim_portfolio,dimension,wealth,48,mandate_code,VARCHAR(50),True,Synthetic mandate code attribute for portfolio.,synthetic_extension,False
bank_dwh,dim_portfolio,dimension,wealth,49,risk_tolerance_code,VARCHAR(50),True,Synthetic risk tolerance code attribute for portfolio.,synthetic_extension,False
bank_dwh,dim_portfolio,dimension,wealth,50,discretionary_flag,BOOLEAN,True,Synthetic discretionary flag attribute for portfolio.,synthetic_extension,False
bank_dwh,dim_portfolio,dimension,wealth,51,distribution_policy_code,VARCHAR(50),True,Synthetic distribution policy code attribute for portfolio.,synthetic_extension,False
bank_dwh,dim_portfolio,dimension,wealth,52,settlement_cycle_code,VARCHAR(50),True,Synthetic settlement cycle code attribute for portfolio.,synthetic_extension,False
bank_dwh,dim_portfolio,dimension,wealth,53,is_tradable,BOOLEAN,True,Synthetic is tradable attribute for portfolio.,synthetic_extension,False
bank_dwh,dim_portfolio,dimension,wealth,54,is_derivative,BOOLEAN,True,Synthetic is derivative attribute for portfolio.,synthetic_extension,False
bank_dwh,dim_portfolio,dimension,wealth,55,is_active_security,BOOLEAN,True,Synthetic is active security attribute for portfolio.,synthetic_extension,False
bank_dwh,dim_portfolio,dimension,wealth,56,parent_instrument_id,VARCHAR(100),True,Synthetic parent instrument id attribute for portfolio.,synthetic_extension,False
bank_dwh,dim_portfolio,dimension,wealth,57,regulatory_class_code,VARCHAR(50),True,Synthetic regulatory class code attribute for portfolio.,synthetic_extension,False
bank_dwh,dim_portfolio,dimension,wealth,58,portfolio_classification_code,VARCHAR(50),True,Synthetic portfolio classification code.,synthetic_extension,False
bank_dwh,dim_portfolio,dimension,wealth,59,portfolio_status_code,VARCHAR(50),True,Synthetic portfolio status code.,synthetic_extension,False
bank_dwh,dim_portfolio,dimension,wealth,60,portfolio_risk_band_code,VARCHAR(50),True,Synthetic portfolio risk band code.,synthetic_extension,False
bank_dwh,dim_portfolio,dimension,wealth,61,portfolio_segment_code,VARCHAR(50),True,Synthetic portfolio segment code.,synthetic_extension,False
bank_dwh,dim_portfolio,dimension,wealth,62,portfolio_family_code,VARCHAR(50),True,Synthetic portfolio family code.,synthetic_extension,False
bank_dwh,dim_market,dimension,wealth,1,market_key,BIGINT,False,Synthetic surrogate key for dim_market.,structural,True
bank_dwh,dim_market,dimension,wealth,2,business_id,VARCHAR(100),False,Business id for this market member.,structural,False
bank_dwh,dim_market,dimension,wealth,3,business_code,VARCHAR(50),True,Business code for this market member.,structural,False
bank_dwh,dim_market,dimension,wealth,4,display_name,VARCHAR(200),True,Display name for this market member.,structural,False
bank_dwh,dim_market,dimension,wealth,5,description,VARCHAR(120),True,Description for this market member.,structural,False
bank_dwh,dim_market,dimension,wealth,6,effective_from_date,DATE,False,Effective from date for this market member.,structural,False
bank_dwh,dim_market,dimension,wealth,7,effective_to_date,DATE,True,Effective to date for this market member.,structural,False
bank_dwh,dim_market,dimension,wealth,8,is_current,BOOLEAN,False,Is current for this market member.,structural,False
bank_dwh,dim_market,dimension,wealth,9,is_active,BOOLEAN,True,Is active for this market member.,structural,False
bank_dwh,dim_market,dimension,wealth,10,source_system_code,VARCHAR(50),True,Source system code for this market member.,structural,False
bank_dwh,dim_market,dimension,wealth,11,source_record_id,VARCHAR(100),True,Source record id for this market member.,structural,False
bank_dwh,dim_market,dimension,wealth,12,ingested_at,TIMESTAMPTZ,True,Ingested at for this market member.,structural,False
bank_dwh,dim_market,dimension,wealth,13,updated_at,TIMESTAMPTZ,True,Updated at for this market member.,structural,False
bank_dwh,dim_market,dimension,wealth,14,record_hash,VARCHAR(100),True,Record hash for this market member.,structural,False
bank_dwh,dim_market,dimension,wealth,15,data_quality_status_code,VARCHAR(50),True,Data quality status code for this market member.,structural,False
bank_dwh,dim_market,dimension,wealth,16,data_owner_code,VARCHAR(50),True,Data owner code for this market member.,structural,False
bank_dwh,dim_market,dimension,wealth,17,version_number,BIGINT,True,Version number for this market member.,structural,False
bank_dwh,dim_market,dimension,wealth,18,country_code,VARCHAR(50),True,Synthetic country code attribute for market.,synthetic_extension,False
bank_dwh,dim_market,dimension,wealth,19,region_code,VARCHAR(50),True,Synthetic region code attribute for market.,synthetic_extension,False
bank_dwh,dim_market,dimension,wealth,20,city_name,VARCHAR(200),True,Synthetic city name attribute for market.,synthetic_extension,False
bank_dwh,dim_market,dimension,wealth,21,postal_code,VARCHAR(50),True,Synthetic postal code attribute for market.,synthetic_extension,False
bank_dwh,dim_market,dimension,wealth,22,address_line_1,VARCHAR(120),True,Synthetic address line 1 attribute for market.,synthetic_extension,False
bank_dwh,dim_market,dimension,wealth,23,address_line_2,VARCHAR(120),True,Synthetic address line 2 attribute for market.,synthetic_extension,False
bank_dwh,dim_market,dimension,wealth,24,timezone_code,VARCHAR(50),True,Synthetic timezone code attribute for market.,synthetic_extension,False
bank_dwh,dim_market,dimension,wealth,25,jurisdiction_code,VARCHAR(50),True,Synthetic jurisdiction code attribute for market.,synthetic_extension,False
bank_dwh,dim_market,dimension,wealth,26,legal_entity_code,VARCHAR(50),True,Synthetic legal entity code attribute for market.,synthetic_extension,False
bank_dwh,dim_market,dimension,wealth,27,organization_unit_code,VARCHAR(50),True,Synthetic organization unit code attribute for market.,synthetic_extension,False
bank_dwh,dim_market,dimension,wealth,28,parent_unit_code,VARCHAR(50),True,Synthetic parent unit code attribute for market.,synthetic_extension,False
bank_dwh,dim_market,dimension,wealth,29,hierarchy_level,BIGINT,True,Synthetic hierarchy level attribute for market.,synthetic_extension,False
bank_dwh,dim_market,dimension,wealth,30,business_line_code,VARCHAR(50),True,Synthetic business line code attribute for market.,synthetic_extension,False
bank_dwh,dim_market,dimension,wealth,31,cost_center_code,VARCHAR(50),True,Synthetic cost center code attribute for market.,synthetic_extension,False
bank_dwh,dim_market,dimension,wealth,32,manager_id,VARCHAR(100),True,Synthetic manager id attribute for market.,synthetic_extension,False
bank_dwh,dim_market,dimension,wealth,33,operating_status_code,VARCHAR(50),True,Synthetic operating status code attribute for market.,synthetic_extension,False
bank_dwh,dim_market,dimension,wealth,34,opening_date,DATE,True,Synthetic opening date attribute for market.,synthetic_extension,False
bank_dwh,dim_market,dimension,wealth,35,closure_date,DATE,True,Synthetic closure date attribute for market.,synthetic_extension,False
bank_dwh,dim_benchmark,dimension,wealth,1,benchmark_key,BIGINT,False,Synthetic surrogate key for dim_benchmark.,structural,True
bank_dwh,dim_benchmark,dimension,wealth,2,business_id,VARCHAR(100),False,Business id for this benchmark member.,structural,False
bank_dwh,dim_benchmark,dimension,wealth,3,business_code,VARCHAR(50),True,Business code for this benchmark member.,structural,False
bank_dwh,dim_benchmark,dimension,wealth,4,display_name,VARCHAR(200),True,Display name for this benchmark member.,structural,False
bank_dwh,dim_benchmark,dimension,wealth,5,description,VARCHAR(120),True,Description for this benchmark member.,structural,False
bank_dwh,dim_benchmark,dimension,wealth,6,effective_from_date,DATE,False,Effective from date for this benchmark member.,structural,False
bank_dwh,dim_benchmark,dimension,wealth,7,effective_to_date,DATE,True,Effective to date for this benchmark member.,structural,False
bank_dwh,dim_benchmark,dimension,wealth,8,is_current,BOOLEAN,False,Is current for this benchmark member.,structural,False
bank_dwh,dim_benchmark,dimension,wealth,9,is_active,BOOLEAN,True,Is active for this benchmark member.,structural,False
bank_dwh,dim_benchmark,dimension,wealth,10,source_system_code,VARCHAR(50),True,Source system code for this benchmark member.,structural,False
bank_dwh,dim_benchmark,dimension,wealth,11,source_record_id,VARCHAR(100),True,Source record id for this benchmark member.,structural,False
bank_dwh,dim_benchmark,dimension,wealth,12,ingested_at,TIMESTAMPTZ,True,Ingested at for this benchmark member.,structural,False
bank_dwh,dim_benchmark,dimension,wealth,13,updated_at,TIMESTAMPTZ,True,Updated at for this benchmark member.,structural,False
bank_dwh,dim_benchmark,dimension,wealth,14,record_hash,VARCHAR(100),True,Record hash for this benchmark member.,structural,False
bank_dwh,dim_benchmark,dimension,wealth,15,data_quality_status_code,VARCHAR(50),True,Data quality status code for this benchmark member.,structural,False
bank_dwh,dim_benchmark,dimension,wealth,16,data_owner_code,VARCHAR(50),True,Data owner code for this benchmark member.,structural,False
bank_dwh,dim_benchmark,dimension,wealth,17,version_number,BIGINT,True,Version number for this benchmark member.,structural,False
bank_dwh,dim_benchmark,dimension,wealth,18,instrument_id,VARCHAR(100),True,Synthetic instrument id attribute for benchmark.,synthetic_extension,False
bank_dwh,dim_benchmark,dimension,wealth,19,isin_code,VARCHAR(50),True,Synthetic isin code attribute for benchmark.,synthetic_extension,False
bank_dwh,dim_benchmark,dimension,wealth,20,ticker_symbol,VARCHAR(120),True,Synthetic ticker symbol attribute for benchmark.,synthetic_extension,False
bank_dwh,dim_benchmark,dimension,wealth,21,asset_class_code,VARCHAR(50),True,Synthetic asset class code attribute for benchmark.,synthetic_extension,False
bank_dwh,dim_benchmark,dimension,wealth,22,asset_subclass_code,VARCHAR(50),True,Synthetic asset subclass code attribute for benchmark.,synthetic_extension,False
bank_dwh,dim_benchmark,dimension,wealth,23,instrument_type_code,VARCHAR(50),True,Synthetic instrument type code attribute for benchmark.,synthetic_extension,False
bank_dwh,dim_benchmark,dimension,wealth,24,issuer_id,VARCHAR(100),True,Synthetic issuer id attribute for benchmark.,synthetic_extension,False
bank_dwh,dim_benchmark,dimension,wealth,25,issuer_country_code,VARCHAR(50),True,Synthetic issuer country code attribute for benchmark.,synthetic_extension,False
bank_dwh,dim_benchmark,dimension,wealth,26,trading_currency_code,VARCHAR(50),True,Synthetic trading currency code attribute for benchmark.,synthetic_extension,False
bank_dwh,dim_benchmark,dimension,wealth,27,issue_date,DATE,True,Synthetic issue date attribute for benchmark.,synthetic_extension,False
bank_dwh,dim_benchmark,dimension,wealth,28,maturity_date,DATE,True,Synthetic maturity date attribute for benchmark.,synthetic_extension,False
bank_dwh,dim_benchmark,dimension,wealth,29,coupon_rate,"NUMERIC(14,8)",True,Synthetic coupon rate attribute for benchmark.,synthetic_extension,False
bank_dwh,dim_benchmark,dimension,wealth,30,yield_rate,"NUMERIC(14,8)",True,Synthetic yield rate attribute for benchmark.,synthetic_extension,False
bank_dwh,dim_benchmark,dimension,wealth,31,face_value_amount,"NUMERIC(20,4)",True,Synthetic face value amount attribute for benchmark.,synthetic_extension,False
bank_dwh,dim_benchmark,dimension,wealth,32,lot_size_count,BIGINT,True,Synthetic lot size count attribute for benchmark.,synthetic_extension,False
bank_dwh,dim_benchmark,dimension,wealth,33,market_code,VARCHAR(50),True,Synthetic market code attribute for benchmark.,synthetic_extension,False
bank_dwh,dim_benchmark,dimension,wealth,34,exchange_code,VARCHAR(50),True,Synthetic exchange code attribute for benchmark.,synthetic_extension,False
bank_dwh,dim_benchmark,dimension,wealth,35,listing_status_code,VARCHAR(50),True,Synthetic listing status code attribute for benchmark.,synthetic_extension,False
bank_dwh,dim_benchmark,dimension,wealth,36,pricing_source_code,VARCHAR(50),True,Synthetic pricing source code attribute for benchmark.,synthetic_extension,False
bank_dwh,dim_benchmark,dimension,wealth,37,valuation_method_code,VARCHAR(50),True,Synthetic valuation method code attribute for benchmark.,synthetic_extension,False
bank_dwh,dim_benchmark,dimension,wealth,38,risk_class_code,VARCHAR(50),True,Synthetic risk class code attribute for benchmark.,synthetic_extension,False
bank_dwh,dim_benchmark,dimension,wealth,39,liquidity_class_code,VARCHAR(50),True,Synthetic liquidity class code attribute for benchmark.,synthetic_extension,False
bank_dwh,dim_benchmark,dimension,wealth,40,strategy_code,VARCHAR(50),True,Synthetic strategy code attribute for benchmark.,synthetic_extension,False
bank_dwh,dim_benchmark,dimension,wealth,41,investment_objective_code,VARCHAR(50),True,Synthetic investment objective code attribute for benchmark.,synthetic_extension,False
bank_dwh,dim_benchmark,dimension,wealth,42,benchmark_code,VARCHAR(50),True,Synthetic benchmark code attribute for benchmark.,synthetic_extension,False
bank_dwh,dim_benchmark,dimension,wealth,43,custody_account_id,VARCHAR(100),True,Synthetic custody account id attribute for benchmark.,synthetic_extension,False
bank_dwh,dim_benchmark,dimension,wealth,44,portfolio_manager_id,VARCHAR(100),True,Synthetic portfolio manager id attribute for benchmark.,synthetic_extension,False
bank_dwh,dim_benchmark,dimension,wealth,45,inception_date,DATE,True,Synthetic inception date attribute for benchmark.,synthetic_extension,False
bank_dwh,dim_risk_model,dimension,risk_compliance,1,risk_model_key,BIGINT,False,Synthetic surrogate key for dim_risk_model.,structural,True
bank_dwh,dim_risk_model,dimension,risk_compliance,2,business_id,VARCHAR(100),False,Business id for this risk model member.,structural,False
bank_dwh,dim_risk_model,dimension,risk_compliance,3,business_code,VARCHAR(50),True,Business code for this risk model member.,structural,False
bank_dwh,dim_risk_model,dimension,risk_compliance,4,display_name,VARCHAR(200),True,Display name for this risk model member.,structural,False
bank_dwh,dim_risk_model,dimension,risk_compliance,5,description,VARCHAR(120),True,Description for this risk model member.,structural,False
bank_dwh,dim_risk_model,dimension,risk_compliance,6,effective_from_date,DATE,False,Effective from date for this risk model member.,structural,False
bank_dwh,dim_risk_model,dimension,risk_compliance,7,effective_to_date,DATE,True,Effective to date for this risk model member.,structural,False
bank_dwh,dim_risk_model,dimension,risk_compliance,8,is_current,BOOLEAN,False,Is current for this risk model member.,structural,False
bank_dwh,dim_risk_model,dimension,risk_compliance,9,is_active,BOOLEAN,True,Is active for this risk model member.,structural,False
bank_dwh,dim_risk_model,dimension,risk_compliance,10,source_system_code,VARCHAR(50),True,Source system code for this risk model member.,structural,False
bank_dwh,dim_risk_model,dimension,risk_compliance,11,source_record_id,VARCHAR(100),True,Source record id for this risk model member.,structural,False
bank_dwh,dim_risk_model,dimension,risk_compliance,12,ingested_at,TIMESTAMPTZ,True,Ingested at for this risk model member.,structural,False
bank_dwh,dim_risk_model,dimension,risk_compliance,13,updated_at,TIMESTAMPTZ,True,Updated at for this risk model member.,structural,False
bank_dwh,dim_risk_model,dimension,risk_compliance,14,record_hash,VARCHAR(100),True,Record hash for this risk model member.,structural,False
bank_dwh,dim_risk_model,dimension,risk_compliance,15,data_quality_status_code,VARCHAR(50),True,Data quality status code for this risk model member.,structural,False
bank_dwh,dim_risk_model,dimension,risk_compliance,16,data_owner_code,VARCHAR(50),True,Data owner code for this risk model member.,structural,False
bank_dwh,dim_risk_model,dimension,risk_compliance,17,version_number,BIGINT,True,Version number for this risk model member.,structural,False
bank_dwh,dim_risk_model,dimension,risk_compliance,18,rule_code,VARCHAR(50),True,Synthetic rule code attribute for risk model.,synthetic_extension,False
bank_dwh,dim_risk_model,dimension,risk_compliance,19,rule_family_code,VARCHAR(50),True,Synthetic rule family code attribute for risk model.,synthetic_extension,False
bank_dwh,dim_risk_model,dimension,risk_compliance,20,rule_category_code,VARCHAR(50),True,Synthetic rule category code attribute for risk model.,synthetic_extension,False
bank_dwh,dim_risk_model,dimension,risk_compliance,21,scenario_code,VARCHAR(50),True,Synthetic scenario code attribute for risk model.,synthetic_extension,False
bank_dwh,dim_risk_model,dimension,risk_compliance,22,risk_type_code,VARCHAR(50),True,Synthetic risk type code attribute for risk model.,synthetic_extension,False
bank_dwh,dim_risk_model,dimension,risk_compliance,23,risk_subtype_code,VARCHAR(50),True,Synthetic risk subtype code attribute for risk model.,synthetic_extension,False
bank_dwh,dim_risk_model,dimension,risk_compliance,24,risk_band_code,VARCHAR(50),True,Synthetic risk band code attribute for risk model.,synthetic_extension,False
bank_dwh,dim_risk_model,dimension,risk_compliance,25,severity_code,VARCHAR(50),True,Synthetic severity code attribute for risk model.,synthetic_extension,False
bank_dwh,dim_risk_model,dimension,risk_compliance,26,regulatory_basis_code,VARCHAR(50),True,Synthetic regulatory basis code attribute for risk model.,synthetic_extension,False
bank_dwh,dim_risk_model,dimension,risk_compliance,27,reporting_framework_code,VARCHAR(50),True,Synthetic reporting framework code attribute for risk model.,synthetic_extension,False
bank_dwh,dim_risk_model,dimension,risk_compliance,28,report_frequency_code,VARCHAR(50),True,Synthetic report frequency code attribute for risk model.,synthetic_extension,False
bank_dwh,dim_risk_model,dimension,risk_compliance,29,model_version_code,VARCHAR(50),True,Synthetic model version code attribute for risk model.,synthetic_extension,False
bank_dwh,dim_risk_model,dimension,risk_compliance,30,scorecard_code,VARCHAR(50),True,Synthetic scorecard code attribute for risk model.,synthetic_extension,False
bank_dwh,dim_risk_model,dimension,risk_compliance,31,threshold_amount,"NUMERIC(20,4)",True,Synthetic threshold amount attribute for risk model.,synthetic_extension,False
bank_dwh,dim_risk_model,dimension,risk_compliance,32,threshold_rate,"NUMERIC(14,8)",True,Synthetic threshold rate attribute for risk model.,synthetic_extension,False
bank_dwh,dim_risk_model,dimension,risk_compliance,33,minimum_score_value,VARCHAR(120),True,Synthetic minimum score value attribute for risk model.,synthetic_extension,False
bank_dwh,dim_risk_model,dimension,risk_compliance,34,maximum_score_value,VARCHAR(120),True,Synthetic maximum score value attribute for risk model.,synthetic_extension,False
bank_dwh,dim_risk_model,dimension,risk_compliance,35,review_frequency_code,VARCHAR(50),True,Synthetic review frequency code attribute for risk model.,synthetic_extension,False
bank_dwh,dim_risk_model,dimension,risk_compliance,36,approval_status_code,VARCHAR(50),True,Synthetic approval status code attribute for risk model.,synthetic_extension,False
bank_dwh,dim_risk_model,dimension,risk_compliance,37,approval_date,DATE,True,Synthetic approval date attribute for risk model.,synthetic_extension,False
bank_dwh,dim_risk_model,dimension,risk_compliance,38,owner_unit_code,VARCHAR(50),True,Synthetic owner unit code attribute for risk model.,synthetic_extension,False
bank_dwh,dim_risk_model,dimension,risk_compliance,39,model_owner_id,VARCHAR(100),True,Synthetic model owner id attribute for risk model.,synthetic_extension,False
bank_dwh,dim_risk_model,dimension,risk_compliance,40,rule_owner_id,VARCHAR(100),True,Synthetic rule owner id attribute for risk model.,synthetic_extension,False
bank_dwh,dim_risk_model,dimension,risk_compliance,41,last_validation_date,DATE,True,Synthetic last validation date attribute for risk model.,synthetic_extension,False
bank_dwh,dim_risk_model,dimension,risk_compliance,42,next_validation_date,DATE,True,Synthetic next validation date attribute for risk model.,synthetic_extension,False
bank_dwh,dim_risk_model,dimension,risk_compliance,43,effective_date,DATE,True,Synthetic effective date attribute for risk model.,synthetic_extension,False
bank_dwh,dim_risk_model,dimension,risk_compliance,44,expiry_date,DATE,True,Synthetic expiry date attribute for risk model.,synthetic_extension,False
bank_dwh,dim_risk_model,dimension,risk_compliance,45,is_reportable,BOOLEAN,True,Synthetic is reportable attribute for risk model.,synthetic_extension,False
bank_dwh,dim_regulatory_report,dimension,risk_compliance,1,regulatory_report_key,BIGINT,False,Synthetic surrogate key for dim_regulatory_report.,structural,True
bank_dwh,dim_regulatory_report,dimension,risk_compliance,2,business_id,VARCHAR(100),False,Business id for this regulatory report member.,structural,False
bank_dwh,dim_regulatory_report,dimension,risk_compliance,3,business_code,VARCHAR(50),True,Business code for this regulatory report member.,structural,False
bank_dwh,dim_regulatory_report,dimension,risk_compliance,4,display_name,VARCHAR(200),True,Display name for this regulatory report member.,structural,False
bank_dwh,dim_regulatory_report,dimension,risk_compliance,5,description,VARCHAR(120),True,Description for this regulatory report member.,structural,False
bank_dwh,dim_regulatory_report,dimension,risk_compliance,6,effective_from_date,DATE,False,Effective from date for this regulatory report member.,structural,False
bank_dwh,dim_regulatory_report,dimension,risk_compliance,7,effective_to_date,DATE,True,Effective to date for this regulatory report member.,structural,False
bank_dwh,dim_regulatory_report,dimension,risk_compliance,8,is_current,BOOLEAN,False,Is current for this regulatory report member.,structural,False
bank_dwh,dim_regulatory_report,dimension,risk_compliance,9,is_active,BOOLEAN,True,Is active for this regulatory report member.,structural,False
bank_dwh,dim_regulatory_report,dimension,risk_compliance,10,source_system_code,VARCHAR(50),True,Source system code for this regulatory report member.,structural,False
bank_dwh,dim_regulatory_report,dimension,risk_compliance,11,source_record_id,VARCHAR(100),True,Source record id for this regulatory report member.,structural,False
bank_dwh,dim_regulatory_report,dimension,risk_compliance,12,ingested_at,TIMESTAMPTZ,True,Ingested at for this regulatory report member.,structural,False
bank_dwh,dim_regulatory_report,dimension,risk_compliance,13,updated_at,TIMESTAMPTZ,True,Updated at for this regulatory report member.,structural,False
bank_dwh,dim_regulatory_report,dimension,risk_compliance,14,record_hash,VARCHAR(100),True,Record hash for this regulatory report member.,structural,False
bank_dwh,dim_regulatory_report,dimension,risk_compliance,15,data_quality_status_code,VARCHAR(50),True,Data quality status code for this regulatory report member.,structural,False
bank_dwh,dim_regulatory_report,dimension,risk_compliance,16,data_owner_code,VARCHAR(50),True,Data owner code for this regulatory report member.,structural,False
bank_dwh,dim_regulatory_report,dimension,risk_compliance,17,version_number,BIGINT,True,Version number for this regulatory report member.,structural,False
bank_dwh,dim_regulatory_report,dimension,risk_compliance,18,rule_code,VARCHAR(50),True,Synthetic rule code attribute for regulatory report.,synthetic_extension,False
bank_dwh,dim_regulatory_report,dimension,risk_compliance,19,rule_family_code,VARCHAR(50),True,Synthetic rule family code attribute for regulatory report.,synthetic_extension,False
bank_dwh,dim_regulatory_report,dimension,risk_compliance,20,rule_category_code,VARCHAR(50),True,Synthetic rule category code attribute for regulatory report.,synthetic_extension,False
bank_dwh,dim_regulatory_report,dimension,risk_compliance,21,scenario_code,VARCHAR(50),True,Synthetic scenario code attribute for regulatory report.,synthetic_extension,False
bank_dwh,dim_regulatory_report,dimension,risk_compliance,22,risk_type_code,VARCHAR(50),True,Synthetic risk type code attribute for regulatory report.,synthetic_extension,False
bank_dwh,dim_regulatory_report,dimension,risk_compliance,23,risk_subtype_code,VARCHAR(50),True,Synthetic risk subtype code attribute for regulatory report.,synthetic_extension,False
bank_dwh,dim_regulatory_report,dimension,risk_compliance,24,risk_band_code,VARCHAR(50),True,Synthetic risk band code attribute for regulatory report.,synthetic_extension,False
bank_dwh,dim_regulatory_report,dimension,risk_compliance,25,severity_code,VARCHAR(50),True,Synthetic severity code attribute for regulatory report.,synthetic_extension,False
bank_dwh,dim_regulatory_report,dimension,risk_compliance,26,regulatory_basis_code,VARCHAR(50),True,Synthetic regulatory basis code attribute for regulatory report.,synthetic_extension,False
bank_dwh,dim_regulatory_report,dimension,risk_compliance,27,reporting_framework_code,VARCHAR(50),True,Synthetic reporting framework code attribute for regulatory report.,synthetic_extension,False
bank_dwh,dim_regulatory_report,dimension,risk_compliance,28,report_frequency_code,VARCHAR(50),True,Synthetic report frequency code attribute for regulatory report.,synthetic_extension,False
bank_dwh,dim_regulatory_report,dimension,risk_compliance,29,model_version_code,VARCHAR(50),True,Synthetic model version code attribute for regulatory report.,synthetic_extension,False
bank_dwh,dim_regulatory_report,dimension,risk_compliance,30,scorecard_code,VARCHAR(50),True,Synthetic scorecard code attribute for regulatory report.,synthetic_extension,False
bank_dwh,dim_regulatory_report,dimension,risk_compliance,31,threshold_amount,"NUMERIC(20,4)",True,Synthetic threshold amount attribute for regulatory report.,synthetic_extension,False
bank_dwh,dim_regulatory_report,dimension,risk_compliance,32,threshold_rate,"NUMERIC(14,8)",True,Synthetic threshold rate attribute for regulatory report.,synthetic_extension,False
bank_dwh,dim_regulatory_report,dimension,risk_compliance,33,minimum_score_value,VARCHAR(120),True,Synthetic minimum score value attribute for regulatory report.,synthetic_extension,False
bank_dwh,dim_regulatory_report,dimension,risk_compliance,34,maximum_score_value,VARCHAR(120),True,Synthetic maximum score value attribute for regulatory report.,synthetic_extension,False
bank_dwh,dim_regulatory_report,dimension,risk_compliance,35,review_frequency_code,VARCHAR(50),True,Synthetic review frequency code attribute for regulatory report.,synthetic_extension,False
bank_dwh,dim_regulatory_report,dimension,risk_compliance,36,approval_status_code,VARCHAR(50),True,Synthetic approval status code attribute for regulatory report.,synthetic_extension,False
bank_dwh,dim_regulatory_report,dimension,risk_compliance,37,approval_date,DATE,True,Synthetic approval date attribute for regulatory report.,synthetic_extension,False
bank_dwh,dim_regulatory_report,dimension,risk_compliance,38,owner_unit_code,VARCHAR(50),True,Synthetic owner unit code attribute for regulatory report.,synthetic_extension,False
bank_dwh,dim_regulatory_report,dimension,risk_compliance,39,model_owner_id,VARCHAR(100),True,Synthetic model owner id attribute for regulatory report.,synthetic_extension,False
bank_dwh,dim_regulatory_report,dimension,risk_compliance,40,rule_owner_id,VARCHAR(100),True,Synthetic rule owner id attribute for regulatory report.,synthetic_extension,False
bank_dwh,dim_regulatory_report,dimension,risk_compliance,41,last_validation_date,DATE,True,Synthetic last validation date attribute for regulatory report.,synthetic_extension,False
bank_dwh,dim_regulatory_report,dimension,risk_compliance,42,next_validation_date,DATE,True,Synthetic next validation date attribute for regulatory report.,synthetic_extension,False
bank_dwh,dim_regulatory_report,dimension,risk_compliance,43,effective_date,DATE,True,Synthetic effective date attribute for regulatory report.,synthetic_extension,False
bank_dwh,dim_regulatory_report,dimension,risk_compliance,44,expiry_date,DATE,True,Synthetic expiry date attribute for regulatory report.,synthetic_extension,False
bank_dwh,dim_regulatory_report,dimension,risk_compliance,45,is_reportable,BOOLEAN,True,Synthetic is reportable attribute for regulatory report.,synthetic_extension,False
bank_dwh,dim_jurisdiction,dimension,risk_compliance,1,jurisdiction_key,BIGINT,False,Synthetic surrogate key for dim_jurisdiction.,structural,True
bank_dwh,dim_jurisdiction,dimension,risk_compliance,2,business_id,VARCHAR(100),False,Business id for this jurisdiction member.,structural,False
bank_dwh,dim_jurisdiction,dimension,risk_compliance,3,business_code,VARCHAR(50),True,Business code for this jurisdiction member.,structural,False
bank_dwh,dim_jurisdiction,dimension,risk_compliance,4,display_name,VARCHAR(200),True,Display name for this jurisdiction member.,structural,False
bank_dwh,dim_jurisdiction,dimension,risk_compliance,5,description,VARCHAR(120),True,Description for this jurisdiction member.,structural,False
bank_dwh,dim_jurisdiction,dimension,risk_compliance,6,effective_from_date,DATE,False,Effective from date for this jurisdiction member.,structural,False
bank_dwh,dim_jurisdiction,dimension,risk_compliance,7,effective_to_date,DATE,True,Effective to date for this jurisdiction member.,structural,False
bank_dwh,dim_jurisdiction,dimension,risk_compliance,8,is_current,BOOLEAN,False,Is current for this jurisdiction member.,structural,False
bank_dwh,dim_jurisdiction,dimension,risk_compliance,9,is_active,BOOLEAN,True,Is active for this jurisdiction member.,structural,False
bank_dwh,dim_jurisdiction,dimension,risk_compliance,10,source_system_code,VARCHAR(50),True,Source system code for this jurisdiction member.,structural,False
bank_dwh,dim_jurisdiction,dimension,risk_compliance,11,source_record_id,VARCHAR(100),True,Source record id for this jurisdiction member.,structural,False
bank_dwh,dim_jurisdiction,dimension,risk_compliance,12,ingested_at,TIMESTAMPTZ,True,Ingested at for this jurisdiction member.,structural,False
bank_dwh,dim_jurisdiction,dimension,risk_compliance,13,updated_at,TIMESTAMPTZ,True,Updated at for this jurisdiction member.,structural,False
bank_dwh,dim_jurisdiction,dimension,risk_compliance,14,record_hash,VARCHAR(100),True,Record hash for this jurisdiction member.,structural,False
bank_dwh,dim_jurisdiction,dimension,risk_compliance,15,data_quality_status_code,VARCHAR(50),True,Data quality status code for this jurisdiction member.,structural,False
bank_dwh,dim_jurisdiction,dimension,risk_compliance,16,data_owner_code,VARCHAR(50),True,Data owner code for this jurisdiction member.,structural,False
bank_dwh,dim_jurisdiction,dimension,risk_compliance,17,version_number,BIGINT,True,Version number for this jurisdiction member.,structural,False
bank_dwh,dim_jurisdiction,dimension,risk_compliance,18,country_code,VARCHAR(50),True,Synthetic country code attribute for jurisdiction.,synthetic_extension,False
bank_dwh,dim_jurisdiction,dimension,risk_compliance,19,region_code,VARCHAR(50),True,Synthetic region code attribute for jurisdiction.,synthetic_extension,False
bank_dwh,dim_jurisdiction,dimension,risk_compliance,20,city_name,VARCHAR(200),True,Synthetic city name attribute for jurisdiction.,synthetic_extension,False
bank_dwh,dim_jurisdiction,dimension,risk_compliance,21,postal_code,VARCHAR(50),True,Synthetic postal code attribute for jurisdiction.,synthetic_extension,False
bank_dwh,dim_jurisdiction,dimension,risk_compliance,22,address_line_1,VARCHAR(120),True,Synthetic address line 1 attribute for jurisdiction.,synthetic_extension,False
bank_dwh,dim_jurisdiction,dimension,risk_compliance,23,address_line_2,VARCHAR(120),True,Synthetic address line 2 attribute for jurisdiction.,synthetic_extension,False
bank_dwh,dim_jurisdiction,dimension,risk_compliance,24,timezone_code,VARCHAR(50),True,Synthetic timezone code attribute for jurisdiction.,synthetic_extension,False
bank_dwh,dim_jurisdiction,dimension,risk_compliance,25,jurisdiction_code,VARCHAR(50),True,Synthetic jurisdiction code attribute for jurisdiction.,synthetic_extension,False
bank_dwh,dim_jurisdiction,dimension,risk_compliance,26,legal_entity_code,VARCHAR(50),True,Synthetic legal entity code attribute for jurisdiction.,synthetic_extension,False
bank_dwh,dim_jurisdiction,dimension,risk_compliance,27,organization_unit_code,VARCHAR(50),True,Synthetic organization unit code attribute for jurisdiction.,synthetic_extension,False
bank_dwh,dim_jurisdiction,dimension,risk_compliance,28,parent_unit_code,VARCHAR(50),True,Synthetic parent unit code attribute for jurisdiction.,synthetic_extension,False
bank_dwh,dim_jurisdiction,dimension,risk_compliance,29,hierarchy_level,BIGINT,True,Synthetic hierarchy level attribute for jurisdiction.,synthetic_extension,False
bank_dwh,dim_jurisdiction,dimension,risk_compliance,30,business_line_code,VARCHAR(50),True,Synthetic business line code attribute for jurisdiction.,synthetic_extension,False
bank_dwh,dim_jurisdiction,dimension,risk_compliance,31,cost_center_code,VARCHAR(50),True,Synthetic cost center code attribute for jurisdiction.,synthetic_extension,False
bank_dwh,dim_jurisdiction,dimension,risk_compliance,32,manager_id,VARCHAR(100),True,Synthetic manager id attribute for jurisdiction.,synthetic_extension,False
bank_dwh,dim_jurisdiction,dimension,risk_compliance,33,operating_status_code,VARCHAR(50),True,Synthetic operating status code attribute for jurisdiction.,synthetic_extension,False
bank_dwh,dim_jurisdiction,dimension,risk_compliance,34,opening_date,DATE,True,Synthetic opening date attribute for jurisdiction.,synthetic_extension,False
bank_dwh,dim_jurisdiction,dimension,risk_compliance,35,closure_date,DATE,True,Synthetic closure date attribute for jurisdiction.,synthetic_extension,False
bank_dwh,dim_fraud_rule,dimension,risk_compliance,1,fraud_rule_key,BIGINT,False,Synthetic surrogate key for dim_fraud_rule.,structural,True
bank_dwh,dim_fraud_rule,dimension,risk_compliance,2,business_id,VARCHAR(100),False,Business id for this fraud rule member.,structural,False
bank_dwh,dim_fraud_rule,dimension,risk_compliance,3,business_code,VARCHAR(50),True,Business code for this fraud rule member.,structural,False
bank_dwh,dim_fraud_rule,dimension,risk_compliance,4,display_name,VARCHAR(200),True,Display name for this fraud rule member.,structural,False
bank_dwh,dim_fraud_rule,dimension,risk_compliance,5,description,VARCHAR(120),True,Description for this fraud rule member.,structural,False
bank_dwh,dim_fraud_rule,dimension,risk_compliance,6,effective_from_date,DATE,False,Effective from date for this fraud rule member.,structural,False
bank_dwh,dim_fraud_rule,dimension,risk_compliance,7,effective_to_date,DATE,True,Effective to date for this fraud rule member.,structural,False
bank_dwh,dim_fraud_rule,dimension,risk_compliance,8,is_current,BOOLEAN,False,Is current for this fraud rule member.,structural,False
bank_dwh,dim_fraud_rule,dimension,risk_compliance,9,is_active,BOOLEAN,True,Is active for this fraud rule member.,structural,False
bank_dwh,dim_fraud_rule,dimension,risk_compliance,10,source_system_code,VARCHAR(50),True,Source system code for this fraud rule member.,structural,False
bank_dwh,dim_fraud_rule,dimension,risk_compliance,11,source_record_id,VARCHAR(100),True,Source record id for this fraud rule member.,structural,False
bank_dwh,dim_fraud_rule,dimension,risk_compliance,12,ingested_at,TIMESTAMPTZ,True,Ingested at for this fraud rule member.,structural,False
bank_dwh,dim_fraud_rule,dimension,risk_compliance,13,updated_at,TIMESTAMPTZ,True,Updated at for this fraud rule member.,structural,False
bank_dwh,dim_fraud_rule,dimension,risk_compliance,14,record_hash,VARCHAR(100),True,Record hash for this fraud rule member.,structural,False
bank_dwh,dim_fraud_rule,dimension,risk_compliance,15,data_quality_status_code,VARCHAR(50),True,Data quality status code for this fraud rule member.,structural,False
bank_dwh,dim_fraud_rule,dimension,risk_compliance,16,data_owner_code,VARCHAR(50),True,Data owner code for this fraud rule member.,structural,False
bank_dwh,dim_fraud_rule,dimension,risk_compliance,17,version_number,BIGINT,True,Version number for this fraud rule member.,structural,False
bank_dwh,dim_fraud_rule,dimension,risk_compliance,18,rule_code,VARCHAR(50),True,Synthetic rule code attribute for fraud rule.,synthetic_extension,False
bank_dwh,dim_fraud_rule,dimension,risk_compliance,19,rule_family_code,VARCHAR(50),True,Synthetic rule family code attribute for fraud rule.,synthetic_extension,False
bank_dwh,dim_fraud_rule,dimension,risk_compliance,20,rule_category_code,VARCHAR(50),True,Synthetic rule category code attribute for fraud rule.,synthetic_extension,False
bank_dwh,dim_fraud_rule,dimension,risk_compliance,21,scenario_code,VARCHAR(50),True,Synthetic scenario code attribute for fraud rule.,synthetic_extension,False
bank_dwh,dim_fraud_rule,dimension,risk_compliance,22,risk_type_code,VARCHAR(50),True,Synthetic risk type code attribute for fraud rule.,synthetic_extension,False
bank_dwh,dim_fraud_rule,dimension,risk_compliance,23,risk_subtype_code,VARCHAR(50),True,Synthetic risk subtype code attribute for fraud rule.,synthetic_extension,False
bank_dwh,dim_fraud_rule,dimension,risk_compliance,24,risk_band_code,VARCHAR(50),True,Synthetic risk band code attribute for fraud rule.,synthetic_extension,False
bank_dwh,dim_fraud_rule,dimension,risk_compliance,25,severity_code,VARCHAR(50),True,Synthetic severity code attribute for fraud rule.,synthetic_extension,False
bank_dwh,dim_fraud_rule,dimension,risk_compliance,26,regulatory_basis_code,VARCHAR(50),True,Synthetic regulatory basis code attribute for fraud rule.,synthetic_extension,False
bank_dwh,dim_fraud_rule,dimension,risk_compliance,27,reporting_framework_code,VARCHAR(50),True,Synthetic reporting framework code attribute for fraud rule.,synthetic_extension,False
bank_dwh,dim_fraud_rule,dimension,risk_compliance,28,report_frequency_code,VARCHAR(50),True,Synthetic report frequency code attribute for fraud rule.,synthetic_extension,False
bank_dwh,dim_fraud_rule,dimension,risk_compliance,29,model_version_code,VARCHAR(50),True,Synthetic model version code attribute for fraud rule.,synthetic_extension,False
bank_dwh,dim_fraud_rule,dimension,risk_compliance,30,scorecard_code,VARCHAR(50),True,Synthetic scorecard code attribute for fraud rule.,synthetic_extension,False
bank_dwh,dim_fraud_rule,dimension,risk_compliance,31,threshold_amount,"NUMERIC(20,4)",True,Synthetic threshold amount attribute for fraud rule.,synthetic_extension,False
bank_dwh,dim_fraud_rule,dimension,risk_compliance,32,threshold_rate,"NUMERIC(14,8)",True,Synthetic threshold rate attribute for fraud rule.,synthetic_extension,False
bank_dwh,dim_fraud_rule,dimension,risk_compliance,33,minimum_score_value,VARCHAR(120),True,Synthetic minimum score value attribute for fraud rule.,synthetic_extension,False
bank_dwh,dim_fraud_rule,dimension,risk_compliance,34,maximum_score_value,VARCHAR(120),True,Synthetic maximum score value attribute for fraud rule.,synthetic_extension,False
bank_dwh,dim_fraud_rule,dimension,risk_compliance,35,review_frequency_code,VARCHAR(50),True,Synthetic review frequency code attribute for fraud rule.,synthetic_extension,False
bank_dwh,dim_fraud_rule,dimension,risk_compliance,36,approval_status_code,VARCHAR(50),True,Synthetic approval status code attribute for fraud rule.,synthetic_extension,False
bank_dwh,dim_fraud_rule,dimension,risk_compliance,37,approval_date,DATE,True,Synthetic approval date attribute for fraud rule.,synthetic_extension,False
bank_dwh,dim_fraud_rule,dimension,risk_compliance,38,owner_unit_code,VARCHAR(50),True,Synthetic owner unit code attribute for fraud rule.,synthetic_extension,False
bank_dwh,dim_fraud_rule,dimension,risk_compliance,39,model_owner_id,VARCHAR(100),True,Synthetic model owner id attribute for fraud rule.,synthetic_extension,False
bank_dwh,dim_fraud_rule,dimension,risk_compliance,40,rule_owner_id,VARCHAR(100),True,Synthetic rule owner id attribute for fraud rule.,synthetic_extension,False
bank_dwh,dim_fraud_rule,dimension,risk_compliance,41,last_validation_date,DATE,True,Synthetic last validation date attribute for fraud rule.,synthetic_extension,False
bank_dwh,dim_fraud_rule,dimension,risk_compliance,42,next_validation_date,DATE,True,Synthetic next validation date attribute for fraud rule.,synthetic_extension,False
bank_dwh,dim_fraud_rule,dimension,risk_compliance,43,effective_date,DATE,True,Synthetic effective date attribute for fraud rule.,synthetic_extension,False
bank_dwh,dim_fraud_rule,dimension,risk_compliance,44,expiry_date,DATE,True,Synthetic expiry date attribute for fraud rule.,synthetic_extension,False
bank_dwh,dim_fraud_rule,dimension,risk_compliance,45,is_reportable,BOOLEAN,True,Synthetic is reportable attribute for fraud rule.,synthetic_extension,False
bank_dwh,dim_aml_scenario,dimension,risk_compliance,1,aml_scenario_key,BIGINT,False,Synthetic surrogate key for dim_aml_scenario.,structural,True
bank_dwh,dim_aml_scenario,dimension,risk_compliance,2,business_id,VARCHAR(100),False,Business id for this aml scenario member.,structural,False
bank_dwh,dim_aml_scenario,dimension,risk_compliance,3,business_code,VARCHAR(50),True,Business code for this aml scenario member.,structural,False
bank_dwh,dim_aml_scenario,dimension,risk_compliance,4,display_name,VARCHAR(200),True,Display name for this aml scenario member.,structural,False
bank_dwh,dim_aml_scenario,dimension,risk_compliance,5,description,VARCHAR(120),True,Description for this aml scenario member.,structural,False
bank_dwh,dim_aml_scenario,dimension,risk_compliance,6,effective_from_date,DATE,False,Effective from date for this aml scenario member.,structural,False
bank_dwh,dim_aml_scenario,dimension,risk_compliance,7,effective_to_date,DATE,True,Effective to date for this aml scenario member.,structural,False
bank_dwh,dim_aml_scenario,dimension,risk_compliance,8,is_current,BOOLEAN,False,Is current for this aml scenario member.,structural,False
bank_dwh,dim_aml_scenario,dimension,risk_compliance,9,is_active,BOOLEAN,True,Is active for this aml scenario member.,structural,False
bank_dwh,dim_aml_scenario,dimension,risk_compliance,10,source_system_code,VARCHAR(50),True,Source system code for this aml scenario member.,structural,False
bank_dwh,dim_aml_scenario,dimension,risk_compliance,11,source_record_id,VARCHAR(100),True,Source record id for this aml scenario member.,structural,False
bank_dwh,dim_aml_scenario,dimension,risk_compliance,12,ingested_at,TIMESTAMPTZ,True,Ingested at for this aml scenario member.,structural,False
bank_dwh,dim_aml_scenario,dimension,risk_compliance,13,updated_at,TIMESTAMPTZ,True,Updated at for this aml scenario member.,structural,False
bank_dwh,dim_aml_scenario,dimension,risk_compliance,14,record_hash,VARCHAR(100),True,Record hash for this aml scenario member.,structural,False
bank_dwh,dim_aml_scenario,dimension,risk_compliance,15,data_quality_status_code,VARCHAR(50),True,Data quality status code for this aml scenario member.,structural,False
bank_dwh,dim_aml_scenario,dimension,risk_compliance,16,data_owner_code,VARCHAR(50),True,Data owner code for this aml scenario member.,structural,False
bank_dwh,dim_aml_scenario,dimension,risk_compliance,17,version_number,BIGINT,True,Version number for this aml scenario member.,structural,False
bank_dwh,dim_aml_scenario,dimension,risk_compliance,18,rule_code,VARCHAR(50),True,Synthetic rule code attribute for aml scenario.,synthetic_extension,False
bank_dwh,dim_aml_scenario,dimension,risk_compliance,19,rule_family_code,VARCHAR(50),True,Synthetic rule family code attribute for aml scenario.,synthetic_extension,False
bank_dwh,dim_aml_scenario,dimension,risk_compliance,20,rule_category_code,VARCHAR(50),True,Synthetic rule category code attribute for aml scenario.,synthetic_extension,False
bank_dwh,dim_aml_scenario,dimension,risk_compliance,21,scenario_code,VARCHAR(50),True,Synthetic scenario code attribute for aml scenario.,synthetic_extension,False
bank_dwh,dim_aml_scenario,dimension,risk_compliance,22,risk_type_code,VARCHAR(50),True,Synthetic risk type code attribute for aml scenario.,synthetic_extension,False
bank_dwh,dim_aml_scenario,dimension,risk_compliance,23,risk_subtype_code,VARCHAR(50),True,Synthetic risk subtype code attribute for aml scenario.,synthetic_extension,False
bank_dwh,dim_aml_scenario,dimension,risk_compliance,24,risk_band_code,VARCHAR(50),True,Synthetic risk band code attribute for aml scenario.,synthetic_extension,False
bank_dwh,dim_aml_scenario,dimension,risk_compliance,25,severity_code,VARCHAR(50),True,Synthetic severity code attribute for aml scenario.,synthetic_extension,False
bank_dwh,dim_aml_scenario,dimension,risk_compliance,26,regulatory_basis_code,VARCHAR(50),True,Synthetic regulatory basis code attribute for aml scenario.,synthetic_extension,False
bank_dwh,dim_aml_scenario,dimension,risk_compliance,27,reporting_framework_code,VARCHAR(50),True,Synthetic reporting framework code attribute for aml scenario.,synthetic_extension,False
bank_dwh,dim_aml_scenario,dimension,risk_compliance,28,report_frequency_code,VARCHAR(50),True,Synthetic report frequency code attribute for aml scenario.,synthetic_extension,False
bank_dwh,dim_aml_scenario,dimension,risk_compliance,29,model_version_code,VARCHAR(50),True,Synthetic model version code attribute for aml scenario.,synthetic_extension,False
bank_dwh,dim_aml_scenario,dimension,risk_compliance,30,scorecard_code,VARCHAR(50),True,Synthetic scorecard code attribute for aml scenario.,synthetic_extension,False
bank_dwh,dim_aml_scenario,dimension,risk_compliance,31,threshold_amount,"NUMERIC(20,4)",True,Synthetic threshold amount attribute for aml scenario.,synthetic_extension,False
bank_dwh,dim_aml_scenario,dimension,risk_compliance,32,threshold_rate,"NUMERIC(14,8)",True,Synthetic threshold rate attribute for aml scenario.,synthetic_extension,False
bank_dwh,dim_aml_scenario,dimension,risk_compliance,33,minimum_score_value,VARCHAR(120),True,Synthetic minimum score value attribute for aml scenario.,synthetic_extension,False
bank_dwh,dim_aml_scenario,dimension,risk_compliance,34,maximum_score_value,VARCHAR(120),True,Synthetic maximum score value attribute for aml scenario.,synthetic_extension,False
bank_dwh,dim_aml_scenario,dimension,risk_compliance,35,review_frequency_code,VARCHAR(50),True,Synthetic review frequency code attribute for aml scenario.,synthetic_extension,False
bank_dwh,dim_aml_scenario,dimension,risk_compliance,36,approval_status_code,VARCHAR(50),True,Synthetic approval status code attribute for aml scenario.,synthetic_extension,False
bank_dwh,dim_aml_scenario,dimension,risk_compliance,37,approval_date,DATE,True,Synthetic approval date attribute for aml scenario.,synthetic_extension,False
bank_dwh,dim_aml_scenario,dimension,risk_compliance,38,owner_unit_code,VARCHAR(50),True,Synthetic owner unit code attribute for aml scenario.,synthetic_extension,False
bank_dwh,dim_aml_scenario,dimension,risk_compliance,39,model_owner_id,VARCHAR(100),True,Synthetic model owner id attribute for aml scenario.,synthetic_extension,False
bank_dwh,dim_aml_scenario,dimension,risk_compliance,40,rule_owner_id,VARCHAR(100),True,Synthetic rule owner id attribute for aml scenario.,synthetic_extension,False
bank_dwh,dim_aml_scenario,dimension,risk_compliance,41,last_validation_date,DATE,True,Synthetic last validation date attribute for aml scenario.,synthetic_extension,False
bank_dwh,dim_aml_scenario,dimension,risk_compliance,42,next_validation_date,DATE,True,Synthetic next validation date attribute for aml scenario.,synthetic_extension,False
bank_dwh,dim_aml_scenario,dimension,risk_compliance,43,effective_date,DATE,True,Synthetic effective date attribute for aml scenario.,synthetic_extension,False
bank_dwh,dim_aml_scenario,dimension,risk_compliance,44,expiry_date,DATE,True,Synthetic expiry date attribute for aml scenario.,synthetic_extension,False
bank_dwh,dim_aml_scenario,dimension,risk_compliance,45,is_reportable,BOOLEAN,True,Synthetic is reportable attribute for aml scenario.,synthetic_extension,False
bank_dwh,dim_complaint_category,dimension,risk_compliance,1,complaint_category_key,BIGINT,False,Synthetic surrogate key for dim_complaint_category.,structural,True
bank_dwh,dim_complaint_category,dimension,risk_compliance,2,business_id,VARCHAR(100),False,Business id for this complaint category member.,structural,False
bank_dwh,dim_complaint_category,dimension,risk_compliance,3,business_code,VARCHAR(50),True,Business code for this complaint category member.,structural,False
bank_dwh,dim_complaint_category,dimension,risk_compliance,4,display_name,VARCHAR(200),True,Display name for this complaint category member.,structural,False
bank_dwh,dim_complaint_category,dimension,risk_compliance,5,description,VARCHAR(120),True,Description for this complaint category member.,structural,False
bank_dwh,dim_complaint_category,dimension,risk_compliance,6,effective_from_date,DATE,False,Effective from date for this complaint category member.,structural,False
bank_dwh,dim_complaint_category,dimension,risk_compliance,7,effective_to_date,DATE,True,Effective to date for this complaint category member.,structural,False
bank_dwh,dim_complaint_category,dimension,risk_compliance,8,is_current,BOOLEAN,False,Is current for this complaint category member.,structural,False
bank_dwh,dim_complaint_category,dimension,risk_compliance,9,is_active,BOOLEAN,True,Is active for this complaint category member.,structural,False
bank_dwh,dim_complaint_category,dimension,risk_compliance,10,source_system_code,VARCHAR(50),True,Source system code for this complaint category member.,structural,False
bank_dwh,dim_complaint_category,dimension,risk_compliance,11,source_record_id,VARCHAR(100),True,Source record id for this complaint category member.,structural,False
bank_dwh,dim_complaint_category,dimension,risk_compliance,12,ingested_at,TIMESTAMPTZ,True,Ingested at for this complaint category member.,structural,False
bank_dwh,dim_complaint_category,dimension,risk_compliance,13,updated_at,TIMESTAMPTZ,True,Updated at for this complaint category member.,structural,False
bank_dwh,dim_complaint_category,dimension,risk_compliance,14,record_hash,VARCHAR(100),True,Record hash for this complaint category member.,structural,False
bank_dwh,dim_complaint_category,dimension,risk_compliance,15,data_quality_status_code,VARCHAR(50),True,Data quality status code for this complaint category member.,structural,False
bank_dwh,dim_complaint_category,dimension,risk_compliance,16,data_owner_code,VARCHAR(50),True,Data owner code for this complaint category member.,structural,False
bank_dwh,dim_complaint_category,dimension,risk_compliance,17,version_number,BIGINT,True,Version number for this complaint category member.,structural,False
bank_dwh,dim_complaint_category,dimension,risk_compliance,18,rule_code,VARCHAR(50),True,Synthetic rule code attribute for complaint category.,synthetic_extension,False
bank_dwh,dim_complaint_category,dimension,risk_compliance,19,rule_family_code,VARCHAR(50),True,Synthetic rule family code attribute for complaint category.,synthetic_extension,False
bank_dwh,dim_complaint_category,dimension,risk_compliance,20,rule_category_code,VARCHAR(50),True,Synthetic rule category code attribute for complaint category.,synthetic_extension,False
bank_dwh,dim_complaint_category,dimension,risk_compliance,21,scenario_code,VARCHAR(50),True,Synthetic scenario code attribute for complaint category.,synthetic_extension,False
bank_dwh,dim_complaint_category,dimension,risk_compliance,22,risk_type_code,VARCHAR(50),True,Synthetic risk type code attribute for complaint category.,synthetic_extension,False
bank_dwh,dim_complaint_category,dimension,risk_compliance,23,risk_subtype_code,VARCHAR(50),True,Synthetic risk subtype code attribute for complaint category.,synthetic_extension,False
bank_dwh,dim_complaint_category,dimension,risk_compliance,24,risk_band_code,VARCHAR(50),True,Synthetic risk band code attribute for complaint category.,synthetic_extension,False
bank_dwh,dim_complaint_category,dimension,risk_compliance,25,severity_code,VARCHAR(50),True,Synthetic severity code attribute for complaint category.,synthetic_extension,False
bank_dwh,dim_complaint_category,dimension,risk_compliance,26,regulatory_basis_code,VARCHAR(50),True,Synthetic regulatory basis code attribute for complaint category.,synthetic_extension,False
bank_dwh,dim_complaint_category,dimension,risk_compliance,27,reporting_framework_code,VARCHAR(50),True,Synthetic reporting framework code attribute for complaint category.,synthetic_extension,False
bank_dwh,dim_complaint_category,dimension,risk_compliance,28,report_frequency_code,VARCHAR(50),True,Synthetic report frequency code attribute for complaint category.,synthetic_extension,False
bank_dwh,dim_complaint_category,dimension,risk_compliance,29,model_version_code,VARCHAR(50),True,Synthetic model version code attribute for complaint category.,synthetic_extension,False
bank_dwh,dim_complaint_category,dimension,risk_compliance,30,scorecard_code,VARCHAR(50),True,Synthetic scorecard code attribute for complaint category.,synthetic_extension,False
bank_dwh,dim_complaint_category,dimension,risk_compliance,31,threshold_amount,"NUMERIC(20,4)",True,Synthetic threshold amount attribute for complaint category.,synthetic_extension,False
bank_dwh,dim_complaint_category,dimension,risk_compliance,32,threshold_rate,"NUMERIC(14,8)",True,Synthetic threshold rate attribute for complaint category.,synthetic_extension,False
bank_dwh,dim_complaint_category,dimension,risk_compliance,33,minimum_score_value,VARCHAR(120),True,Synthetic minimum score value attribute for complaint category.,synthetic_extension,False
bank_dwh,dim_complaint_category,dimension,risk_compliance,34,maximum_score_value,VARCHAR(120),True,Synthetic maximum score value attribute for complaint category.,synthetic_extension,False
bank_dwh,dim_complaint_category,dimension,risk_compliance,35,review_frequency_code,VARCHAR(50),True,Synthetic review frequency code attribute for complaint category.,synthetic_extension,False
bank_dwh,fact_account_balance_daily,fact,deposits,1,account_balance_daily_fact_key,BIGINT,False,Synthetic surrogate key for fact_account_balance_daily.,structural,True
bank_dwh,fact_account_balance_daily,fact,deposits,2,business_date_key,BIGINT,False,Business date of this fact row.,structural,False
bank_dwh,fact_account_balance_daily,fact,deposits,3,customer_key,BIGINT,True,Optional key to dim_customer.,relationship,False
bank_dwh,fact_account_balance_daily,fact,deposits,4,account_key,BIGINT,True,Optional key to dim_account.,relationship,False
bank_dwh,fact_account_balance_daily,fact,deposits,5,product_key,BIGINT,True,Optional key to dim_product.,relationship,False
bank_dwh,fact_account_balance_daily,fact,deposits,6,branch_key,BIGINT,True,Optional key to dim_branch.,relationship,False
bank_dwh,fact_account_balance_daily,fact,deposits,7,channel_key,BIGINT,True,Optional key to dim_channel.,relationship,False
bank_dwh,fact_account_balance_daily,fact,deposits,8,currency_key,BIGINT,True,Optional key to dim_currency.,relationship,False
bank_dwh,fact_account_balance_daily,fact,deposits,9,deposit_product_key,BIGINT,True,Optional key to dim_deposit_product.,relationship,False
bank_dwh,fact_account_balance_daily,fact,deposits,10,deposit_term_key,BIGINT,True,Optional key to dim_deposit_term.,relationship,False
bank_dwh,fact_account_balance_daily,fact,deposits,11,account_status_key,BIGINT,True,Optional key to dim_account_status.,relationship,False
bank_dwh,fact_account_balance_daily,fact,deposits,12,source_system_code,VARCHAR(50),True,Source system code for this account balance daily fact.,structural,False
bank_dwh,fact_account_balance_daily,fact,deposits,13,source_record_id,VARCHAR(100),True,Source record id for this account balance daily fact.,structural,False
bank_dwh,fact_account_balance_daily,fact,deposits,14,ingested_at,TIMESTAMPTZ,True,Ingested at for this account balance daily fact.,structural,False
bank_dwh,fact_account_balance_daily,fact,deposits,15,updated_at,TIMESTAMPTZ,True,Updated at for this account balance daily fact.,structural,False
bank_dwh,fact_account_balance_daily,fact,deposits,16,record_hash,VARCHAR(100),True,Record hash for this account balance daily fact.,structural,False
bank_dwh,fact_account_balance_daily,fact,deposits,17,data_quality_status_code,VARCHAR(50),True,Data quality status code for this account balance daily fact.,structural,False
bank_dwh,fact_account_balance_daily,fact,deposits,18,load_batch_id,VARCHAR(100),True,Load batch id for this account balance daily fact.,structural,False
bank_dwh,fact_account_balance_daily,fact,deposits,19,event_id,VARCHAR(100),True,Event id for this account balance daily fact.,structural,False
bank_dwh,fact_account_balance_daily,fact,deposits,20,event_status_code,VARCHAR(50),True,Event status code for this account balance daily fact.,structural,False
bank_dwh,fact_account_balance_daily,fact,deposits,21,currency_code,VARCHAR(50),True,Currency code for this account balance daily fact.,structural,False
bank_dwh,fact_account_balance_daily,fact,deposits,22,opening_balance_amount,"NUMERIC(20,4)",True,Synthetic opening balance amount for account balance daily.,synthetic_extension,False
bank_dwh,fact_account_balance_daily,fact,deposits,23,closing_balance_amount,"NUMERIC(20,4)",True,Synthetic closing balance amount for account balance daily.,synthetic_extension,False
bank_dwh,fact_account_balance_daily,fact,deposits,24,available_balance_amount,"NUMERIC(20,4)",True,Synthetic available balance amount for account balance daily.,synthetic_extension,False
bank_dwh,fact_account_balance_daily,fact,deposits,25,ledger_balance_amount,"NUMERIC(20,4)",True,Synthetic ledger balance amount for account balance daily.,synthetic_extension,False
bank_dwh,fact_account_balance_daily,fact,deposits,26,average_balance_amount,"NUMERIC(20,4)",True,Synthetic average balance amount for account balance daily.,synthetic_extension,False
bank_dwh,fact_account_balance_daily,fact,deposits,27,minimum_balance_amount,"NUMERIC(20,4)",True,Synthetic minimum balance amount for account balance daily.,synthetic_extension,False
bank_dwh,fact_account_balance_daily,fact,deposits,28,maximum_balance_amount,"NUMERIC(20,4)",True,Synthetic maximum balance amount for account balance daily.,synthetic_extension,False
bank_dwh,fact_account_balance_daily,fact,deposits,29,debit_turnover_amount,"NUMERIC(20,4)",True,Synthetic debit turnover amount for account balance daily.,synthetic_extension,False
bank_dwh,fact_account_balance_daily,fact,deposits,30,credit_turnover_amount,"NUMERIC(20,4)",True,Synthetic credit turnover amount for account balance daily.,synthetic_extension,False
bank_dwh,fact_account_balance_daily,fact,deposits,31,blocked_balance_amount,"NUMERIC(20,4)",True,Synthetic blocked balance amount for account balance daily.,synthetic_extension,False
bank_dwh,fact_account_balance_daily,fact,deposits,32,hold_balance_amount,"NUMERIC(20,4)",True,Synthetic hold balance amount for account balance daily.,synthetic_extension,False
bank_dwh,fact_account_balance_daily,fact,deposits,33,overdraft_amount,"NUMERIC(20,4)",True,Synthetic overdraft amount for account balance daily.,synthetic_extension,False
bank_dwh,fact_account_balance_daily,fact,deposits,34,accrued_interest_amount,"NUMERIC(20,4)",True,Synthetic accrued interest amount for account balance daily.,synthetic_extension,False
bank_dwh,fact_account_balance_daily,fact,deposits,35,accrued_fee_amount,"NUMERIC(20,4)",True,Synthetic accrued fee amount for account balance daily.,synthetic_extension,False
bank_dwh,fact_account_balance_daily,fact,deposits,36,balance_change_amount,"NUMERIC(20,4)",True,Synthetic balance change amount for account balance daily.,synthetic_extension,False
bank_dwh,fact_account_balance_daily,fact,deposits,37,prior_day_balance_amount,"NUMERIC(20,4)",True,Synthetic prior day balance amount for account balance daily.,synthetic_extension,False
bank_dwh,fact_account_balance_daily,fact,deposits,38,reporting_balance_amount,"NUMERIC(20,4)",True,Synthetic reporting balance amount for account balance daily.,synthetic_extension,False
bank_dwh,fact_account_balance_daily,fact,deposits,39,local_balance_amount,"NUMERIC(20,4)",True,Synthetic local balance amount for account balance daily.,synthetic_extension,False
bank_dwh,fact_account_balance_daily,fact,deposits,40,base_balance_amount,"NUMERIC(20,4)",True,Synthetic base balance amount for account balance daily.,synthetic_extension,False
bank_dwh,fact_account_balance_daily,fact,deposits,41,balance_currency_code,VARCHAR(50),True,Synthetic balance currency code for account balance daily.,synthetic_extension,False
bank_dwh,fact_account_balance_daily,fact,deposits,42,exchange_rate,"NUMERIC(14,8)",True,Synthetic exchange rate for account balance daily.,synthetic_extension,False
bank_dwh,fact_account_balance_daily,fact,deposits,43,days_in_period_count,BIGINT,True,Synthetic days in period count for account balance daily.,synthetic_extension,False
bank_dwh,fact_account_balance_daily,fact,deposits,44,snapshot_timestamp,TIMESTAMPTZ,True,Synthetic snapshot timestamp for account balance daily.,synthetic_extension,False
bank_dwh,fact_account_balance_daily,fact,deposits,45,reconciliation_status_code,VARCHAR(50),True,Synthetic reconciliation status code for account balance daily.,synthetic_extension,False
bank_dwh,fact_account_balance_daily,fact,deposits,46,is_reconciled,BOOLEAN,True,Synthetic is reconciled for account balance daily.,synthetic_extension,False
bank_dwh,fact_account_balance_daily,fact,deposits,47,is_negative_balance,BOOLEAN,True,Synthetic is negative balance for account balance daily.,synthetic_extension,False
bank_dwh,fact_account_balance_daily,fact,deposits,48,is_over_limit,BOOLEAN,True,Synthetic is over limit for account balance daily.,synthetic_extension,False
bank_dwh,fact_account_balance_daily,fact,deposits,49,balance_quality_code,VARCHAR(50),True,Synthetic balance quality code for account balance daily.,synthetic_extension,False
bank_dwh,fact_account_balance_daily,fact,deposits,50,event_type_code,VARCHAR(50),True,Synthetic event type code for account balance daily.,synthetic_extension,False
bank_dwh,fact_account_balance_daily,fact,deposits,51,event_subtype_code,VARCHAR(50),True,Synthetic event subtype code for account balance daily.,synthetic_extension,False
bank_dwh,fact_account_balance_daily,fact,deposits,52,lifecycle_status_code,VARCHAR(50),True,Synthetic lifecycle status code for account balance daily.,synthetic_extension,False
bank_dwh,fact_account_balance_daily,fact,deposits,53,source_event_id,VARCHAR(100),True,Synthetic source event id for account balance daily.,synthetic_extension,False
bank_dwh,fact_account_balance_daily,fact,deposits,54,source_file_id,VARCHAR(100),True,Synthetic source file id for account balance daily.,synthetic_extension,False
bank_dwh,fact_account_balance_daily,fact,deposits,55,batch_sequence_number,BIGINT,True,Synthetic batch sequence number for account balance daily.,synthetic_extension,False
bank_dwh,fact_account_balance_daily,fact,deposits,56,correlation_id,VARCHAR(100),True,Synthetic correlation id for account balance daily.,synthetic_extension,False
bank_dwh,fact_account_balance_daily,fact,deposits,57,calculation_version_code,VARCHAR(50),True,Synthetic calculation version code for account balance daily.,synthetic_extension,False
bank_dwh,fact_account_transaction,fact,deposits,1,account_transaction_fact_key,BIGINT,False,Synthetic surrogate key for fact_account_transaction.,structural,True
bank_dwh,fact_account_transaction,fact,deposits,2,business_date_key,BIGINT,False,Business date of this fact row.,structural,False
bank_dwh,fact_account_transaction,fact,deposits,3,customer_key,BIGINT,True,Optional key to dim_customer.,relationship,False
bank_dwh,fact_account_transaction,fact,deposits,4,account_key,BIGINT,True,Optional key to dim_account.,relationship,False
bank_dwh,fact_account_transaction,fact,deposits,5,product_key,BIGINT,True,Optional key to dim_product.,relationship,False
bank_dwh,fact_account_transaction,fact,deposits,6,branch_key,BIGINT,True,Optional key to dim_branch.,relationship,False
bank_dwh,fact_account_transaction,fact,deposits,7,channel_key,BIGINT,True,Optional key to dim_channel.,relationship,False
bank_dwh,fact_account_transaction,fact,deposits,8,currency_key,BIGINT,True,Optional key to dim_currency.,relationship,False
bank_dwh,fact_account_transaction,fact,deposits,9,deposit_product_key,BIGINT,True,Optional key to dim_deposit_product.,relationship,False
bank_dwh,fact_account_transaction,fact,deposits,10,deposit_term_key,BIGINT,True,Optional key to dim_deposit_term.,relationship,False
bank_dwh,fact_account_transaction,fact,deposits,11,account_status_key,BIGINT,True,Optional key to dim_account_status.,relationship,False
bank_dwh,fact_account_transaction,fact,deposits,12,source_system_code,VARCHAR(50),True,Source system code for this account transaction fact.,structural,False
bank_dwh,fact_account_transaction,fact,deposits,13,source_record_id,VARCHAR(100),True,Source record id for this account transaction fact.,structural,False
bank_dwh,fact_account_transaction,fact,deposits,14,ingested_at,TIMESTAMPTZ,True,Ingested at for this account transaction fact.,structural,False
bank_dwh,fact_account_transaction,fact,deposits,15,updated_at,TIMESTAMPTZ,True,Updated at for this account transaction fact.,structural,False
bank_dwh,fact_account_transaction,fact,deposits,16,record_hash,VARCHAR(100),True,Record hash for this account transaction fact.,structural,False
bank_dwh,fact_account_transaction,fact,deposits,17,data_quality_status_code,VARCHAR(50),True,Data quality status code for this account transaction fact.,structural,False
bank_dwh,fact_account_transaction,fact,deposits,18,load_batch_id,VARCHAR(100),True,Load batch id for this account transaction fact.,structural,False
bank_dwh,fact_account_transaction,fact,deposits,19,event_id,VARCHAR(100),True,Event id for this account transaction fact.,structural,False
bank_dwh,fact_account_transaction,fact,deposits,20,event_status_code,VARCHAR(50),True,Event status code for this account transaction fact.,structural,False
bank_dwh,fact_account_transaction,fact,deposits,21,currency_code,VARCHAR(50),True,Currency code for this account transaction fact.,structural,False
bank_dwh,fact_account_transaction,fact,deposits,22,transaction_id,VARCHAR(100),True,Synthetic transaction id for account transaction.,synthetic_extension,False
bank_dwh,fact_account_transaction,fact,deposits,23,transaction_type_code,VARCHAR(50),True,Synthetic transaction type code for account transaction.,synthetic_extension,False
bank_dwh,fact_account_transaction,fact,deposits,24,transaction_subtype_code,VARCHAR(50),True,Synthetic transaction subtype code for account transaction.,synthetic_extension,False
bank_dwh,fact_account_transaction,fact,deposits,25,transaction_status_code,VARCHAR(50),True,Synthetic transaction status code for account transaction.,synthetic_extension,False
bank_dwh,fact_account_transaction,fact,deposits,26,transaction_reference_id,VARCHAR(100),True,Synthetic transaction reference id for account transaction.,synthetic_extension,False
bank_dwh,fact_account_transaction,fact,deposits,27,external_reference_id,VARCHAR(100),True,Synthetic external reference id for account transaction.,synthetic_extension,False
bank_dwh,fact_account_transaction,fact,deposits,28,posting_date_key,BIGINT,True,Synthetic posting date key for account transaction.,synthetic_extension,False
bank_dwh,fact_account_transaction,fact,deposits,29,value_date_key,BIGINT,True,Synthetic value date key for account transaction.,synthetic_extension,False
bank_dwh,fact_account_transaction,fact,deposits,30,settlement_date_key,BIGINT,True,Synthetic settlement date key for account transaction.,synthetic_extension,False
bank_dwh,fact_account_transaction,fact,deposits,31,debit_credit_code,VARCHAR(50),True,Synthetic debit credit code for account transaction.,synthetic_extension,False
bank_dwh,fact_account_transaction,fact,deposits,32,amount,VARCHAR(120),True,Synthetic amount for account transaction.,synthetic_extension,False
bank_dwh,fact_account_transaction,fact,deposits,33,original_amount,"NUMERIC(20,4)",True,Synthetic original amount for account transaction.,synthetic_extension,False
bank_dwh,fact_account_transaction,fact,deposits,34,base_amount,"NUMERIC(20,4)",True,Synthetic base amount for account transaction.,synthetic_extension,False
bank_dwh,fact_account_transaction,fact,deposits,35,local_amount,"NUMERIC(20,4)",True,Synthetic local amount for account transaction.,synthetic_extension,False
bank_dwh,fact_account_transaction,fact,deposits,36,fee_amount,"NUMERIC(20,4)",True,Synthetic fee amount for account transaction.,synthetic_extension,False
bank_dwh,fact_account_transaction,fact,deposits,37,tax_amount,"NUMERIC(20,4)",True,Synthetic tax amount for account transaction.,synthetic_extension,False
bank_dwh,fact_account_transaction,fact,deposits,38,net_amount,"NUMERIC(20,4)",True,Synthetic net amount for account transaction.,synthetic_extension,False
bank_dwh,fact_account_transaction,fact,deposits,39,gross_amount,"NUMERIC(20,4)",True,Synthetic gross amount for account transaction.,synthetic_extension,False
bank_dwh,fact_account_transaction,fact,deposits,40,exchange_rate,"NUMERIC(14,8)",True,Synthetic exchange rate for account transaction.,synthetic_extension,False
bank_dwh,fact_account_transaction,fact,deposits,41,counterparty_id,VARCHAR(100),True,Synthetic counterparty id for account transaction.,synthetic_extension,False
bank_dwh,fact_account_transaction,fact,deposits,42,counterparty_account_hash,VARCHAR(100),True,Synthetic counterparty account hash for account transaction.,synthetic_extension,False
bank_dwh,fact_account_transaction,fact,deposits,43,payment_reference,TEXT,True,Synthetic payment reference for account transaction.,synthetic_extension,False
bank_dwh,fact_account_transaction,fact,deposits,44,channel_reference_id,VARCHAR(100),True,Synthetic channel reference id for account transaction.,synthetic_extension,False
bank_dwh,fact_account_transaction,fact,deposits,45,authorization_reference_id,VARCHAR(100),True,Synthetic authorization reference id for account transaction.,synthetic_extension,False
bank_dwh,fact_account_transaction,fact,deposits,46,is_reversal,BOOLEAN,True,Synthetic is reversal for account transaction.,synthetic_extension,False
bank_dwh,fact_account_transaction,fact,deposits,47,is_adjustment,BOOLEAN,True,Synthetic is adjustment for account transaction.,synthetic_extension,False
bank_dwh,fact_account_transaction,fact,deposits,48,is_cross_border,BOOLEAN,True,Synthetic is cross border for account transaction.,synthetic_extension,False
bank_dwh,fact_account_transaction,fact,deposits,49,is_cash,BOOLEAN,True,Synthetic is cash for account transaction.,synthetic_extension,False
bank_dwh,fact_account_transaction,fact,deposits,50,transaction_count,BIGINT,True,Synthetic transaction count for account transaction.,synthetic_extension,False
bank_dwh,fact_account_transaction,fact,deposits,51,processing_status_code,VARCHAR(50),True,Synthetic processing status code for account transaction.,synthetic_extension,False
bank_dwh,fact_account_transaction,fact,deposits,52,reconciliation_status_code,VARCHAR(50),True,Synthetic reconciliation status code for account transaction.,synthetic_extension,False
bank_dwh,fact_account_transaction,fact,deposits,53,initiated_at,TIMESTAMPTZ,True,Synthetic initiated at for account transaction.,synthetic_extension,False
bank_dwh,fact_account_transaction,fact,deposits,54,authorized_at,TIMESTAMPTZ,True,Synthetic authorized at for account transaction.,synthetic_extension,False
bank_dwh,fact_account_transaction,fact,deposits,55,posted_at,TIMESTAMPTZ,True,Synthetic posted at for account transaction.,synthetic_extension,False
bank_dwh,fact_account_transaction,fact,deposits,56,settled_at,TIMESTAMPTZ,True,Synthetic settled at for account transaction.,synthetic_extension,False
bank_dwh,fact_account_transaction,fact,deposits,57,event_type_code,VARCHAR(50),True,Synthetic event type code for account transaction.,synthetic_extension,False
bank_dwh,fact_deposit_balance_daily,fact,deposits,1,deposit_balance_daily_fact_key,BIGINT,False,Synthetic surrogate key for fact_deposit_balance_daily.,structural,True
bank_dwh,fact_deposit_balance_daily,fact,deposits,2,business_date_key,BIGINT,False,Business date of this fact row.,structural,False
bank_dwh,fact_deposit_balance_daily,fact,deposits,3,customer_key,BIGINT,True,Optional key to dim_customer.,relationship,False
bank_dwh,fact_deposit_balance_daily,fact,deposits,4,account_key,BIGINT,True,Optional key to dim_account.,relationship,False
bank_dwh,fact_deposit_balance_daily,fact,deposits,5,product_key,BIGINT,True,Optional key to dim_product.,relationship,False
bank_dwh,fact_deposit_balance_daily,fact,deposits,6,branch_key,BIGINT,True,Optional key to dim_branch.,relationship,False
bank_dwh,fact_deposit_balance_daily,fact,deposits,7,channel_key,BIGINT,True,Optional key to dim_channel.,relationship,False
bank_dwh,fact_deposit_balance_daily,fact,deposits,8,currency_key,BIGINT,True,Optional key to dim_currency.,relationship,False
bank_dwh,fact_deposit_balance_daily,fact,deposits,9,deposit_product_key,BIGINT,True,Optional key to dim_deposit_product.,relationship,False
bank_dwh,fact_deposit_balance_daily,fact,deposits,10,deposit_term_key,BIGINT,True,Optional key to dim_deposit_term.,relationship,False
bank_dwh,fact_deposit_balance_daily,fact,deposits,11,account_status_key,BIGINT,True,Optional key to dim_account_status.,relationship,False
bank_dwh,fact_deposit_balance_daily,fact,deposits,12,source_system_code,VARCHAR(50),True,Source system code for this deposit balance daily fact.,structural,False
bank_dwh,fact_deposit_balance_daily,fact,deposits,13,source_record_id,VARCHAR(100),True,Source record id for this deposit balance daily fact.,structural,False
bank_dwh,fact_deposit_balance_daily,fact,deposits,14,ingested_at,TIMESTAMPTZ,True,Ingested at for this deposit balance daily fact.,structural,False
bank_dwh,fact_deposit_balance_daily,fact,deposits,15,updated_at,TIMESTAMPTZ,True,Updated at for this deposit balance daily fact.,structural,False
bank_dwh,fact_deposit_balance_daily,fact,deposits,16,record_hash,VARCHAR(100),True,Record hash for this deposit balance daily fact.,structural,False
bank_dwh,fact_deposit_balance_daily,fact,deposits,17,data_quality_status_code,VARCHAR(50),True,Data quality status code for this deposit balance daily fact.,structural,False
bank_dwh,fact_deposit_balance_daily,fact,deposits,18,load_batch_id,VARCHAR(100),True,Load batch id for this deposit balance daily fact.,structural,False
bank_dwh,fact_deposit_balance_daily,fact,deposits,19,event_id,VARCHAR(100),True,Event id for this deposit balance daily fact.,structural,False
bank_dwh,fact_deposit_balance_daily,fact,deposits,20,event_status_code,VARCHAR(50),True,Event status code for this deposit balance daily fact.,structural,False
bank_dwh,fact_deposit_balance_daily,fact,deposits,21,currency_code,VARCHAR(50),True,Currency code for this deposit balance daily fact.,structural,False
bank_dwh,fact_deposit_balance_daily,fact,deposits,22,opening_balance_amount,"NUMERIC(20,4)",True,Synthetic opening balance amount for deposit balance daily.,synthetic_extension,False
bank_dwh,fact_deposit_balance_daily,fact,deposits,23,closing_balance_amount,"NUMERIC(20,4)",True,Synthetic closing balance amount for deposit balance daily.,synthetic_extension,False
bank_dwh,fact_deposit_balance_daily,fact,deposits,24,available_balance_amount,"NUMERIC(20,4)",True,Synthetic available balance amount for deposit balance daily.,synthetic_extension,False
bank_dwh,fact_deposit_balance_daily,fact,deposits,25,ledger_balance_amount,"NUMERIC(20,4)",True,Synthetic ledger balance amount for deposit balance daily.,synthetic_extension,False
bank_dwh,fact_deposit_balance_daily,fact,deposits,26,average_balance_amount,"NUMERIC(20,4)",True,Synthetic average balance amount for deposit balance daily.,synthetic_extension,False
bank_dwh,fact_deposit_balance_daily,fact,deposits,27,minimum_balance_amount,"NUMERIC(20,4)",True,Synthetic minimum balance amount for deposit balance daily.,synthetic_extension,False
bank_dwh,fact_deposit_balance_daily,fact,deposits,28,maximum_balance_amount,"NUMERIC(20,4)",True,Synthetic maximum balance amount for deposit balance daily.,synthetic_extension,False
bank_dwh,fact_deposit_balance_daily,fact,deposits,29,debit_turnover_amount,"NUMERIC(20,4)",True,Synthetic debit turnover amount for deposit balance daily.,synthetic_extension,False
bank_dwh,fact_deposit_balance_daily,fact,deposits,30,credit_turnover_amount,"NUMERIC(20,4)",True,Synthetic credit turnover amount for deposit balance daily.,synthetic_extension,False
bank_dwh,fact_deposit_balance_daily,fact,deposits,31,blocked_balance_amount,"NUMERIC(20,4)",True,Synthetic blocked balance amount for deposit balance daily.,synthetic_extension,False
bank_dwh,fact_deposit_balance_daily,fact,deposits,32,hold_balance_amount,"NUMERIC(20,4)",True,Synthetic hold balance amount for deposit balance daily.,synthetic_extension,False
bank_dwh,fact_deposit_balance_daily,fact,deposits,33,overdraft_amount,"NUMERIC(20,4)",True,Synthetic overdraft amount for deposit balance daily.,synthetic_extension,False
bank_dwh,fact_deposit_balance_daily,fact,deposits,34,accrued_interest_amount,"NUMERIC(20,4)",True,Synthetic accrued interest amount for deposit balance daily.,synthetic_extension,False
bank_dwh,fact_deposit_balance_daily,fact,deposits,35,accrued_fee_amount,"NUMERIC(20,4)",True,Synthetic accrued fee amount for deposit balance daily.,synthetic_extension,False
bank_dwh,fact_deposit_balance_daily,fact,deposits,36,balance_change_amount,"NUMERIC(20,4)",True,Synthetic balance change amount for deposit balance daily.,synthetic_extension,False
bank_dwh,fact_deposit_balance_daily,fact,deposits,37,prior_day_balance_amount,"NUMERIC(20,4)",True,Synthetic prior day balance amount for deposit balance daily.,synthetic_extension,False
bank_dwh,fact_deposit_balance_daily,fact,deposits,38,reporting_balance_amount,"NUMERIC(20,4)",True,Synthetic reporting balance amount for deposit balance daily.,synthetic_extension,False
bank_dwh,fact_deposit_balance_daily,fact,deposits,39,local_balance_amount,"NUMERIC(20,4)",True,Synthetic local balance amount for deposit balance daily.,synthetic_extension,False
bank_dwh,fact_deposit_balance_daily,fact,deposits,40,base_balance_amount,"NUMERIC(20,4)",True,Synthetic base balance amount for deposit balance daily.,synthetic_extension,False
bank_dwh,fact_deposit_balance_daily,fact,deposits,41,balance_currency_code,VARCHAR(50),True,Synthetic balance currency code for deposit balance daily.,synthetic_extension,False
bank_dwh,fact_deposit_balance_daily,fact,deposits,42,exchange_rate,"NUMERIC(14,8)",True,Synthetic exchange rate for deposit balance daily.,synthetic_extension,False
bank_dwh,fact_deposit_balance_daily,fact,deposits,43,days_in_period_count,BIGINT,True,Synthetic days in period count for deposit balance daily.,synthetic_extension,False
bank_dwh,fact_deposit_balance_daily,fact,deposits,44,snapshot_timestamp,TIMESTAMPTZ,True,Synthetic snapshot timestamp for deposit balance daily.,synthetic_extension,False
bank_dwh,fact_deposit_balance_daily,fact,deposits,45,reconciliation_status_code,VARCHAR(50),True,Synthetic reconciliation status code for deposit balance daily.,synthetic_extension,False
bank_dwh,fact_deposit_balance_daily,fact,deposits,46,is_reconciled,BOOLEAN,True,Synthetic is reconciled for deposit balance daily.,synthetic_extension,False
bank_dwh,fact_deposit_balance_daily,fact,deposits,47,is_negative_balance,BOOLEAN,True,Synthetic is negative balance for deposit balance daily.,synthetic_extension,False
bank_dwh,fact_deposit_balance_daily,fact,deposits,48,is_over_limit,BOOLEAN,True,Synthetic is over limit for deposit balance daily.,synthetic_extension,False
bank_dwh,fact_deposit_balance_daily,fact,deposits,49,balance_quality_code,VARCHAR(50),True,Synthetic balance quality code for deposit balance daily.,synthetic_extension,False
bank_dwh,fact_deposit_balance_daily,fact,deposits,50,event_type_code,VARCHAR(50),True,Synthetic event type code for deposit balance daily.,synthetic_extension,False
bank_dwh,fact_deposit_balance_daily,fact,deposits,51,event_subtype_code,VARCHAR(50),True,Synthetic event subtype code for deposit balance daily.,synthetic_extension,False
bank_dwh,fact_deposit_balance_daily,fact,deposits,52,lifecycle_status_code,VARCHAR(50),True,Synthetic lifecycle status code for deposit balance daily.,synthetic_extension,False
bank_dwh,fact_deposit_balance_daily,fact,deposits,53,source_event_id,VARCHAR(100),True,Synthetic source event id for deposit balance daily.,synthetic_extension,False
bank_dwh,fact_deposit_balance_daily,fact,deposits,54,source_file_id,VARCHAR(100),True,Synthetic source file id for deposit balance daily.,synthetic_extension,False
bank_dwh,fact_deposit_balance_daily,fact,deposits,55,batch_sequence_number,BIGINT,True,Synthetic batch sequence number for deposit balance daily.,synthetic_extension,False
bank_dwh,fact_deposit_balance_daily,fact,deposits,56,correlation_id,VARCHAR(100),True,Synthetic correlation id for deposit balance daily.,synthetic_extension,False
bank_dwh,fact_deposit_balance_daily,fact,deposits,57,calculation_version_code,VARCHAR(50),True,Synthetic calculation version code for deposit balance daily.,synthetic_extension,False
bank_dwh,fact_deposit_interest_accrual,fact,deposits,1,deposit_interest_accrual_fact_key,BIGINT,False,Synthetic surrogate key for fact_deposit_interest_accrual.,structural,True
bank_dwh,fact_deposit_interest_accrual,fact,deposits,2,business_date_key,BIGINT,False,Business date of this fact row.,structural,False
bank_dwh,fact_deposit_interest_accrual,fact,deposits,3,customer_key,BIGINT,True,Optional key to dim_customer.,relationship,False
bank_dwh,fact_deposit_interest_accrual,fact,deposits,4,account_key,BIGINT,True,Optional key to dim_account.,relationship,False
bank_dwh,fact_deposit_interest_accrual,fact,deposits,5,product_key,BIGINT,True,Optional key to dim_product.,relationship,False
bank_dwh,fact_deposit_interest_accrual,fact,deposits,6,branch_key,BIGINT,True,Optional key to dim_branch.,relationship,False
bank_dwh,fact_deposit_interest_accrual,fact,deposits,7,channel_key,BIGINT,True,Optional key to dim_channel.,relationship,False
bank_dwh,fact_deposit_interest_accrual,fact,deposits,8,currency_key,BIGINT,True,Optional key to dim_currency.,relationship,False
bank_dwh,fact_deposit_interest_accrual,fact,deposits,9,deposit_product_key,BIGINT,True,Optional key to dim_deposit_product.,relationship,False
bank_dwh,fact_deposit_interest_accrual,fact,deposits,10,deposit_term_key,BIGINT,True,Optional key to dim_deposit_term.,relationship,False
bank_dwh,fact_deposit_interest_accrual,fact,deposits,11,account_status_key,BIGINT,True,Optional key to dim_account_status.,relationship,False
bank_dwh,fact_deposit_interest_accrual,fact,deposits,12,source_system_code,VARCHAR(50),True,Source system code for this deposit interest accrual fact.,structural,False
bank_dwh,fact_deposit_interest_accrual,fact,deposits,13,source_record_id,VARCHAR(100),True,Source record id for this deposit interest accrual fact.,structural,False
bank_dwh,fact_deposit_interest_accrual,fact,deposits,14,ingested_at,TIMESTAMPTZ,True,Ingested at for this deposit interest accrual fact.,structural,False
bank_dwh,fact_deposit_interest_accrual,fact,deposits,15,updated_at,TIMESTAMPTZ,True,Updated at for this deposit interest accrual fact.,structural,False
bank_dwh,fact_deposit_interest_accrual,fact,deposits,16,record_hash,VARCHAR(100),True,Record hash for this deposit interest accrual fact.,structural,False
bank_dwh,fact_deposit_interest_accrual,fact,deposits,17,data_quality_status_code,VARCHAR(50),True,Data quality status code for this deposit interest accrual fact.,structural,False
bank_dwh,fact_deposit_interest_accrual,fact,deposits,18,load_batch_id,VARCHAR(100),True,Load batch id for this deposit interest accrual fact.,structural,False
bank_dwh,fact_deposit_interest_accrual,fact,deposits,19,event_id,VARCHAR(100),True,Event id for this deposit interest accrual fact.,structural,False
bank_dwh,fact_deposit_interest_accrual,fact,deposits,20,event_status_code,VARCHAR(50),True,Event status code for this deposit interest accrual fact.,structural,False
bank_dwh,fact_deposit_interest_accrual,fact,deposits,21,currency_code,VARCHAR(50),True,Currency code for this deposit interest accrual fact.,structural,False
bank_dwh,fact_deposit_interest_accrual,fact,deposits,22,transaction_id,VARCHAR(100),True,Synthetic transaction id for deposit interest accrual.,synthetic_extension,False
bank_dwh,fact_deposit_interest_accrual,fact,deposits,23,transaction_type_code,VARCHAR(50),True,Synthetic transaction type code for deposit interest accrual.,synthetic_extension,False
bank_dwh,fact_deposit_interest_accrual,fact,deposits,24,transaction_subtype_code,VARCHAR(50),True,Synthetic transaction subtype code for deposit interest accrual.,synthetic_extension,False
bank_dwh,fact_deposit_interest_accrual,fact,deposits,25,transaction_status_code,VARCHAR(50),True,Synthetic transaction status code for deposit interest accrual.,synthetic_extension,False
bank_dwh,fact_deposit_interest_accrual,fact,deposits,26,transaction_reference_id,VARCHAR(100),True,Synthetic transaction reference id for deposit interest accrual.,synthetic_extension,False
bank_dwh,fact_deposit_interest_accrual,fact,deposits,27,external_reference_id,VARCHAR(100),True,Synthetic external reference id for deposit interest accrual.,synthetic_extension,False
bank_dwh,fact_deposit_interest_accrual,fact,deposits,28,posting_date_key,BIGINT,True,Synthetic posting date key for deposit interest accrual.,synthetic_extension,False
bank_dwh,fact_deposit_interest_accrual,fact,deposits,29,value_date_key,BIGINT,True,Synthetic value date key for deposit interest accrual.,synthetic_extension,False
bank_dwh,fact_deposit_interest_accrual,fact,deposits,30,settlement_date_key,BIGINT,True,Synthetic settlement date key for deposit interest accrual.,synthetic_extension,False
bank_dwh,fact_deposit_interest_accrual,fact,deposits,31,debit_credit_code,VARCHAR(50),True,Synthetic debit credit code for deposit interest accrual.,synthetic_extension,False
bank_dwh,fact_deposit_interest_accrual,fact,deposits,32,amount,VARCHAR(120),True,Synthetic amount for deposit interest accrual.,synthetic_extension,False
bank_dwh,fact_deposit_interest_accrual,fact,deposits,33,original_amount,"NUMERIC(20,4)",True,Synthetic original amount for deposit interest accrual.,synthetic_extension,False
bank_dwh,fact_deposit_interest_accrual,fact,deposits,34,base_amount,"NUMERIC(20,4)",True,Synthetic base amount for deposit interest accrual.,synthetic_extension,False
bank_dwh,fact_deposit_interest_accrual,fact,deposits,35,local_amount,"NUMERIC(20,4)",True,Synthetic local amount for deposit interest accrual.,synthetic_extension,False
bank_dwh,fact_deposit_interest_accrual,fact,deposits,36,fee_amount,"NUMERIC(20,4)",True,Synthetic fee amount for deposit interest accrual.,synthetic_extension,False
bank_dwh,fact_deposit_interest_accrual,fact,deposits,37,tax_amount,"NUMERIC(20,4)",True,Synthetic tax amount for deposit interest accrual.,synthetic_extension,False
bank_dwh,fact_deposit_interest_accrual,fact,deposits,38,net_amount,"NUMERIC(20,4)",True,Synthetic net amount for deposit interest accrual.,synthetic_extension,False
bank_dwh,fact_deposit_interest_accrual,fact,deposits,39,gross_amount,"NUMERIC(20,4)",True,Synthetic gross amount for deposit interest accrual.,synthetic_extension,False
bank_dwh,fact_deposit_interest_accrual,fact,deposits,40,exchange_rate,"NUMERIC(14,8)",True,Synthetic exchange rate for deposit interest accrual.,synthetic_extension,False
bank_dwh,fact_deposit_interest_accrual,fact,deposits,41,counterparty_id,VARCHAR(100),True,Synthetic counterparty id for deposit interest accrual.,synthetic_extension,False
bank_dwh,fact_deposit_interest_accrual,fact,deposits,42,counterparty_account_hash,VARCHAR(100),True,Synthetic counterparty account hash for deposit interest accrual.,synthetic_extension,False
bank_dwh,fact_deposit_interest_accrual,fact,deposits,43,payment_reference,TEXT,True,Synthetic payment reference for deposit interest accrual.,synthetic_extension,False
bank_dwh,fact_deposit_interest_accrual,fact,deposits,44,channel_reference_id,VARCHAR(100),True,Synthetic channel reference id for deposit interest accrual.,synthetic_extension,False
bank_dwh,fact_deposit_interest_accrual,fact,deposits,45,authorization_reference_id,VARCHAR(100),True,Synthetic authorization reference id for deposit interest accrual.,synthetic_extension,False
bank_dwh,fact_deposit_interest_accrual,fact,deposits,46,is_reversal,BOOLEAN,True,Synthetic is reversal for deposit interest accrual.,synthetic_extension,False
bank_dwh,fact_deposit_interest_accrual,fact,deposits,47,is_adjustment,BOOLEAN,True,Synthetic is adjustment for deposit interest accrual.,synthetic_extension,False
bank_dwh,fact_deposit_interest_accrual,fact,deposits,48,is_cross_border,BOOLEAN,True,Synthetic is cross border for deposit interest accrual.,synthetic_extension,False
bank_dwh,fact_deposit_interest_accrual,fact,deposits,49,is_cash,BOOLEAN,True,Synthetic is cash for deposit interest accrual.,synthetic_extension,False
bank_dwh,fact_deposit_interest_accrual,fact,deposits,50,transaction_count,BIGINT,True,Synthetic transaction count for deposit interest accrual.,synthetic_extension,False
bank_dwh,fact_deposit_interest_accrual,fact,deposits,51,processing_status_code,VARCHAR(50),True,Synthetic processing status code for deposit interest accrual.,synthetic_extension,False
bank_dwh,fact_deposit_interest_accrual,fact,deposits,52,reconciliation_status_code,VARCHAR(50),True,Synthetic reconciliation status code for deposit interest accrual.,synthetic_extension,False
bank_dwh,fact_deposit_interest_accrual,fact,deposits,53,initiated_at,TIMESTAMPTZ,True,Synthetic initiated at for deposit interest accrual.,synthetic_extension,False
bank_dwh,fact_deposit_interest_accrual,fact,deposits,54,authorized_at,TIMESTAMPTZ,True,Synthetic authorized at for deposit interest accrual.,synthetic_extension,False
bank_dwh,fact_deposit_maturity,fact,deposits,1,deposit_maturity_fact_key,BIGINT,False,Synthetic surrogate key for fact_deposit_maturity.,structural,True
bank_dwh,fact_deposit_maturity,fact,deposits,2,business_date_key,BIGINT,False,Business date of this fact row.,structural,False
bank_dwh,fact_deposit_maturity,fact,deposits,3,customer_key,BIGINT,True,Optional key to dim_customer.,relationship,False
bank_dwh,fact_deposit_maturity,fact,deposits,4,account_key,BIGINT,True,Optional key to dim_account.,relationship,False
bank_dwh,fact_deposit_maturity,fact,deposits,5,product_key,BIGINT,True,Optional key to dim_product.,relationship,False
bank_dwh,fact_deposit_maturity,fact,deposits,6,branch_key,BIGINT,True,Optional key to dim_branch.,relationship,False
bank_dwh,fact_deposit_maturity,fact,deposits,7,channel_key,BIGINT,True,Optional key to dim_channel.,relationship,False
bank_dwh,fact_deposit_maturity,fact,deposits,8,currency_key,BIGINT,True,Optional key to dim_currency.,relationship,False
bank_dwh,fact_deposit_maturity,fact,deposits,9,deposit_product_key,BIGINT,True,Optional key to dim_deposit_product.,relationship,False
bank_dwh,fact_deposit_maturity,fact,deposits,10,deposit_term_key,BIGINT,True,Optional key to dim_deposit_term.,relationship,False
bank_dwh,fact_deposit_maturity,fact,deposits,11,account_status_key,BIGINT,True,Optional key to dim_account_status.,relationship,False
bank_dwh,fact_deposit_maturity,fact,deposits,12,source_system_code,VARCHAR(50),True,Source system code for this deposit maturity fact.,structural,False
bank_dwh,fact_deposit_maturity,fact,deposits,13,source_record_id,VARCHAR(100),True,Source record id for this deposit maturity fact.,structural,False
bank_dwh,fact_deposit_maturity,fact,deposits,14,ingested_at,TIMESTAMPTZ,True,Ingested at for this deposit maturity fact.,structural,False
bank_dwh,fact_deposit_maturity,fact,deposits,15,updated_at,TIMESTAMPTZ,True,Updated at for this deposit maturity fact.,structural,False
bank_dwh,fact_deposit_maturity,fact,deposits,16,record_hash,VARCHAR(100),True,Record hash for this deposit maturity fact.,structural,False
bank_dwh,fact_deposit_maturity,fact,deposits,17,data_quality_status_code,VARCHAR(50),True,Data quality status code for this deposit maturity fact.,structural,False
bank_dwh,fact_deposit_maturity,fact,deposits,18,load_batch_id,VARCHAR(100),True,Load batch id for this deposit maturity fact.,structural,False
bank_dwh,fact_deposit_maturity,fact,deposits,19,event_id,VARCHAR(100),True,Event id for this deposit maturity fact.,structural,False
bank_dwh,fact_deposit_maturity,fact,deposits,20,event_status_code,VARCHAR(50),True,Event status code for this deposit maturity fact.,structural,False
bank_dwh,fact_deposit_maturity,fact,deposits,21,currency_code,VARCHAR(50),True,Currency code for this deposit maturity fact.,structural,False
bank_dwh,fact_deposit_maturity,fact,deposits,22,transaction_id,VARCHAR(100),True,Synthetic transaction id for deposit maturity.,synthetic_extension,False
bank_dwh,fact_deposit_maturity,fact,deposits,23,transaction_type_code,VARCHAR(50),True,Synthetic transaction type code for deposit maturity.,synthetic_extension,False
bank_dwh,fact_deposit_maturity,fact,deposits,24,transaction_subtype_code,VARCHAR(50),True,Synthetic transaction subtype code for deposit maturity.,synthetic_extension,False
bank_dwh,fact_deposit_maturity,fact,deposits,25,transaction_status_code,VARCHAR(50),True,Synthetic transaction status code for deposit maturity.,synthetic_extension,False
bank_dwh,fact_deposit_maturity,fact,deposits,26,transaction_reference_id,VARCHAR(100),True,Synthetic transaction reference id for deposit maturity.,synthetic_extension,False
bank_dwh,fact_deposit_maturity,fact,deposits,27,external_reference_id,VARCHAR(100),True,Synthetic external reference id for deposit maturity.,synthetic_extension,False
bank_dwh,fact_deposit_maturity,fact,deposits,28,posting_date_key,BIGINT,True,Synthetic posting date key for deposit maturity.,synthetic_extension,False
bank_dwh,fact_deposit_maturity,fact,deposits,29,value_date_key,BIGINT,True,Synthetic value date key for deposit maturity.,synthetic_extension,False
bank_dwh,fact_deposit_maturity,fact,deposits,30,settlement_date_key,BIGINT,True,Synthetic settlement date key for deposit maturity.,synthetic_extension,False
bank_dwh,fact_deposit_maturity,fact,deposits,31,debit_credit_code,VARCHAR(50),True,Synthetic debit credit code for deposit maturity.,synthetic_extension,False
bank_dwh,fact_deposit_maturity,fact,deposits,32,amount,VARCHAR(120),True,Synthetic amount for deposit maturity.,synthetic_extension,False
bank_dwh,fact_deposit_maturity,fact,deposits,33,original_amount,"NUMERIC(20,4)",True,Synthetic original amount for deposit maturity.,synthetic_extension,False
bank_dwh,fact_deposit_maturity,fact,deposits,34,base_amount,"NUMERIC(20,4)",True,Synthetic base amount for deposit maturity.,synthetic_extension,False
bank_dwh,fact_deposit_maturity,fact,deposits,35,local_amount,"NUMERIC(20,4)",True,Synthetic local amount for deposit maturity.,synthetic_extension,False
bank_dwh,fact_deposit_maturity,fact,deposits,36,fee_amount,"NUMERIC(20,4)",True,Synthetic fee amount for deposit maturity.,synthetic_extension,False
bank_dwh,fact_deposit_maturity,fact,deposits,37,tax_amount,"NUMERIC(20,4)",True,Synthetic tax amount for deposit maturity.,synthetic_extension,False
bank_dwh,fact_deposit_maturity,fact,deposits,38,net_amount,"NUMERIC(20,4)",True,Synthetic net amount for deposit maturity.,synthetic_extension,False
bank_dwh,fact_deposit_maturity,fact,deposits,39,gross_amount,"NUMERIC(20,4)",True,Synthetic gross amount for deposit maturity.,synthetic_extension,False
bank_dwh,fact_deposit_maturity,fact,deposits,40,exchange_rate,"NUMERIC(14,8)",True,Synthetic exchange rate for deposit maturity.,synthetic_extension,False
bank_dwh,fact_deposit_maturity,fact,deposits,41,counterparty_id,VARCHAR(100),True,Synthetic counterparty id for deposit maturity.,synthetic_extension,False
bank_dwh,fact_deposit_maturity,fact,deposits,42,counterparty_account_hash,VARCHAR(100),True,Synthetic counterparty account hash for deposit maturity.,synthetic_extension,False
bank_dwh,fact_deposit_maturity,fact,deposits,43,payment_reference,TEXT,True,Synthetic payment reference for deposit maturity.,synthetic_extension,False
bank_dwh,fact_deposit_maturity,fact,deposits,44,channel_reference_id,VARCHAR(100),True,Synthetic channel reference id for deposit maturity.,synthetic_extension,False
bank_dwh,fact_deposit_maturity,fact,deposits,45,authorization_reference_id,VARCHAR(100),True,Synthetic authorization reference id for deposit maturity.,synthetic_extension,False
bank_dwh,fact_deposit_maturity,fact,deposits,46,is_reversal,BOOLEAN,True,Synthetic is reversal for deposit maturity.,synthetic_extension,False
bank_dwh,fact_deposit_maturity,fact,deposits,47,is_adjustment,BOOLEAN,True,Synthetic is adjustment for deposit maturity.,synthetic_extension,False
bank_dwh,fact_deposit_maturity,fact,deposits,48,is_cross_border,BOOLEAN,True,Synthetic is cross border for deposit maturity.,synthetic_extension,False
bank_dwh,fact_deposit_maturity,fact,deposits,49,is_cash,BOOLEAN,True,Synthetic is cash for deposit maturity.,synthetic_extension,False
bank_dwh,fact_deposit_maturity,fact,deposits,50,transaction_count,BIGINT,True,Synthetic transaction count for deposit maturity.,synthetic_extension,False
bank_dwh,fact_deposit_maturity,fact,deposits,51,processing_status_code,VARCHAR(50),True,Synthetic processing status code for deposit maturity.,synthetic_extension,False
bank_dwh,fact_deposit_maturity,fact,deposits,52,reconciliation_status_code,VARCHAR(50),True,Synthetic reconciliation status code for deposit maturity.,synthetic_extension,False
bank_dwh,fact_deposit_maturity,fact,deposits,53,initiated_at,TIMESTAMPTZ,True,Synthetic initiated at for deposit maturity.,synthetic_extension,False
bank_dwh,fact_deposit_maturity,fact,deposits,54,authorized_at,TIMESTAMPTZ,True,Synthetic authorized at for deposit maturity.,synthetic_extension,False
bank_dwh,fact_overdraft_usage_daily,fact,deposits,1,overdraft_usage_daily_fact_key,BIGINT,False,Synthetic surrogate key for fact_overdraft_usage_daily.,structural,True
bank_dwh,fact_overdraft_usage_daily,fact,deposits,2,business_date_key,BIGINT,False,Business date of this fact row.,structural,False
bank_dwh,fact_overdraft_usage_daily,fact,deposits,3,customer_key,BIGINT,True,Optional key to dim_customer.,relationship,False
bank_dwh,fact_overdraft_usage_daily,fact,deposits,4,account_key,BIGINT,True,Optional key to dim_account.,relationship,False
bank_dwh,fact_overdraft_usage_daily,fact,deposits,5,product_key,BIGINT,True,Optional key to dim_product.,relationship,False
bank_dwh,fact_overdraft_usage_daily,fact,deposits,6,branch_key,BIGINT,True,Optional key to dim_branch.,relationship,False
bank_dwh,fact_overdraft_usage_daily,fact,deposits,7,channel_key,BIGINT,True,Optional key to dim_channel.,relationship,False
bank_dwh,fact_overdraft_usage_daily,fact,deposits,8,currency_key,BIGINT,True,Optional key to dim_currency.,relationship,False
bank_dwh,fact_overdraft_usage_daily,fact,deposits,9,deposit_product_key,BIGINT,True,Optional key to dim_deposit_product.,relationship,False
bank_dwh,fact_overdraft_usage_daily,fact,deposits,10,deposit_term_key,BIGINT,True,Optional key to dim_deposit_term.,relationship,False
bank_dwh,fact_overdraft_usage_daily,fact,deposits,11,account_status_key,BIGINT,True,Optional key to dim_account_status.,relationship,False
bank_dwh,fact_overdraft_usage_daily,fact,deposits,12,source_system_code,VARCHAR(50),True,Source system code for this overdraft usage daily fact.,structural,False
bank_dwh,fact_overdraft_usage_daily,fact,deposits,13,source_record_id,VARCHAR(100),True,Source record id for this overdraft usage daily fact.,structural,False
bank_dwh,fact_overdraft_usage_daily,fact,deposits,14,ingested_at,TIMESTAMPTZ,True,Ingested at for this overdraft usage daily fact.,structural,False
bank_dwh,fact_overdraft_usage_daily,fact,deposits,15,updated_at,TIMESTAMPTZ,True,Updated at for this overdraft usage daily fact.,structural,False
bank_dwh,fact_overdraft_usage_daily,fact,deposits,16,record_hash,VARCHAR(100),True,Record hash for this overdraft usage daily fact.,structural,False
bank_dwh,fact_overdraft_usage_daily,fact,deposits,17,data_quality_status_code,VARCHAR(50),True,Data quality status code for this overdraft usage daily fact.,structural,False
bank_dwh,fact_overdraft_usage_daily,fact,deposits,18,load_batch_id,VARCHAR(100),True,Load batch id for this overdraft usage daily fact.,structural,False
bank_dwh,fact_overdraft_usage_daily,fact,deposits,19,event_id,VARCHAR(100),True,Event id for this overdraft usage daily fact.,structural,False
bank_dwh,fact_overdraft_usage_daily,fact,deposits,20,event_status_code,VARCHAR(50),True,Event status code for this overdraft usage daily fact.,structural,False
bank_dwh,fact_overdraft_usage_daily,fact,deposits,21,currency_code,VARCHAR(50),True,Currency code for this overdraft usage daily fact.,structural,False
bank_dwh,fact_overdraft_usage_daily,fact,deposits,22,opening_balance_amount,"NUMERIC(20,4)",True,Synthetic opening balance amount for overdraft usage daily.,synthetic_extension,False
bank_dwh,fact_overdraft_usage_daily,fact,deposits,23,closing_balance_amount,"NUMERIC(20,4)",True,Synthetic closing balance amount for overdraft usage daily.,synthetic_extension,False
bank_dwh,fact_overdraft_usage_daily,fact,deposits,24,available_balance_amount,"NUMERIC(20,4)",True,Synthetic available balance amount for overdraft usage daily.,synthetic_extension,False
bank_dwh,fact_overdraft_usage_daily,fact,deposits,25,ledger_balance_amount,"NUMERIC(20,4)",True,Synthetic ledger balance amount for overdraft usage daily.,synthetic_extension,False
bank_dwh,fact_overdraft_usage_daily,fact,deposits,26,average_balance_amount,"NUMERIC(20,4)",True,Synthetic average balance amount for overdraft usage daily.,synthetic_extension,False
bank_dwh,fact_overdraft_usage_daily,fact,deposits,27,minimum_balance_amount,"NUMERIC(20,4)",True,Synthetic minimum balance amount for overdraft usage daily.,synthetic_extension,False
bank_dwh,fact_overdraft_usage_daily,fact,deposits,28,maximum_balance_amount,"NUMERIC(20,4)",True,Synthetic maximum balance amount for overdraft usage daily.,synthetic_extension,False
bank_dwh,fact_overdraft_usage_daily,fact,deposits,29,debit_turnover_amount,"NUMERIC(20,4)",True,Synthetic debit turnover amount for overdraft usage daily.,synthetic_extension,False
bank_dwh,fact_overdraft_usage_daily,fact,deposits,30,credit_turnover_amount,"NUMERIC(20,4)",True,Synthetic credit turnover amount for overdraft usage daily.,synthetic_extension,False
bank_dwh,fact_overdraft_usage_daily,fact,deposits,31,blocked_balance_amount,"NUMERIC(20,4)",True,Synthetic blocked balance amount for overdraft usage daily.,synthetic_extension,False
bank_dwh,fact_overdraft_usage_daily,fact,deposits,32,hold_balance_amount,"NUMERIC(20,4)",True,Synthetic hold balance amount for overdraft usage daily.,synthetic_extension,False
bank_dwh,fact_overdraft_usage_daily,fact,deposits,33,overdraft_amount,"NUMERIC(20,4)",True,Synthetic overdraft amount for overdraft usage daily.,synthetic_extension,False
bank_dwh,fact_overdraft_usage_daily,fact,deposits,34,accrued_interest_amount,"NUMERIC(20,4)",True,Synthetic accrued interest amount for overdraft usage daily.,synthetic_extension,False
bank_dwh,fact_overdraft_usage_daily,fact,deposits,35,accrued_fee_amount,"NUMERIC(20,4)",True,Synthetic accrued fee amount for overdraft usage daily.,synthetic_extension,False
bank_dwh,fact_overdraft_usage_daily,fact,deposits,36,balance_change_amount,"NUMERIC(20,4)",True,Synthetic balance change amount for overdraft usage daily.,synthetic_extension,False
bank_dwh,fact_overdraft_usage_daily,fact,deposits,37,prior_day_balance_amount,"NUMERIC(20,4)",True,Synthetic prior day balance amount for overdraft usage daily.,synthetic_extension,False
bank_dwh,fact_overdraft_usage_daily,fact,deposits,38,reporting_balance_amount,"NUMERIC(20,4)",True,Synthetic reporting balance amount for overdraft usage daily.,synthetic_extension,False
bank_dwh,fact_overdraft_usage_daily,fact,deposits,39,local_balance_amount,"NUMERIC(20,4)",True,Synthetic local balance amount for overdraft usage daily.,synthetic_extension,False
bank_dwh,fact_overdraft_usage_daily,fact,deposits,40,base_balance_amount,"NUMERIC(20,4)",True,Synthetic base balance amount for overdraft usage daily.,synthetic_extension,False
bank_dwh,fact_overdraft_usage_daily,fact,deposits,41,balance_currency_code,VARCHAR(50),True,Synthetic balance currency code for overdraft usage daily.,synthetic_extension,False
bank_dwh,fact_overdraft_usage_daily,fact,deposits,42,exchange_rate,"NUMERIC(14,8)",True,Synthetic exchange rate for overdraft usage daily.,synthetic_extension,False
bank_dwh,fact_overdraft_usage_daily,fact,deposits,43,days_in_period_count,BIGINT,True,Synthetic days in period count for overdraft usage daily.,synthetic_extension,False
bank_dwh,fact_overdraft_usage_daily,fact,deposits,44,snapshot_timestamp,TIMESTAMPTZ,True,Synthetic snapshot timestamp for overdraft usage daily.,synthetic_extension,False
bank_dwh,fact_overdraft_usage_daily,fact,deposits,45,reconciliation_status_code,VARCHAR(50),True,Synthetic reconciliation status code for overdraft usage daily.,synthetic_extension,False
bank_dwh,fact_overdraft_usage_daily,fact,deposits,46,is_reconciled,BOOLEAN,True,Synthetic is reconciled for overdraft usage daily.,synthetic_extension,False
bank_dwh,fact_overdraft_usage_daily,fact,deposits,47,is_negative_balance,BOOLEAN,True,Synthetic is negative balance for overdraft usage daily.,synthetic_extension,False
bank_dwh,fact_overdraft_usage_daily,fact,deposits,48,is_over_limit,BOOLEAN,True,Synthetic is over limit for overdraft usage daily.,synthetic_extension,False
bank_dwh,fact_overdraft_usage_daily,fact,deposits,49,balance_quality_code,VARCHAR(50),True,Synthetic balance quality code for overdraft usage daily.,synthetic_extension,False
bank_dwh,fact_overdraft_usage_daily,fact,deposits,50,event_type_code,VARCHAR(50),True,Synthetic event type code for overdraft usage daily.,synthetic_extension,False
bank_dwh,fact_overdraft_usage_daily,fact,deposits,51,event_subtype_code,VARCHAR(50),True,Synthetic event subtype code for overdraft usage daily.,synthetic_extension,False
bank_dwh,fact_overdraft_usage_daily,fact,deposits,52,lifecycle_status_code,VARCHAR(50),True,Synthetic lifecycle status code for overdraft usage daily.,synthetic_extension,False
bank_dwh,fact_overdraft_usage_daily,fact,deposits,53,source_event_id,VARCHAR(100),True,Synthetic source event id for overdraft usage daily.,synthetic_extension,False
bank_dwh,fact_overdraft_usage_daily,fact,deposits,54,source_file_id,VARCHAR(100),True,Synthetic source file id for overdraft usage daily.,synthetic_extension,False
bank_dwh,fact_account_fee,fact,deposits,1,account_fee_fact_key,BIGINT,False,Synthetic surrogate key for fact_account_fee.,structural,True
bank_dwh,fact_account_fee,fact,deposits,2,business_date_key,BIGINT,False,Business date of this fact row.,structural,False
bank_dwh,fact_account_fee,fact,deposits,3,customer_key,BIGINT,True,Optional key to dim_customer.,relationship,False
bank_dwh,fact_account_fee,fact,deposits,4,account_key,BIGINT,True,Optional key to dim_account.,relationship,False
bank_dwh,fact_account_fee,fact,deposits,5,product_key,BIGINT,True,Optional key to dim_product.,relationship,False
bank_dwh,fact_account_fee,fact,deposits,6,branch_key,BIGINT,True,Optional key to dim_branch.,relationship,False
bank_dwh,fact_account_fee,fact,deposits,7,channel_key,BIGINT,True,Optional key to dim_channel.,relationship,False
bank_dwh,fact_account_fee,fact,deposits,8,currency_key,BIGINT,True,Optional key to dim_currency.,relationship,False
bank_dwh,fact_account_fee,fact,deposits,9,deposit_product_key,BIGINT,True,Optional key to dim_deposit_product.,relationship,False
bank_dwh,fact_account_fee,fact,deposits,10,deposit_term_key,BIGINT,True,Optional key to dim_deposit_term.,relationship,False
bank_dwh,fact_account_fee,fact,deposits,11,account_status_key,BIGINT,True,Optional key to dim_account_status.,relationship,False
bank_dwh,fact_account_fee,fact,deposits,12,source_system_code,VARCHAR(50),True,Source system code for this account fee fact.,structural,False
bank_dwh,fact_account_fee,fact,deposits,13,source_record_id,VARCHAR(100),True,Source record id for this account fee fact.,structural,False
bank_dwh,fact_account_fee,fact,deposits,14,ingested_at,TIMESTAMPTZ,True,Ingested at for this account fee fact.,structural,False
bank_dwh,fact_account_fee,fact,deposits,15,updated_at,TIMESTAMPTZ,True,Updated at for this account fee fact.,structural,False
bank_dwh,fact_account_fee,fact,deposits,16,record_hash,VARCHAR(100),True,Record hash for this account fee fact.,structural,False
bank_dwh,fact_account_fee,fact,deposits,17,data_quality_status_code,VARCHAR(50),True,Data quality status code for this account fee fact.,structural,False
bank_dwh,fact_account_fee,fact,deposits,18,load_batch_id,VARCHAR(100),True,Load batch id for this account fee fact.,structural,False
bank_dwh,fact_account_fee,fact,deposits,19,event_id,VARCHAR(100),True,Event id for this account fee fact.,structural,False
bank_dwh,fact_account_fee,fact,deposits,20,event_status_code,VARCHAR(50),True,Event status code for this account fee fact.,structural,False
bank_dwh,fact_account_fee,fact,deposits,21,currency_code,VARCHAR(50),True,Currency code for this account fee fact.,structural,False
bank_dwh,fact_account_fee,fact,deposits,22,transaction_id,VARCHAR(100),True,Synthetic transaction id for account fee.,synthetic_extension,False
bank_dwh,fact_account_fee,fact,deposits,23,transaction_type_code,VARCHAR(50),True,Synthetic transaction type code for account fee.,synthetic_extension,False
bank_dwh,fact_account_fee,fact,deposits,24,transaction_subtype_code,VARCHAR(50),True,Synthetic transaction subtype code for account fee.,synthetic_extension,False
bank_dwh,fact_account_fee,fact,deposits,25,transaction_status_code,VARCHAR(50),True,Synthetic transaction status code for account fee.,synthetic_extension,False
bank_dwh,fact_account_fee,fact,deposits,26,transaction_reference_id,VARCHAR(100),True,Synthetic transaction reference id for account fee.,synthetic_extension,False
bank_dwh,fact_account_fee,fact,deposits,27,external_reference_id,VARCHAR(100),True,Synthetic external reference id for account fee.,synthetic_extension,False
bank_dwh,fact_account_fee,fact,deposits,28,posting_date_key,BIGINT,True,Synthetic posting date key for account fee.,synthetic_extension,False
bank_dwh,fact_account_fee,fact,deposits,29,value_date_key,BIGINT,True,Synthetic value date key for account fee.,synthetic_extension,False
bank_dwh,fact_account_fee,fact,deposits,30,settlement_date_key,BIGINT,True,Synthetic settlement date key for account fee.,synthetic_extension,False
bank_dwh,fact_account_fee,fact,deposits,31,debit_credit_code,VARCHAR(50),True,Synthetic debit credit code for account fee.,synthetic_extension,False
bank_dwh,fact_account_fee,fact,deposits,32,amount,VARCHAR(120),True,Synthetic amount for account fee.,synthetic_extension,False
bank_dwh,fact_account_fee,fact,deposits,33,original_amount,"NUMERIC(20,4)",True,Synthetic original amount for account fee.,synthetic_extension,False
bank_dwh,fact_account_fee,fact,deposits,34,base_amount,"NUMERIC(20,4)",True,Synthetic base amount for account fee.,synthetic_extension,False
bank_dwh,fact_account_fee,fact,deposits,35,local_amount,"NUMERIC(20,4)",True,Synthetic local amount for account fee.,synthetic_extension,False
bank_dwh,fact_account_fee,fact,deposits,36,fee_amount,"NUMERIC(20,4)",True,Synthetic fee amount for account fee.,synthetic_extension,False
bank_dwh,fact_account_fee,fact,deposits,37,tax_amount,"NUMERIC(20,4)",True,Synthetic tax amount for account fee.,synthetic_extension,False
bank_dwh,fact_account_fee,fact,deposits,38,net_amount,"NUMERIC(20,4)",True,Synthetic net amount for account fee.,synthetic_extension,False
bank_dwh,fact_account_fee,fact,deposits,39,gross_amount,"NUMERIC(20,4)",True,Synthetic gross amount for account fee.,synthetic_extension,False
bank_dwh,fact_account_fee,fact,deposits,40,exchange_rate,"NUMERIC(14,8)",True,Synthetic exchange rate for account fee.,synthetic_extension,False
bank_dwh,fact_account_fee,fact,deposits,41,counterparty_id,VARCHAR(100),True,Synthetic counterparty id for account fee.,synthetic_extension,False
bank_dwh,fact_account_fee,fact,deposits,42,counterparty_account_hash,VARCHAR(100),True,Synthetic counterparty account hash for account fee.,synthetic_extension,False
bank_dwh,fact_account_fee,fact,deposits,43,payment_reference,TEXT,True,Synthetic payment reference for account fee.,synthetic_extension,False
bank_dwh,fact_account_fee,fact,deposits,44,channel_reference_id,VARCHAR(100),True,Synthetic channel reference id for account fee.,synthetic_extension,False
bank_dwh,fact_account_fee,fact,deposits,45,authorization_reference_id,VARCHAR(100),True,Synthetic authorization reference id for account fee.,synthetic_extension,False
bank_dwh,fact_account_fee,fact,deposits,46,is_reversal,BOOLEAN,True,Synthetic is reversal for account fee.,synthetic_extension,False
bank_dwh,fact_account_fee,fact,deposits,47,is_adjustment,BOOLEAN,True,Synthetic is adjustment for account fee.,synthetic_extension,False
bank_dwh,fact_account_fee,fact,deposits,48,is_cross_border,BOOLEAN,True,Synthetic is cross border for account fee.,synthetic_extension,False
bank_dwh,fact_account_fee,fact,deposits,49,is_cash,BOOLEAN,True,Synthetic is cash for account fee.,synthetic_extension,False
bank_dwh,fact_account_fee,fact,deposits,50,transaction_count,BIGINT,True,Synthetic transaction count for account fee.,synthetic_extension,False
bank_dwh,fact_account_fee,fact,deposits,51,processing_status_code,VARCHAR(50),True,Synthetic processing status code for account fee.,synthetic_extension,False
bank_dwh,fact_account_fee,fact,deposits,52,reconciliation_status_code,VARCHAR(50),True,Synthetic reconciliation status code for account fee.,synthetic_extension,False
bank_dwh,fact_account_fee,fact,deposits,53,initiated_at,TIMESTAMPTZ,True,Synthetic initiated at for account fee.,synthetic_extension,False
bank_dwh,fact_account_fee,fact,deposits,54,authorized_at,TIMESTAMPTZ,True,Synthetic authorized at for account fee.,synthetic_extension,False
bank_dwh,fact_account_hold,fact,deposits,1,account_hold_fact_key,BIGINT,False,Synthetic surrogate key for fact_account_hold.,structural,True
bank_dwh,fact_account_hold,fact,deposits,2,business_date_key,BIGINT,False,Business date of this fact row.,structural,False
bank_dwh,fact_account_hold,fact,deposits,3,customer_key,BIGINT,True,Optional key to dim_customer.,relationship,False
bank_dwh,fact_account_hold,fact,deposits,4,account_key,BIGINT,True,Optional key to dim_account.,relationship,False
bank_dwh,fact_account_hold,fact,deposits,5,product_key,BIGINT,True,Optional key to dim_product.,relationship,False
bank_dwh,fact_account_hold,fact,deposits,6,branch_key,BIGINT,True,Optional key to dim_branch.,relationship,False
bank_dwh,fact_account_hold,fact,deposits,7,channel_key,BIGINT,True,Optional key to dim_channel.,relationship,False
bank_dwh,fact_account_hold,fact,deposits,8,currency_key,BIGINT,True,Optional key to dim_currency.,relationship,False
bank_dwh,fact_account_hold,fact,deposits,9,deposit_product_key,BIGINT,True,Optional key to dim_deposit_product.,relationship,False
bank_dwh,fact_account_hold,fact,deposits,10,deposit_term_key,BIGINT,True,Optional key to dim_deposit_term.,relationship,False
bank_dwh,fact_account_hold,fact,deposits,11,account_status_key,BIGINT,True,Optional key to dim_account_status.,relationship,False
bank_dwh,fact_account_hold,fact,deposits,12,source_system_code,VARCHAR(50),True,Source system code for this account hold fact.,structural,False
bank_dwh,fact_account_hold,fact,deposits,13,source_record_id,VARCHAR(100),True,Source record id for this account hold fact.,structural,False
bank_dwh,fact_account_hold,fact,deposits,14,ingested_at,TIMESTAMPTZ,True,Ingested at for this account hold fact.,structural,False
bank_dwh,fact_account_hold,fact,deposits,15,updated_at,TIMESTAMPTZ,True,Updated at for this account hold fact.,structural,False
bank_dwh,fact_account_hold,fact,deposits,16,record_hash,VARCHAR(100),True,Record hash for this account hold fact.,structural,False
bank_dwh,fact_account_hold,fact,deposits,17,data_quality_status_code,VARCHAR(50),True,Data quality status code for this account hold fact.,structural,False
bank_dwh,fact_account_hold,fact,deposits,18,load_batch_id,VARCHAR(100),True,Load batch id for this account hold fact.,structural,False
bank_dwh,fact_account_hold,fact,deposits,19,event_id,VARCHAR(100),True,Event id for this account hold fact.,structural,False
bank_dwh,fact_account_hold,fact,deposits,20,event_status_code,VARCHAR(50),True,Event status code for this account hold fact.,structural,False
bank_dwh,fact_account_hold,fact,deposits,21,currency_code,VARCHAR(50),True,Currency code for this account hold fact.,structural,False
bank_dwh,fact_account_hold,fact,deposits,22,transaction_id,VARCHAR(100),True,Synthetic transaction id for account hold.,synthetic_extension,False
bank_dwh,fact_account_hold,fact,deposits,23,transaction_type_code,VARCHAR(50),True,Synthetic transaction type code for account hold.,synthetic_extension,False
bank_dwh,fact_account_hold,fact,deposits,24,transaction_subtype_code,VARCHAR(50),True,Synthetic transaction subtype code for account hold.,synthetic_extension,False
bank_dwh,fact_account_hold,fact,deposits,25,transaction_status_code,VARCHAR(50),True,Synthetic transaction status code for account hold.,synthetic_extension,False
bank_dwh,fact_account_hold,fact,deposits,26,transaction_reference_id,VARCHAR(100),True,Synthetic transaction reference id for account hold.,synthetic_extension,False
bank_dwh,fact_account_hold,fact,deposits,27,external_reference_id,VARCHAR(100),True,Synthetic external reference id for account hold.,synthetic_extension,False
bank_dwh,fact_account_hold,fact,deposits,28,posting_date_key,BIGINT,True,Synthetic posting date key for account hold.,synthetic_extension,False
bank_dwh,fact_account_hold,fact,deposits,29,value_date_key,BIGINT,True,Synthetic value date key for account hold.,synthetic_extension,False
bank_dwh,fact_account_hold,fact,deposits,30,settlement_date_key,BIGINT,True,Synthetic settlement date key for account hold.,synthetic_extension,False
bank_dwh,fact_account_hold,fact,deposits,31,debit_credit_code,VARCHAR(50),True,Synthetic debit credit code for account hold.,synthetic_extension,False
bank_dwh,fact_account_hold,fact,deposits,32,amount,VARCHAR(120),True,Synthetic amount for account hold.,synthetic_extension,False
bank_dwh,fact_account_hold,fact,deposits,33,original_amount,"NUMERIC(20,4)",True,Synthetic original amount for account hold.,synthetic_extension,False
bank_dwh,fact_account_hold,fact,deposits,34,base_amount,"NUMERIC(20,4)",True,Synthetic base amount for account hold.,synthetic_extension,False
bank_dwh,fact_account_hold,fact,deposits,35,local_amount,"NUMERIC(20,4)",True,Synthetic local amount for account hold.,synthetic_extension,False
bank_dwh,fact_account_hold,fact,deposits,36,fee_amount,"NUMERIC(20,4)",True,Synthetic fee amount for account hold.,synthetic_extension,False
bank_dwh,fact_account_hold,fact,deposits,37,tax_amount,"NUMERIC(20,4)",True,Synthetic tax amount for account hold.,synthetic_extension,False
bank_dwh,fact_account_hold,fact,deposits,38,net_amount,"NUMERIC(20,4)",True,Synthetic net amount for account hold.,synthetic_extension,False
bank_dwh,fact_account_hold,fact,deposits,39,gross_amount,"NUMERIC(20,4)",True,Synthetic gross amount for account hold.,synthetic_extension,False
bank_dwh,fact_account_hold,fact,deposits,40,exchange_rate,"NUMERIC(14,8)",True,Synthetic exchange rate for account hold.,synthetic_extension,False
bank_dwh,fact_account_hold,fact,deposits,41,counterparty_id,VARCHAR(100),True,Synthetic counterparty id for account hold.,synthetic_extension,False
bank_dwh,fact_account_hold,fact,deposits,42,counterparty_account_hash,VARCHAR(100),True,Synthetic counterparty account hash for account hold.,synthetic_extension,False
bank_dwh,fact_account_hold,fact,deposits,43,payment_reference,TEXT,True,Synthetic payment reference for account hold.,synthetic_extension,False
bank_dwh,fact_account_hold,fact,deposits,44,channel_reference_id,VARCHAR(100),True,Synthetic channel reference id for account hold.,synthetic_extension,False
bank_dwh,fact_account_hold,fact,deposits,45,authorization_reference_id,VARCHAR(100),True,Synthetic authorization reference id for account hold.,synthetic_extension,False
bank_dwh,fact_account_hold,fact,deposits,46,is_reversal,BOOLEAN,True,Synthetic is reversal for account hold.,synthetic_extension,False
bank_dwh,fact_account_hold,fact,deposits,47,is_adjustment,BOOLEAN,True,Synthetic is adjustment for account hold.,synthetic_extension,False
bank_dwh,fact_account_hold,fact,deposits,48,is_cross_border,BOOLEAN,True,Synthetic is cross border for account hold.,synthetic_extension,False
bank_dwh,fact_account_hold,fact,deposits,49,is_cash,BOOLEAN,True,Synthetic is cash for account hold.,synthetic_extension,False
bank_dwh,fact_account_hold,fact,deposits,50,transaction_count,BIGINT,True,Synthetic transaction count for account hold.,synthetic_extension,False
bank_dwh,fact_account_hold,fact,deposits,51,processing_status_code,VARCHAR(50),True,Synthetic processing status code for account hold.,synthetic_extension,False
bank_dwh,fact_account_hold,fact,deposits,52,reconciliation_status_code,VARCHAR(50),True,Synthetic reconciliation status code for account hold.,synthetic_extension,False
bank_dwh,fact_account_hold,fact,deposits,53,initiated_at,TIMESTAMPTZ,True,Synthetic initiated at for account hold.,synthetic_extension,False
bank_dwh,fact_account_hold,fact,deposits,54,authorized_at,TIMESTAMPTZ,True,Synthetic authorized at for account hold.,synthetic_extension,False
bank_dwh,fact_loan_balance_daily,fact,lending,1,loan_balance_daily_fact_key,BIGINT,False,Synthetic surrogate key for fact_loan_balance_daily.,structural,True
bank_dwh,fact_loan_balance_daily,fact,lending,2,business_date_key,BIGINT,False,Business date of this fact row.,structural,False
bank_dwh,fact_loan_balance_daily,fact,lending,3,customer_key,BIGINT,True,Optional key to dim_customer.,relationship,False
bank_dwh,fact_loan_balance_daily,fact,lending,4,account_key,BIGINT,True,Optional key to dim_account.,relationship,False
bank_dwh,fact_loan_balance_daily,fact,lending,5,loan_product_key,BIGINT,True,Optional key to dim_loan_product.,relationship,False
bank_dwh,fact_loan_balance_daily,fact,lending,6,loan_purpose_key,BIGINT,True,Optional key to dim_loan_purpose.,relationship,False
bank_dwh,fact_loan_balance_daily,fact,lending,7,collateral_type_key,BIGINT,True,Optional key to dim_collateral_type.,relationship,False
bank_dwh,fact_loan_balance_daily,fact,lending,8,credit_rating_key,BIGINT,True,Optional key to dim_credit_rating.,relationship,False
bank_dwh,fact_loan_balance_daily,fact,lending,9,currency_key,BIGINT,True,Optional key to dim_currency.,relationship,False
bank_dwh,fact_loan_balance_daily,fact,lending,10,branch_key,BIGINT,True,Optional key to dim_branch.,relationship,False
bank_dwh,fact_loan_balance_daily,fact,lending,11,source_system_code,VARCHAR(50),True,Source system code for this loan balance daily fact.,structural,False
bank_dwh,fact_loan_balance_daily,fact,lending,12,source_record_id,VARCHAR(100),True,Source record id for this loan balance daily fact.,structural,False
bank_dwh,fact_loan_balance_daily,fact,lending,13,ingested_at,TIMESTAMPTZ,True,Ingested at for this loan balance daily fact.,structural,False
bank_dwh,fact_loan_balance_daily,fact,lending,14,updated_at,TIMESTAMPTZ,True,Updated at for this loan balance daily fact.,structural,False
bank_dwh,fact_loan_balance_daily,fact,lending,15,record_hash,VARCHAR(100),True,Record hash for this loan balance daily fact.,structural,False
bank_dwh,fact_loan_balance_daily,fact,lending,16,data_quality_status_code,VARCHAR(50),True,Data quality status code for this loan balance daily fact.,structural,False
bank_dwh,fact_loan_balance_daily,fact,lending,17,load_batch_id,VARCHAR(100),True,Load batch id for this loan balance daily fact.,structural,False
bank_dwh,fact_loan_balance_daily,fact,lending,18,event_id,VARCHAR(100),True,Event id for this loan balance daily fact.,structural,False
bank_dwh,fact_loan_balance_daily,fact,lending,19,event_status_code,VARCHAR(50),True,Event status code for this loan balance daily fact.,structural,False
bank_dwh,fact_loan_balance_daily,fact,lending,20,currency_code,VARCHAR(50),True,Currency code for this loan balance daily fact.,structural,False
bank_dwh,fact_loan_balance_daily,fact,lending,21,loan_id,VARCHAR(100),True,Synthetic loan id for loan balance daily.,synthetic_extension,False
bank_dwh,fact_loan_balance_daily,fact,lending,22,facility_id,VARCHAR(100),True,Synthetic facility id for loan balance daily.,synthetic_extension,False
bank_dwh,fact_loan_balance_daily,fact,lending,23,loan_status_code,VARCHAR(50),True,Synthetic loan status code for loan balance daily.,synthetic_extension,False
bank_dwh,fact_loan_balance_daily,fact,lending,24,principal_amount,"NUMERIC(20,4)",True,Synthetic principal amount for loan balance daily.,synthetic_extension,False
bank_dwh,fact_loan_balance_daily,fact,lending,25,outstanding_principal_amount,"NUMERIC(20,4)",True,Synthetic outstanding principal amount for loan balance daily.,synthetic_extension,False
bank_dwh,fact_loan_balance_daily,fact,lending,26,accrued_interest_amount,"NUMERIC(20,4)",True,Synthetic accrued interest amount for loan balance daily.,synthetic_extension,False
bank_dwh,fact_loan_balance_daily,fact,lending,27,interest_paid_amount,"NUMERIC(20,4)",True,Synthetic interest paid amount for loan balance daily.,synthetic_extension,False
bank_dwh,fact_loan_balance_daily,fact,lending,28,principal_paid_amount,"NUMERIC(20,4)",True,Synthetic principal paid amount for loan balance daily.,synthetic_extension,False
bank_dwh,fact_loan_balance_daily,fact,lending,29,scheduled_payment_amount,"NUMERIC(20,4)",True,Synthetic scheduled payment amount for loan balance daily.,synthetic_extension,False
bank_dwh,fact_loan_balance_daily,fact,lending,30,actual_payment_amount,"NUMERIC(20,4)",True,Synthetic actual payment amount for loan balance daily.,synthetic_extension,False
bank_dwh,fact_loan_balance_daily,fact,lending,31,overdue_amount,"NUMERIC(20,4)",True,Synthetic overdue amount for loan balance daily.,synthetic_extension,False
bank_dwh,fact_loan_balance_daily,fact,lending,32,writeoff_amount,"NUMERIC(20,4)",True,Synthetic writeoff amount for loan balance daily.,synthetic_extension,False
bank_dwh,fact_loan_balance_daily,fact,lending,33,recovered_amount,"NUMERIC(20,4)",True,Synthetic recovered amount for loan balance daily.,synthetic_extension,False
bank_dwh,fact_loan_balance_daily,fact,lending,34,provision_amount,"NUMERIC(20,4)",True,Synthetic provision amount for loan balance daily.,synthetic_extension,False
bank_dwh,fact_loan_balance_daily,fact,lending,35,exposure_at_default_amount,"NUMERIC(20,4)",True,Synthetic exposure at default amount for loan balance daily.,synthetic_extension,False
bank_dwh,fact_loan_balance_daily,fact,lending,36,collateral_value_amount,"NUMERIC(20,4)",True,Synthetic collateral value amount for loan balance daily.,synthetic_extension,False
bank_dwh,fact_loan_balance_daily,fact,lending,37,loan_to_value_rate,"NUMERIC(14,8)",True,Synthetic loan to value rate for loan balance daily.,synthetic_extension,False
bank_dwh,fact_loan_balance_daily,fact,lending,38,interest_rate,"NUMERIC(14,8)",True,Synthetic interest rate for loan balance daily.,synthetic_extension,False
bank_dwh,fact_loan_balance_daily,fact,lending,39,margin_rate,"NUMERIC(14,8)",True,Synthetic margin rate for loan balance daily.,synthetic_extension,False
bank_dwh,fact_loan_balance_daily,fact,lending,40,days_past_due,BIGINT,True,Synthetic days past due for loan balance daily.,synthetic_extension,False
bank_dwh,fact_loan_balance_daily,fact,lending,41,delinquency_stage_code,VARCHAR(50),True,Synthetic delinquency stage code for loan balance daily.,synthetic_extension,False
bank_dwh,fact_loan_balance_daily,fact,lending,42,impairment_stage_code,VARCHAR(50),True,Synthetic impairment stage code for loan balance daily.,synthetic_extension,False
bank_dwh,fact_loan_balance_daily,fact,lending,43,forbearance_flag,BOOLEAN,True,Synthetic forbearance flag for loan balance daily.,synthetic_extension,False
bank_dwh,fact_loan_balance_daily,fact,lending,44,default_flag,BOOLEAN,True,Synthetic default flag for loan balance daily.,synthetic_extension,False
bank_dwh,fact_loan_balance_daily,fact,lending,45,origination_date_key,BIGINT,True,Synthetic origination date key for loan balance daily.,synthetic_extension,False
bank_dwh,fact_loan_balance_daily,fact,lending,46,maturity_date_key,BIGINT,True,Synthetic maturity date key for loan balance daily.,synthetic_extension,False
bank_dwh,fact_loan_balance_daily,fact,lending,47,due_date_key,BIGINT,True,Synthetic due date key for loan balance daily.,synthetic_extension,False
bank_dwh,fact_loan_balance_daily,fact,lending,48,payment_date_key,BIGINT,True,Synthetic payment date key for loan balance daily.,synthetic_extension,False
bank_dwh,fact_loan_balance_daily,fact,lending,49,repayment_sequence_number,BIGINT,True,Synthetic repayment sequence number for loan balance daily.,synthetic_extension,False
bank_dwh,fact_loan_balance_daily,fact,lending,50,installment_number,BIGINT,True,Synthetic installment number for loan balance daily.,synthetic_extension,False
bank_dwh,fact_loan_balance_daily,fact,lending,51,credit_limit_amount,"NUMERIC(20,4)",True,Synthetic credit limit amount for loan balance daily.,synthetic_extension,False
bank_dwh,fact_loan_balance_daily,fact,lending,52,utilized_amount,"NUMERIC(20,4)",True,Synthetic utilized amount for loan balance daily.,synthetic_extension,False
bank_dwh,fact_loan_balance_daily,fact,lending,53,available_limit_amount,"NUMERIC(20,4)",True,Synthetic available limit amount for loan balance daily.,synthetic_extension,False
bank_dwh,fact_loan_balance_daily,fact,lending,54,restructure_flag,BOOLEAN,True,Synthetic restructure flag for loan balance daily.,synthetic_extension,False
bank_dwh,fact_loan_balance_daily,fact,lending,55,loss_event_code,VARCHAR(50),True,Synthetic loss event code for loan balance daily.,synthetic_extension,False
bank_dwh,fact_loan_balance_daily,fact,lending,56,event_type_code,VARCHAR(50),True,Synthetic event type code for loan balance daily.,synthetic_extension,False
bank_dwh,fact_loan_balance_daily,fact,lending,57,event_subtype_code,VARCHAR(50),True,Synthetic event subtype code for loan balance daily.,synthetic_extension,False
bank_dwh,fact_loan_disbursement,fact,lending,1,loan_disbursement_fact_key,BIGINT,False,Synthetic surrogate key for fact_loan_disbursement.,structural,True
bank_dwh,fact_loan_disbursement,fact,lending,2,business_date_key,BIGINT,False,Business date of this fact row.,structural,False
bank_dwh,fact_loan_disbursement,fact,lending,3,customer_key,BIGINT,True,Optional key to dim_customer.,relationship,False
bank_dwh,fact_loan_disbursement,fact,lending,4,account_key,BIGINT,True,Optional key to dim_account.,relationship,False
bank_dwh,fact_loan_disbursement,fact,lending,5,loan_product_key,BIGINT,True,Optional key to dim_loan_product.,relationship,False
bank_dwh,fact_loan_disbursement,fact,lending,6,loan_purpose_key,BIGINT,True,Optional key to dim_loan_purpose.,relationship,False
bank_dwh,fact_loan_disbursement,fact,lending,7,collateral_type_key,BIGINT,True,Optional key to dim_collateral_type.,relationship,False
bank_dwh,fact_loan_disbursement,fact,lending,8,credit_rating_key,BIGINT,True,Optional key to dim_credit_rating.,relationship,False
bank_dwh,fact_loan_disbursement,fact,lending,9,currency_key,BIGINT,True,Optional key to dim_currency.,relationship,False
bank_dwh,fact_loan_disbursement,fact,lending,10,branch_key,BIGINT,True,Optional key to dim_branch.,relationship,False
bank_dwh,fact_loan_disbursement,fact,lending,11,source_system_code,VARCHAR(50),True,Source system code for this loan disbursement fact.,structural,False
bank_dwh,fact_loan_disbursement,fact,lending,12,source_record_id,VARCHAR(100),True,Source record id for this loan disbursement fact.,structural,False
bank_dwh,fact_loan_disbursement,fact,lending,13,ingested_at,TIMESTAMPTZ,True,Ingested at for this loan disbursement fact.,structural,False
bank_dwh,fact_loan_disbursement,fact,lending,14,updated_at,TIMESTAMPTZ,True,Updated at for this loan disbursement fact.,structural,False
bank_dwh,fact_loan_disbursement,fact,lending,15,record_hash,VARCHAR(100),True,Record hash for this loan disbursement fact.,structural,False
bank_dwh,fact_loan_disbursement,fact,lending,16,data_quality_status_code,VARCHAR(50),True,Data quality status code for this loan disbursement fact.,structural,False
bank_dwh,fact_loan_disbursement,fact,lending,17,load_batch_id,VARCHAR(100),True,Load batch id for this loan disbursement fact.,structural,False
bank_dwh,fact_loan_disbursement,fact,lending,18,event_id,VARCHAR(100),True,Event id for this loan disbursement fact.,structural,False
bank_dwh,fact_loan_disbursement,fact,lending,19,event_status_code,VARCHAR(50),True,Event status code for this loan disbursement fact.,structural,False
bank_dwh,fact_loan_disbursement,fact,lending,20,currency_code,VARCHAR(50),True,Currency code for this loan disbursement fact.,structural,False
bank_dwh,fact_loan_disbursement,fact,lending,21,loan_id,VARCHAR(100),True,Synthetic loan id for loan disbursement.,synthetic_extension,False
bank_dwh,fact_loan_disbursement,fact,lending,22,facility_id,VARCHAR(100),True,Synthetic facility id for loan disbursement.,synthetic_extension,False
bank_dwh,fact_loan_disbursement,fact,lending,23,loan_status_code,VARCHAR(50),True,Synthetic loan status code for loan disbursement.,synthetic_extension,False
bank_dwh,fact_loan_disbursement,fact,lending,24,principal_amount,"NUMERIC(20,4)",True,Synthetic principal amount for loan disbursement.,synthetic_extension,False
bank_dwh,fact_loan_disbursement,fact,lending,25,outstanding_principal_amount,"NUMERIC(20,4)",True,Synthetic outstanding principal amount for loan disbursement.,synthetic_extension,False
bank_dwh,fact_loan_disbursement,fact,lending,26,accrued_interest_amount,"NUMERIC(20,4)",True,Synthetic accrued interest amount for loan disbursement.,synthetic_extension,False
bank_dwh,fact_loan_disbursement,fact,lending,27,interest_paid_amount,"NUMERIC(20,4)",True,Synthetic interest paid amount for loan disbursement.,synthetic_extension,False
bank_dwh,fact_loan_disbursement,fact,lending,28,principal_paid_amount,"NUMERIC(20,4)",True,Synthetic principal paid amount for loan disbursement.,synthetic_extension,False
bank_dwh,fact_loan_disbursement,fact,lending,29,scheduled_payment_amount,"NUMERIC(20,4)",True,Synthetic scheduled payment amount for loan disbursement.,synthetic_extension,False
bank_dwh,fact_loan_disbursement,fact,lending,30,actual_payment_amount,"NUMERIC(20,4)",True,Synthetic actual payment amount for loan disbursement.,synthetic_extension,False
bank_dwh,fact_loan_disbursement,fact,lending,31,overdue_amount,"NUMERIC(20,4)",True,Synthetic overdue amount for loan disbursement.,synthetic_extension,False
bank_dwh,fact_loan_disbursement,fact,lending,32,writeoff_amount,"NUMERIC(20,4)",True,Synthetic writeoff amount for loan disbursement.,synthetic_extension,False
bank_dwh,fact_loan_disbursement,fact,lending,33,recovered_amount,"NUMERIC(20,4)",True,Synthetic recovered amount for loan disbursement.,synthetic_extension,False
bank_dwh,fact_loan_disbursement,fact,lending,34,provision_amount,"NUMERIC(20,4)",True,Synthetic provision amount for loan disbursement.,synthetic_extension,False
bank_dwh,fact_loan_disbursement,fact,lending,35,exposure_at_default_amount,"NUMERIC(20,4)",True,Synthetic exposure at default amount for loan disbursement.,synthetic_extension,False
bank_dwh,fact_loan_disbursement,fact,lending,36,collateral_value_amount,"NUMERIC(20,4)",True,Synthetic collateral value amount for loan disbursement.,synthetic_extension,False
bank_dwh,fact_loan_disbursement,fact,lending,37,loan_to_value_rate,"NUMERIC(14,8)",True,Synthetic loan to value rate for loan disbursement.,synthetic_extension,False
bank_dwh,fact_loan_disbursement,fact,lending,38,interest_rate,"NUMERIC(14,8)",True,Synthetic interest rate for loan disbursement.,synthetic_extension,False
bank_dwh,fact_loan_disbursement,fact,lending,39,margin_rate,"NUMERIC(14,8)",True,Synthetic margin rate for loan disbursement.,synthetic_extension,False
bank_dwh,fact_loan_disbursement,fact,lending,40,days_past_due,BIGINT,True,Synthetic days past due for loan disbursement.,synthetic_extension,False
bank_dwh,fact_loan_disbursement,fact,lending,41,delinquency_stage_code,VARCHAR(50),True,Synthetic delinquency stage code for loan disbursement.,synthetic_extension,False
bank_dwh,fact_loan_disbursement,fact,lending,42,impairment_stage_code,VARCHAR(50),True,Synthetic impairment stage code for loan disbursement.,synthetic_extension,False
bank_dwh,fact_loan_disbursement,fact,lending,43,forbearance_flag,BOOLEAN,True,Synthetic forbearance flag for loan disbursement.,synthetic_extension,False
bank_dwh,fact_loan_disbursement,fact,lending,44,default_flag,BOOLEAN,True,Synthetic default flag for loan disbursement.,synthetic_extension,False
bank_dwh,fact_loan_disbursement,fact,lending,45,origination_date_key,BIGINT,True,Synthetic origination date key for loan disbursement.,synthetic_extension,False
bank_dwh,fact_loan_disbursement,fact,lending,46,maturity_date_key,BIGINT,True,Synthetic maturity date key for loan disbursement.,synthetic_extension,False
bank_dwh,fact_loan_disbursement,fact,lending,47,due_date_key,BIGINT,True,Synthetic due date key for loan disbursement.,synthetic_extension,False
bank_dwh,fact_loan_disbursement,fact,lending,48,payment_date_key,BIGINT,True,Synthetic payment date key for loan disbursement.,synthetic_extension,False
bank_dwh,fact_loan_disbursement,fact,lending,49,repayment_sequence_number,BIGINT,True,Synthetic repayment sequence number for loan disbursement.,synthetic_extension,False
bank_dwh,fact_loan_disbursement,fact,lending,50,installment_number,BIGINT,True,Synthetic installment number for loan disbursement.,synthetic_extension,False
bank_dwh,fact_loan_disbursement,fact,lending,51,credit_limit_amount,"NUMERIC(20,4)",True,Synthetic credit limit amount for loan disbursement.,synthetic_extension,False
bank_dwh,fact_loan_disbursement,fact,lending,52,utilized_amount,"NUMERIC(20,4)",True,Synthetic utilized amount for loan disbursement.,synthetic_extension,False
bank_dwh,fact_loan_disbursement,fact,lending,53,available_limit_amount,"NUMERIC(20,4)",True,Synthetic available limit amount for loan disbursement.,synthetic_extension,False
bank_dwh,fact_loan_disbursement,fact,lending,54,restructure_flag,BOOLEAN,True,Synthetic restructure flag for loan disbursement.,synthetic_extension,False
bank_dwh,fact_loan_repayment,fact,lending,1,loan_repayment_fact_key,BIGINT,False,Synthetic surrogate key for fact_loan_repayment.,structural,True
bank_dwh,fact_loan_repayment,fact,lending,2,business_date_key,BIGINT,False,Business date of this fact row.,structural,False
bank_dwh,fact_loan_repayment,fact,lending,3,customer_key,BIGINT,True,Optional key to dim_customer.,relationship,False
bank_dwh,fact_loan_repayment,fact,lending,4,account_key,BIGINT,True,Optional key to dim_account.,relationship,False
bank_dwh,fact_loan_repayment,fact,lending,5,loan_product_key,BIGINT,True,Optional key to dim_loan_product.,relationship,False
bank_dwh,fact_loan_repayment,fact,lending,6,loan_purpose_key,BIGINT,True,Optional key to dim_loan_purpose.,relationship,False
bank_dwh,fact_loan_repayment,fact,lending,7,collateral_type_key,BIGINT,True,Optional key to dim_collateral_type.,relationship,False
bank_dwh,fact_loan_repayment,fact,lending,8,credit_rating_key,BIGINT,True,Optional key to dim_credit_rating.,relationship,False
bank_dwh,fact_loan_repayment,fact,lending,9,currency_key,BIGINT,True,Optional key to dim_currency.,relationship,False
bank_dwh,fact_loan_repayment,fact,lending,10,branch_key,BIGINT,True,Optional key to dim_branch.,relationship,False
bank_dwh,fact_loan_repayment,fact,lending,11,source_system_code,VARCHAR(50),True,Source system code for this loan repayment fact.,structural,False
bank_dwh,fact_loan_repayment,fact,lending,12,source_record_id,VARCHAR(100),True,Source record id for this loan repayment fact.,structural,False
bank_dwh,fact_loan_repayment,fact,lending,13,ingested_at,TIMESTAMPTZ,True,Ingested at for this loan repayment fact.,structural,False
bank_dwh,fact_loan_repayment,fact,lending,14,updated_at,TIMESTAMPTZ,True,Updated at for this loan repayment fact.,structural,False
bank_dwh,fact_loan_repayment,fact,lending,15,record_hash,VARCHAR(100),True,Record hash for this loan repayment fact.,structural,False
bank_dwh,fact_loan_repayment,fact,lending,16,data_quality_status_code,VARCHAR(50),True,Data quality status code for this loan repayment fact.,structural,False
bank_dwh,fact_loan_repayment,fact,lending,17,load_batch_id,VARCHAR(100),True,Load batch id for this loan repayment fact.,structural,False
bank_dwh,fact_loan_repayment,fact,lending,18,event_id,VARCHAR(100),True,Event id for this loan repayment fact.,structural,False
bank_dwh,fact_loan_repayment,fact,lending,19,event_status_code,VARCHAR(50),True,Event status code for this loan repayment fact.,structural,False
bank_dwh,fact_loan_repayment,fact,lending,20,currency_code,VARCHAR(50),True,Currency code for this loan repayment fact.,structural,False
bank_dwh,fact_loan_repayment,fact,lending,21,loan_id,VARCHAR(100),True,Synthetic loan id for loan repayment.,synthetic_extension,False
bank_dwh,fact_loan_repayment,fact,lending,22,facility_id,VARCHAR(100),True,Synthetic facility id for loan repayment.,synthetic_extension,False
bank_dwh,fact_loan_repayment,fact,lending,23,loan_status_code,VARCHAR(50),True,Synthetic loan status code for loan repayment.,synthetic_extension,False
bank_dwh,fact_loan_repayment,fact,lending,24,principal_amount,"NUMERIC(20,4)",True,Synthetic principal amount for loan repayment.,synthetic_extension,False
bank_dwh,fact_loan_repayment,fact,lending,25,outstanding_principal_amount,"NUMERIC(20,4)",True,Synthetic outstanding principal amount for loan repayment.,synthetic_extension,False
bank_dwh,fact_loan_repayment,fact,lending,26,accrued_interest_amount,"NUMERIC(20,4)",True,Synthetic accrued interest amount for loan repayment.,synthetic_extension,False
bank_dwh,fact_loan_repayment,fact,lending,27,interest_paid_amount,"NUMERIC(20,4)",True,Synthetic interest paid amount for loan repayment.,synthetic_extension,False
bank_dwh,fact_loan_repayment,fact,lending,28,principal_paid_amount,"NUMERIC(20,4)",True,Synthetic principal paid amount for loan repayment.,synthetic_extension,False
bank_dwh,fact_loan_repayment,fact,lending,29,scheduled_payment_amount,"NUMERIC(20,4)",True,Synthetic scheduled payment amount for loan repayment.,synthetic_extension,False
bank_dwh,fact_loan_repayment,fact,lending,30,actual_payment_amount,"NUMERIC(20,4)",True,Synthetic actual payment amount for loan repayment.,synthetic_extension,False
bank_dwh,fact_loan_repayment,fact,lending,31,overdue_amount,"NUMERIC(20,4)",True,Synthetic overdue amount for loan repayment.,synthetic_extension,False
bank_dwh,fact_loan_repayment,fact,lending,32,writeoff_amount,"NUMERIC(20,4)",True,Synthetic writeoff amount for loan repayment.,synthetic_extension,False
bank_dwh,fact_loan_repayment,fact,lending,33,recovered_amount,"NUMERIC(20,4)",True,Synthetic recovered amount for loan repayment.,synthetic_extension,False
bank_dwh,fact_loan_repayment,fact,lending,34,provision_amount,"NUMERIC(20,4)",True,Synthetic provision amount for loan repayment.,synthetic_extension,False
bank_dwh,fact_loan_repayment,fact,lending,35,exposure_at_default_amount,"NUMERIC(20,4)",True,Synthetic exposure at default amount for loan repayment.,synthetic_extension,False
bank_dwh,fact_loan_repayment,fact,lending,36,collateral_value_amount,"NUMERIC(20,4)",True,Synthetic collateral value amount for loan repayment.,synthetic_extension,False
bank_dwh,fact_loan_repayment,fact,lending,37,loan_to_value_rate,"NUMERIC(14,8)",True,Synthetic loan to value rate for loan repayment.,synthetic_extension,False
bank_dwh,fact_loan_repayment,fact,lending,38,interest_rate,"NUMERIC(14,8)",True,Synthetic interest rate for loan repayment.,synthetic_extension,False
bank_dwh,fact_loan_repayment,fact,lending,39,margin_rate,"NUMERIC(14,8)",True,Synthetic margin rate for loan repayment.,synthetic_extension,False
bank_dwh,fact_loan_repayment,fact,lending,40,days_past_due,BIGINT,True,Synthetic days past due for loan repayment.,synthetic_extension,False
bank_dwh,fact_loan_repayment,fact,lending,41,delinquency_stage_code,VARCHAR(50),True,Synthetic delinquency stage code for loan repayment.,synthetic_extension,False
bank_dwh,fact_loan_repayment,fact,lending,42,impairment_stage_code,VARCHAR(50),True,Synthetic impairment stage code for loan repayment.,synthetic_extension,False
bank_dwh,fact_loan_repayment,fact,lending,43,forbearance_flag,BOOLEAN,True,Synthetic forbearance flag for loan repayment.,synthetic_extension,False
bank_dwh,fact_loan_repayment,fact,lending,44,default_flag,BOOLEAN,True,Synthetic default flag for loan repayment.,synthetic_extension,False
bank_dwh,fact_loan_repayment,fact,lending,45,origination_date_key,BIGINT,True,Synthetic origination date key for loan repayment.,synthetic_extension,False
bank_dwh,fact_loan_repayment,fact,lending,46,maturity_date_key,BIGINT,True,Synthetic maturity date key for loan repayment.,synthetic_extension,False
bank_dwh,fact_loan_repayment,fact,lending,47,due_date_key,BIGINT,True,Synthetic due date key for loan repayment.,synthetic_extension,False
bank_dwh,fact_loan_repayment,fact,lending,48,payment_date_key,BIGINT,True,Synthetic payment date key for loan repayment.,synthetic_extension,False
bank_dwh,fact_loan_repayment,fact,lending,49,repayment_sequence_number,BIGINT,True,Synthetic repayment sequence number for loan repayment.,synthetic_extension,False
bank_dwh,fact_loan_repayment,fact,lending,50,installment_number,BIGINT,True,Synthetic installment number for loan repayment.,synthetic_extension,False
bank_dwh,fact_loan_repayment,fact,lending,51,credit_limit_amount,"NUMERIC(20,4)",True,Synthetic credit limit amount for loan repayment.,synthetic_extension,False
bank_dwh,fact_loan_repayment,fact,lending,52,utilized_amount,"NUMERIC(20,4)",True,Synthetic utilized amount for loan repayment.,synthetic_extension,False
bank_dwh,fact_loan_repayment,fact,lending,53,available_limit_amount,"NUMERIC(20,4)",True,Synthetic available limit amount for loan repayment.,synthetic_extension,False
bank_dwh,fact_loan_repayment,fact,lending,54,restructure_flag,BOOLEAN,True,Synthetic restructure flag for loan repayment.,synthetic_extension,False
bank_dwh,fact_loan_repayment,fact,lending,55,loss_event_code,VARCHAR(50),True,Synthetic loss event code for loan repayment.,synthetic_extension,False
bank_dwh,fact_loan_repayment,fact,lending,56,event_type_code,VARCHAR(50),True,Synthetic event type code for loan repayment.,synthetic_extension,False
bank_dwh,fact_loan_repayment,fact,lending,57,event_subtype_code,VARCHAR(50),True,Synthetic event subtype code for loan repayment.,synthetic_extension,False
bank_dwh,fact_loan_interest_accrual,fact,lending,1,loan_interest_accrual_fact_key,BIGINT,False,Synthetic surrogate key for fact_loan_interest_accrual.,structural,True
bank_dwh,fact_loan_interest_accrual,fact,lending,2,business_date_key,BIGINT,False,Business date of this fact row.,structural,False
bank_dwh,fact_loan_interest_accrual,fact,lending,3,customer_key,BIGINT,True,Optional key to dim_customer.,relationship,False
bank_dwh,fact_loan_interest_accrual,fact,lending,4,account_key,BIGINT,True,Optional key to dim_account.,relationship,False
bank_dwh,fact_loan_interest_accrual,fact,lending,5,loan_product_key,BIGINT,True,Optional key to dim_loan_product.,relationship,False
bank_dwh,fact_loan_interest_accrual,fact,lending,6,loan_purpose_key,BIGINT,True,Optional key to dim_loan_purpose.,relationship,False
bank_dwh,fact_loan_interest_accrual,fact,lending,7,collateral_type_key,BIGINT,True,Optional key to dim_collateral_type.,relationship,False
bank_dwh,fact_loan_interest_accrual,fact,lending,8,credit_rating_key,BIGINT,True,Optional key to dim_credit_rating.,relationship,False
bank_dwh,fact_loan_interest_accrual,fact,lending,9,currency_key,BIGINT,True,Optional key to dim_currency.,relationship,False
bank_dwh,fact_loan_interest_accrual,fact,lending,10,branch_key,BIGINT,True,Optional key to dim_branch.,relationship,False
bank_dwh,fact_loan_interest_accrual,fact,lending,11,source_system_code,VARCHAR(50),True,Source system code for this loan interest accrual fact.,structural,False
bank_dwh,fact_loan_interest_accrual,fact,lending,12,source_record_id,VARCHAR(100),True,Source record id for this loan interest accrual fact.,structural,False
bank_dwh,fact_loan_interest_accrual,fact,lending,13,ingested_at,TIMESTAMPTZ,True,Ingested at for this loan interest accrual fact.,structural,False
bank_dwh,fact_loan_interest_accrual,fact,lending,14,updated_at,TIMESTAMPTZ,True,Updated at for this loan interest accrual fact.,structural,False
bank_dwh,fact_loan_interest_accrual,fact,lending,15,record_hash,VARCHAR(100),True,Record hash for this loan interest accrual fact.,structural,False
bank_dwh,fact_loan_interest_accrual,fact,lending,16,data_quality_status_code,VARCHAR(50),True,Data quality status code for this loan interest accrual fact.,structural,False
bank_dwh,fact_loan_interest_accrual,fact,lending,17,load_batch_id,VARCHAR(100),True,Load batch id for this loan interest accrual fact.,structural,False
bank_dwh,fact_loan_interest_accrual,fact,lending,18,event_id,VARCHAR(100),True,Event id for this loan interest accrual fact.,structural,False
bank_dwh,fact_loan_interest_accrual,fact,lending,19,event_status_code,VARCHAR(50),True,Event status code for this loan interest accrual fact.,structural,False
bank_dwh,fact_loan_interest_accrual,fact,lending,20,currency_code,VARCHAR(50),True,Currency code for this loan interest accrual fact.,structural,False
bank_dwh,fact_loan_interest_accrual,fact,lending,21,loan_id,VARCHAR(100),True,Synthetic loan id for loan interest accrual.,synthetic_extension,False
bank_dwh,fact_loan_interest_accrual,fact,lending,22,facility_id,VARCHAR(100),True,Synthetic facility id for loan interest accrual.,synthetic_extension,False
bank_dwh,fact_loan_interest_accrual,fact,lending,23,loan_status_code,VARCHAR(50),True,Synthetic loan status code for loan interest accrual.,synthetic_extension,False
bank_dwh,fact_loan_interest_accrual,fact,lending,24,principal_amount,"NUMERIC(20,4)",True,Synthetic principal amount for loan interest accrual.,synthetic_extension,False
bank_dwh,fact_loan_interest_accrual,fact,lending,25,outstanding_principal_amount,"NUMERIC(20,4)",True,Synthetic outstanding principal amount for loan interest accrual.,synthetic_extension,False
bank_dwh,fact_loan_interest_accrual,fact,lending,26,accrued_interest_amount,"NUMERIC(20,4)",True,Synthetic accrued interest amount for loan interest accrual.,synthetic_extension,False
bank_dwh,fact_loan_interest_accrual,fact,lending,27,interest_paid_amount,"NUMERIC(20,4)",True,Synthetic interest paid amount for loan interest accrual.,synthetic_extension,False
bank_dwh,fact_loan_interest_accrual,fact,lending,28,principal_paid_amount,"NUMERIC(20,4)",True,Synthetic principal paid amount for loan interest accrual.,synthetic_extension,False
bank_dwh,fact_loan_interest_accrual,fact,lending,29,scheduled_payment_amount,"NUMERIC(20,4)",True,Synthetic scheduled payment amount for loan interest accrual.,synthetic_extension,False
bank_dwh,fact_loan_interest_accrual,fact,lending,30,actual_payment_amount,"NUMERIC(20,4)",True,Synthetic actual payment amount for loan interest accrual.,synthetic_extension,False
bank_dwh,fact_loan_interest_accrual,fact,lending,31,overdue_amount,"NUMERIC(20,4)",True,Synthetic overdue amount for loan interest accrual.,synthetic_extension,False
bank_dwh,fact_loan_interest_accrual,fact,lending,32,writeoff_amount,"NUMERIC(20,4)",True,Synthetic writeoff amount for loan interest accrual.,synthetic_extension,False
bank_dwh,fact_loan_interest_accrual,fact,lending,33,recovered_amount,"NUMERIC(20,4)",True,Synthetic recovered amount for loan interest accrual.,synthetic_extension,False
bank_dwh,fact_loan_interest_accrual,fact,lending,34,provision_amount,"NUMERIC(20,4)",True,Synthetic provision amount for loan interest accrual.,synthetic_extension,False
bank_dwh,fact_loan_interest_accrual,fact,lending,35,exposure_at_default_amount,"NUMERIC(20,4)",True,Synthetic exposure at default amount for loan interest accrual.,synthetic_extension,False
bank_dwh,fact_loan_interest_accrual,fact,lending,36,collateral_value_amount,"NUMERIC(20,4)",True,Synthetic collateral value amount for loan interest accrual.,synthetic_extension,False
bank_dwh,fact_loan_interest_accrual,fact,lending,37,loan_to_value_rate,"NUMERIC(14,8)",True,Synthetic loan to value rate for loan interest accrual.,synthetic_extension,False
bank_dwh,fact_loan_interest_accrual,fact,lending,38,interest_rate,"NUMERIC(14,8)",True,Synthetic interest rate for loan interest accrual.,synthetic_extension,False
bank_dwh,fact_loan_interest_accrual,fact,lending,39,margin_rate,"NUMERIC(14,8)",True,Synthetic margin rate for loan interest accrual.,synthetic_extension,False
bank_dwh,fact_loan_interest_accrual,fact,lending,40,days_past_due,BIGINT,True,Synthetic days past due for loan interest accrual.,synthetic_extension,False
bank_dwh,fact_loan_interest_accrual,fact,lending,41,delinquency_stage_code,VARCHAR(50),True,Synthetic delinquency stage code for loan interest accrual.,synthetic_extension,False
bank_dwh,fact_loan_interest_accrual,fact,lending,42,impairment_stage_code,VARCHAR(50),True,Synthetic impairment stage code for loan interest accrual.,synthetic_extension,False
bank_dwh,fact_loan_interest_accrual,fact,lending,43,forbearance_flag,BOOLEAN,True,Synthetic forbearance flag for loan interest accrual.,synthetic_extension,False
bank_dwh,fact_loan_interest_accrual,fact,lending,44,default_flag,BOOLEAN,True,Synthetic default flag for loan interest accrual.,synthetic_extension,False
bank_dwh,fact_loan_interest_accrual,fact,lending,45,origination_date_key,BIGINT,True,Synthetic origination date key for loan interest accrual.,synthetic_extension,False
bank_dwh,fact_loan_interest_accrual,fact,lending,46,maturity_date_key,BIGINT,True,Synthetic maturity date key for loan interest accrual.,synthetic_extension,False
bank_dwh,fact_loan_interest_accrual,fact,lending,47,due_date_key,BIGINT,True,Synthetic due date key for loan interest accrual.,synthetic_extension,False
bank_dwh,fact_loan_interest_accrual,fact,lending,48,payment_date_key,BIGINT,True,Synthetic payment date key for loan interest accrual.,synthetic_extension,False
bank_dwh,fact_loan_interest_accrual,fact,lending,49,repayment_sequence_number,BIGINT,True,Synthetic repayment sequence number for loan interest accrual.,synthetic_extension,False
bank_dwh,fact_loan_interest_accrual,fact,lending,50,installment_number,BIGINT,True,Synthetic installment number for loan interest accrual.,synthetic_extension,False
bank_dwh,fact_loan_interest_accrual,fact,lending,51,credit_limit_amount,"NUMERIC(20,4)",True,Synthetic credit limit amount for loan interest accrual.,synthetic_extension,False
bank_dwh,fact_loan_interest_accrual,fact,lending,52,utilized_amount,"NUMERIC(20,4)",True,Synthetic utilized amount for loan interest accrual.,synthetic_extension,False
bank_dwh,fact_loan_interest_accrual,fact,lending,53,available_limit_amount,"NUMERIC(20,4)",True,Synthetic available limit amount for loan interest accrual.,synthetic_extension,False
bank_dwh,fact_loan_interest_accrual,fact,lending,54,restructure_flag,BOOLEAN,True,Synthetic restructure flag for loan interest accrual.,synthetic_extension,False
bank_dwh,fact_loan_delinquency_daily,fact,lending,1,loan_delinquency_daily_fact_key,BIGINT,False,Synthetic surrogate key for fact_loan_delinquency_daily.,structural,True
bank_dwh,fact_loan_delinquency_daily,fact,lending,2,business_date_key,BIGINT,False,Business date of this fact row.,structural,False
bank_dwh,fact_loan_delinquency_daily,fact,lending,3,customer_key,BIGINT,True,Optional key to dim_customer.,relationship,False
bank_dwh,fact_loan_delinquency_daily,fact,lending,4,account_key,BIGINT,True,Optional key to dim_account.,relationship,False
bank_dwh,fact_loan_delinquency_daily,fact,lending,5,loan_product_key,BIGINT,True,Optional key to dim_loan_product.,relationship,False
bank_dwh,fact_loan_delinquency_daily,fact,lending,6,loan_purpose_key,BIGINT,True,Optional key to dim_loan_purpose.,relationship,False
bank_dwh,fact_loan_delinquency_daily,fact,lending,7,collateral_type_key,BIGINT,True,Optional key to dim_collateral_type.,relationship,False
bank_dwh,fact_loan_delinquency_daily,fact,lending,8,credit_rating_key,BIGINT,True,Optional key to dim_credit_rating.,relationship,False
bank_dwh,fact_loan_delinquency_daily,fact,lending,9,currency_key,BIGINT,True,Optional key to dim_currency.,relationship,False
bank_dwh,fact_loan_delinquency_daily,fact,lending,10,branch_key,BIGINT,True,Optional key to dim_branch.,relationship,False
bank_dwh,fact_loan_delinquency_daily,fact,lending,11,source_system_code,VARCHAR(50),True,Source system code for this loan delinquency daily fact.,structural,False
bank_dwh,fact_loan_delinquency_daily,fact,lending,12,source_record_id,VARCHAR(100),True,Source record id for this loan delinquency daily fact.,structural,False
bank_dwh,fact_loan_delinquency_daily,fact,lending,13,ingested_at,TIMESTAMPTZ,True,Ingested at for this loan delinquency daily fact.,structural,False
bank_dwh,fact_loan_delinquency_daily,fact,lending,14,updated_at,TIMESTAMPTZ,True,Updated at for this loan delinquency daily fact.,structural,False
bank_dwh,fact_loan_delinquency_daily,fact,lending,15,record_hash,VARCHAR(100),True,Record hash for this loan delinquency daily fact.,structural,False
bank_dwh,fact_loan_delinquency_daily,fact,lending,16,data_quality_status_code,VARCHAR(50),True,Data quality status code for this loan delinquency daily fact.,structural,False
bank_dwh,fact_loan_delinquency_daily,fact,lending,17,load_batch_id,VARCHAR(100),True,Load batch id for this loan delinquency daily fact.,structural,False
bank_dwh,fact_loan_delinquency_daily,fact,lending,18,event_id,VARCHAR(100),True,Event id for this loan delinquency daily fact.,structural,False
bank_dwh,fact_loan_delinquency_daily,fact,lending,19,event_status_code,VARCHAR(50),True,Event status code for this loan delinquency daily fact.,structural,False
bank_dwh,fact_loan_delinquency_daily,fact,lending,20,currency_code,VARCHAR(50),True,Currency code for this loan delinquency daily fact.,structural,False
bank_dwh,fact_loan_delinquency_daily,fact,lending,21,loan_id,VARCHAR(100),True,Synthetic loan id for loan delinquency daily.,synthetic_extension,False
bank_dwh,fact_loan_delinquency_daily,fact,lending,22,facility_id,VARCHAR(100),True,Synthetic facility id for loan delinquency daily.,synthetic_extension,False
bank_dwh,fact_loan_delinquency_daily,fact,lending,23,loan_status_code,VARCHAR(50),True,Synthetic loan status code for loan delinquency daily.,synthetic_extension,False
bank_dwh,fact_loan_delinquency_daily,fact,lending,24,principal_amount,"NUMERIC(20,4)",True,Synthetic principal amount for loan delinquency daily.,synthetic_extension,False
bank_dwh,fact_loan_delinquency_daily,fact,lending,25,outstanding_principal_amount,"NUMERIC(20,4)",True,Synthetic outstanding principal amount for loan delinquency daily.,synthetic_extension,False
bank_dwh,fact_loan_delinquency_daily,fact,lending,26,accrued_interest_amount,"NUMERIC(20,4)",True,Synthetic accrued interest amount for loan delinquency daily.,synthetic_extension,False
bank_dwh,fact_loan_delinquency_daily,fact,lending,27,interest_paid_amount,"NUMERIC(20,4)",True,Synthetic interest paid amount for loan delinquency daily.,synthetic_extension,False
bank_dwh,fact_loan_delinquency_daily,fact,lending,28,principal_paid_amount,"NUMERIC(20,4)",True,Synthetic principal paid amount for loan delinquency daily.,synthetic_extension,False
bank_dwh,fact_loan_delinquency_daily,fact,lending,29,scheduled_payment_amount,"NUMERIC(20,4)",True,Synthetic scheduled payment amount for loan delinquency daily.,synthetic_extension,False
bank_dwh,fact_loan_delinquency_daily,fact,lending,30,actual_payment_amount,"NUMERIC(20,4)",True,Synthetic actual payment amount for loan delinquency daily.,synthetic_extension,False
bank_dwh,fact_loan_delinquency_daily,fact,lending,31,overdue_amount,"NUMERIC(20,4)",True,Synthetic overdue amount for loan delinquency daily.,synthetic_extension,False
bank_dwh,fact_loan_delinquency_daily,fact,lending,32,writeoff_amount,"NUMERIC(20,4)",True,Synthetic writeoff amount for loan delinquency daily.,synthetic_extension,False
bank_dwh,fact_loan_delinquency_daily,fact,lending,33,recovered_amount,"NUMERIC(20,4)",True,Synthetic recovered amount for loan delinquency daily.,synthetic_extension,False
bank_dwh,fact_loan_delinquency_daily,fact,lending,34,provision_amount,"NUMERIC(20,4)",True,Synthetic provision amount for loan delinquency daily.,synthetic_extension,False
bank_dwh,fact_loan_delinquency_daily,fact,lending,35,exposure_at_default_amount,"NUMERIC(20,4)",True,Synthetic exposure at default amount for loan delinquency daily.,synthetic_extension,False
bank_dwh,fact_loan_delinquency_daily,fact,lending,36,collateral_value_amount,"NUMERIC(20,4)",True,Synthetic collateral value amount for loan delinquency daily.,synthetic_extension,False
bank_dwh,fact_loan_delinquency_daily,fact,lending,37,loan_to_value_rate,"NUMERIC(14,8)",True,Synthetic loan to value rate for loan delinquency daily.,synthetic_extension,False
bank_dwh,fact_loan_delinquency_daily,fact,lending,38,interest_rate,"NUMERIC(14,8)",True,Synthetic interest rate for loan delinquency daily.,synthetic_extension,False
bank_dwh,fact_loan_delinquency_daily,fact,lending,39,margin_rate,"NUMERIC(14,8)",True,Synthetic margin rate for loan delinquency daily.,synthetic_extension,False
bank_dwh,fact_loan_delinquency_daily,fact,lending,40,days_past_due,BIGINT,True,Synthetic days past due for loan delinquency daily.,synthetic_extension,False
bank_dwh,fact_loan_delinquency_daily,fact,lending,41,delinquency_stage_code,VARCHAR(50),True,Synthetic delinquency stage code for loan delinquency daily.,synthetic_extension,False
bank_dwh,fact_loan_delinquency_daily,fact,lending,42,impairment_stage_code,VARCHAR(50),True,Synthetic impairment stage code for loan delinquency daily.,synthetic_extension,False
bank_dwh,fact_loan_delinquency_daily,fact,lending,43,forbearance_flag,BOOLEAN,True,Synthetic forbearance flag for loan delinquency daily.,synthetic_extension,False
bank_dwh,fact_loan_delinquency_daily,fact,lending,44,default_flag,BOOLEAN,True,Synthetic default flag for loan delinquency daily.,synthetic_extension,False
bank_dwh,fact_loan_delinquency_daily,fact,lending,45,origination_date_key,BIGINT,True,Synthetic origination date key for loan delinquency daily.,synthetic_extension,False
bank_dwh,fact_loan_delinquency_daily,fact,lending,46,maturity_date_key,BIGINT,True,Synthetic maturity date key for loan delinquency daily.,synthetic_extension,False
bank_dwh,fact_loan_delinquency_daily,fact,lending,47,due_date_key,BIGINT,True,Synthetic due date key for loan delinquency daily.,synthetic_extension,False
bank_dwh,fact_loan_delinquency_daily,fact,lending,48,payment_date_key,BIGINT,True,Synthetic payment date key for loan delinquency daily.,synthetic_extension,False
bank_dwh,fact_loan_delinquency_daily,fact,lending,49,repayment_sequence_number,BIGINT,True,Synthetic repayment sequence number for loan delinquency daily.,synthetic_extension,False
bank_dwh,fact_loan_delinquency_daily,fact,lending,50,installment_number,BIGINT,True,Synthetic installment number for loan delinquency daily.,synthetic_extension,False
bank_dwh,fact_loan_delinquency_daily,fact,lending,51,credit_limit_amount,"NUMERIC(20,4)",True,Synthetic credit limit amount for loan delinquency daily.,synthetic_extension,False
bank_dwh,fact_loan_delinquency_daily,fact,lending,52,utilized_amount,"NUMERIC(20,4)",True,Synthetic utilized amount for loan delinquency daily.,synthetic_extension,False
bank_dwh,fact_loan_delinquency_daily,fact,lending,53,available_limit_amount,"NUMERIC(20,4)",True,Synthetic available limit amount for loan delinquency daily.,synthetic_extension,False
bank_dwh,fact_loan_delinquency_daily,fact,lending,54,restructure_flag,BOOLEAN,True,Synthetic restructure flag for loan delinquency daily.,synthetic_extension,False
bank_dwh,fact_loan_loss_provision,fact,lending,1,loan_loss_provision_fact_key,BIGINT,False,Synthetic surrogate key for fact_loan_loss_provision.,structural,True
bank_dwh,fact_loan_loss_provision,fact,lending,2,business_date_key,BIGINT,False,Business date of this fact row.,structural,False
bank_dwh,fact_loan_loss_provision,fact,lending,3,customer_key,BIGINT,True,Optional key to dim_customer.,relationship,False
bank_dwh,fact_loan_loss_provision,fact,lending,4,account_key,BIGINT,True,Optional key to dim_account.,relationship,False
bank_dwh,fact_loan_loss_provision,fact,lending,5,loan_product_key,BIGINT,True,Optional key to dim_loan_product.,relationship,False
bank_dwh,fact_loan_loss_provision,fact,lending,6,loan_purpose_key,BIGINT,True,Optional key to dim_loan_purpose.,relationship,False
bank_dwh,fact_loan_loss_provision,fact,lending,7,collateral_type_key,BIGINT,True,Optional key to dim_collateral_type.,relationship,False
bank_dwh,fact_loan_loss_provision,fact,lending,8,credit_rating_key,BIGINT,True,Optional key to dim_credit_rating.,relationship,False
bank_dwh,fact_loan_loss_provision,fact,lending,9,currency_key,BIGINT,True,Optional key to dim_currency.,relationship,False
bank_dwh,fact_loan_loss_provision,fact,lending,10,branch_key,BIGINT,True,Optional key to dim_branch.,relationship,False
bank_dwh,fact_loan_loss_provision,fact,lending,11,source_system_code,VARCHAR(50),True,Source system code for this loan loss provision fact.,structural,False
bank_dwh,fact_loan_loss_provision,fact,lending,12,source_record_id,VARCHAR(100),True,Source record id for this loan loss provision fact.,structural,False
bank_dwh,fact_loan_loss_provision,fact,lending,13,ingested_at,TIMESTAMPTZ,True,Ingested at for this loan loss provision fact.,structural,False
bank_dwh,fact_loan_loss_provision,fact,lending,14,updated_at,TIMESTAMPTZ,True,Updated at for this loan loss provision fact.,structural,False
bank_dwh,fact_loan_loss_provision,fact,lending,15,record_hash,VARCHAR(100),True,Record hash for this loan loss provision fact.,structural,False
bank_dwh,fact_loan_loss_provision,fact,lending,16,data_quality_status_code,VARCHAR(50),True,Data quality status code for this loan loss provision fact.,structural,False
bank_dwh,fact_loan_loss_provision,fact,lending,17,load_batch_id,VARCHAR(100),True,Load batch id for this loan loss provision fact.,structural,False
bank_dwh,fact_loan_loss_provision,fact,lending,18,event_id,VARCHAR(100),True,Event id for this loan loss provision fact.,structural,False
bank_dwh,fact_loan_loss_provision,fact,lending,19,event_status_code,VARCHAR(50),True,Event status code for this loan loss provision fact.,structural,False
bank_dwh,fact_loan_loss_provision,fact,lending,20,currency_code,VARCHAR(50),True,Currency code for this loan loss provision fact.,structural,False
bank_dwh,fact_loan_loss_provision,fact,lending,21,loan_id,VARCHAR(100),True,Synthetic loan id for loan loss provision.,synthetic_extension,False
bank_dwh,fact_loan_loss_provision,fact,lending,22,facility_id,VARCHAR(100),True,Synthetic facility id for loan loss provision.,synthetic_extension,False
bank_dwh,fact_loan_loss_provision,fact,lending,23,loan_status_code,VARCHAR(50),True,Synthetic loan status code for loan loss provision.,synthetic_extension,False
bank_dwh,fact_loan_loss_provision,fact,lending,24,principal_amount,"NUMERIC(20,4)",True,Synthetic principal amount for loan loss provision.,synthetic_extension,False
bank_dwh,fact_loan_loss_provision,fact,lending,25,outstanding_principal_amount,"NUMERIC(20,4)",True,Synthetic outstanding principal amount for loan loss provision.,synthetic_extension,False
bank_dwh,fact_loan_loss_provision,fact,lending,26,accrued_interest_amount,"NUMERIC(20,4)",True,Synthetic accrued interest amount for loan loss provision.,synthetic_extension,False
bank_dwh,fact_loan_loss_provision,fact,lending,27,interest_paid_amount,"NUMERIC(20,4)",True,Synthetic interest paid amount for loan loss provision.,synthetic_extension,False
bank_dwh,fact_loan_loss_provision,fact,lending,28,principal_paid_amount,"NUMERIC(20,4)",True,Synthetic principal paid amount for loan loss provision.,synthetic_extension,False
bank_dwh,fact_loan_loss_provision,fact,lending,29,scheduled_payment_amount,"NUMERIC(20,4)",True,Synthetic scheduled payment amount for loan loss provision.,synthetic_extension,False
bank_dwh,fact_loan_loss_provision,fact,lending,30,actual_payment_amount,"NUMERIC(20,4)",True,Synthetic actual payment amount for loan loss provision.,synthetic_extension,False
bank_dwh,fact_loan_loss_provision,fact,lending,31,overdue_amount,"NUMERIC(20,4)",True,Synthetic overdue amount for loan loss provision.,synthetic_extension,False
bank_dwh,fact_loan_loss_provision,fact,lending,32,writeoff_amount,"NUMERIC(20,4)",True,Synthetic writeoff amount for loan loss provision.,synthetic_extension,False
bank_dwh,fact_loan_loss_provision,fact,lending,33,recovered_amount,"NUMERIC(20,4)",True,Synthetic recovered amount for loan loss provision.,synthetic_extension,False
bank_dwh,fact_loan_loss_provision,fact,lending,34,provision_amount,"NUMERIC(20,4)",True,Synthetic provision amount for loan loss provision.,synthetic_extension,False
bank_dwh,fact_loan_loss_provision,fact,lending,35,exposure_at_default_amount,"NUMERIC(20,4)",True,Synthetic exposure at default amount for loan loss provision.,synthetic_extension,False
bank_dwh,fact_loan_loss_provision,fact,lending,36,collateral_value_amount,"NUMERIC(20,4)",True,Synthetic collateral value amount for loan loss provision.,synthetic_extension,False
bank_dwh,fact_loan_loss_provision,fact,lending,37,loan_to_value_rate,"NUMERIC(14,8)",True,Synthetic loan to value rate for loan loss provision.,synthetic_extension,False
bank_dwh,fact_loan_loss_provision,fact,lending,38,interest_rate,"NUMERIC(14,8)",True,Synthetic interest rate for loan loss provision.,synthetic_extension,False
bank_dwh,fact_loan_loss_provision,fact,lending,39,margin_rate,"NUMERIC(14,8)",True,Synthetic margin rate for loan loss provision.,synthetic_extension,False
bank_dwh,fact_loan_loss_provision,fact,lending,40,days_past_due,BIGINT,True,Synthetic days past due for loan loss provision.,synthetic_extension,False
bank_dwh,fact_loan_loss_provision,fact,lending,41,delinquency_stage_code,VARCHAR(50),True,Synthetic delinquency stage code for loan loss provision.,synthetic_extension,False
bank_dwh,fact_loan_loss_provision,fact,lending,42,impairment_stage_code,VARCHAR(50),True,Synthetic impairment stage code for loan loss provision.,synthetic_extension,False
bank_dwh,fact_loan_loss_provision,fact,lending,43,forbearance_flag,BOOLEAN,True,Synthetic forbearance flag for loan loss provision.,synthetic_extension,False
bank_dwh,fact_loan_loss_provision,fact,lending,44,default_flag,BOOLEAN,True,Synthetic default flag for loan loss provision.,synthetic_extension,False
bank_dwh,fact_loan_loss_provision,fact,lending,45,origination_date_key,BIGINT,True,Synthetic origination date key for loan loss provision.,synthetic_extension,False
bank_dwh,fact_loan_loss_provision,fact,lending,46,maturity_date_key,BIGINT,True,Synthetic maturity date key for loan loss provision.,synthetic_extension,False
bank_dwh,fact_loan_loss_provision,fact,lending,47,due_date_key,BIGINT,True,Synthetic due date key for loan loss provision.,synthetic_extension,False
bank_dwh,fact_loan_loss_provision,fact,lending,48,payment_date_key,BIGINT,True,Synthetic payment date key for loan loss provision.,synthetic_extension,False
bank_dwh,fact_loan_loss_provision,fact,lending,49,repayment_sequence_number,BIGINT,True,Synthetic repayment sequence number for loan loss provision.,synthetic_extension,False
bank_dwh,fact_loan_loss_provision,fact,lending,50,installment_number,BIGINT,True,Synthetic installment number for loan loss provision.,synthetic_extension,False
bank_dwh,fact_loan_loss_provision,fact,lending,51,credit_limit_amount,"NUMERIC(20,4)",True,Synthetic credit limit amount for loan loss provision.,synthetic_extension,False
bank_dwh,fact_loan_loss_provision,fact,lending,52,utilized_amount,"NUMERIC(20,4)",True,Synthetic utilized amount for loan loss provision.,synthetic_extension,False
bank_dwh,fact_loan_loss_provision,fact,lending,53,available_limit_amount,"NUMERIC(20,4)",True,Synthetic available limit amount for loan loss provision.,synthetic_extension,False
bank_dwh,fact_loan_loss_provision,fact,lending,54,restructure_flag,BOOLEAN,True,Synthetic restructure flag for loan loss provision.,synthetic_extension,False
bank_dwh,fact_collateral_valuation,fact,lending,1,collateral_valuation_fact_key,BIGINT,False,Synthetic surrogate key for fact_collateral_valuation.,structural,True
bank_dwh,fact_collateral_valuation,fact,lending,2,business_date_key,BIGINT,False,Business date of this fact row.,structural,False
bank_dwh,fact_collateral_valuation,fact,lending,3,customer_key,BIGINT,True,Optional key to dim_customer.,relationship,False
bank_dwh,fact_collateral_valuation,fact,lending,4,account_key,BIGINT,True,Optional key to dim_account.,relationship,False
bank_dwh,fact_collateral_valuation,fact,lending,5,loan_product_key,BIGINT,True,Optional key to dim_loan_product.,relationship,False
bank_dwh,fact_collateral_valuation,fact,lending,6,loan_purpose_key,BIGINT,True,Optional key to dim_loan_purpose.,relationship,False
bank_dwh,fact_collateral_valuation,fact,lending,7,collateral_type_key,BIGINT,True,Optional key to dim_collateral_type.,relationship,False
bank_dwh,fact_collateral_valuation,fact,lending,8,credit_rating_key,BIGINT,True,Optional key to dim_credit_rating.,relationship,False
bank_dwh,fact_collateral_valuation,fact,lending,9,currency_key,BIGINT,True,Optional key to dim_currency.,relationship,False
bank_dwh,fact_collateral_valuation,fact,lending,10,branch_key,BIGINT,True,Optional key to dim_branch.,relationship,False
bank_dwh,fact_collateral_valuation,fact,lending,11,source_system_code,VARCHAR(50),True,Source system code for this collateral valuation fact.,structural,False
bank_dwh,fact_collateral_valuation,fact,lending,12,source_record_id,VARCHAR(100),True,Source record id for this collateral valuation fact.,structural,False
bank_dwh,fact_collateral_valuation,fact,lending,13,ingested_at,TIMESTAMPTZ,True,Ingested at for this collateral valuation fact.,structural,False
bank_dwh,fact_collateral_valuation,fact,lending,14,updated_at,TIMESTAMPTZ,True,Updated at for this collateral valuation fact.,structural,False
bank_dwh,fact_collateral_valuation,fact,lending,15,record_hash,VARCHAR(100),True,Record hash for this collateral valuation fact.,structural,False
bank_dwh,fact_collateral_valuation,fact,lending,16,data_quality_status_code,VARCHAR(50),True,Data quality status code for this collateral valuation fact.,structural,False
bank_dwh,fact_collateral_valuation,fact,lending,17,load_batch_id,VARCHAR(100),True,Load batch id for this collateral valuation fact.,structural,False
bank_dwh,fact_collateral_valuation,fact,lending,18,event_id,VARCHAR(100),True,Event id for this collateral valuation fact.,structural,False
bank_dwh,fact_collateral_valuation,fact,lending,19,event_status_code,VARCHAR(50),True,Event status code for this collateral valuation fact.,structural,False
bank_dwh,fact_collateral_valuation,fact,lending,20,currency_code,VARCHAR(50),True,Currency code for this collateral valuation fact.,structural,False
bank_dwh,fact_collateral_valuation,fact,lending,21,loan_id,VARCHAR(100),True,Synthetic loan id for collateral valuation.,synthetic_extension,False
bank_dwh,fact_collateral_valuation,fact,lending,22,facility_id,VARCHAR(100),True,Synthetic facility id for collateral valuation.,synthetic_extension,False
bank_dwh,fact_collateral_valuation,fact,lending,23,loan_status_code,VARCHAR(50),True,Synthetic loan status code for collateral valuation.,synthetic_extension,False
bank_dwh,fact_collateral_valuation,fact,lending,24,principal_amount,"NUMERIC(20,4)",True,Synthetic principal amount for collateral valuation.,synthetic_extension,False
bank_dwh,fact_collateral_valuation,fact,lending,25,outstanding_principal_amount,"NUMERIC(20,4)",True,Synthetic outstanding principal amount for collateral valuation.,synthetic_extension,False
bank_dwh,fact_collateral_valuation,fact,lending,26,accrued_interest_amount,"NUMERIC(20,4)",True,Synthetic accrued interest amount for collateral valuation.,synthetic_extension,False
bank_dwh,fact_collateral_valuation,fact,lending,27,interest_paid_amount,"NUMERIC(20,4)",True,Synthetic interest paid amount for collateral valuation.,synthetic_extension,False
bank_dwh,fact_collateral_valuation,fact,lending,28,principal_paid_amount,"NUMERIC(20,4)",True,Synthetic principal paid amount for collateral valuation.,synthetic_extension,False
bank_dwh,fact_collateral_valuation,fact,lending,29,scheduled_payment_amount,"NUMERIC(20,4)",True,Synthetic scheduled payment amount for collateral valuation.,synthetic_extension,False
bank_dwh,fact_collateral_valuation,fact,lending,30,actual_payment_amount,"NUMERIC(20,4)",True,Synthetic actual payment amount for collateral valuation.,synthetic_extension,False
bank_dwh,fact_collateral_valuation,fact,lending,31,overdue_amount,"NUMERIC(20,4)",True,Synthetic overdue amount for collateral valuation.,synthetic_extension,False
bank_dwh,fact_collateral_valuation,fact,lending,32,writeoff_amount,"NUMERIC(20,4)",True,Synthetic writeoff amount for collateral valuation.,synthetic_extension,False
bank_dwh,fact_collateral_valuation,fact,lending,33,recovered_amount,"NUMERIC(20,4)",True,Synthetic recovered amount for collateral valuation.,synthetic_extension,False
bank_dwh,fact_collateral_valuation,fact,lending,34,provision_amount,"NUMERIC(20,4)",True,Synthetic provision amount for collateral valuation.,synthetic_extension,False
bank_dwh,fact_collateral_valuation,fact,lending,35,exposure_at_default_amount,"NUMERIC(20,4)",True,Synthetic exposure at default amount for collateral valuation.,synthetic_extension,False
bank_dwh,fact_collateral_valuation,fact,lending,36,collateral_value_amount,"NUMERIC(20,4)",True,Synthetic collateral value amount for collateral valuation.,synthetic_extension,False
bank_dwh,fact_collateral_valuation,fact,lending,37,loan_to_value_rate,"NUMERIC(14,8)",True,Synthetic loan to value rate for collateral valuation.,synthetic_extension,False
bank_dwh,fact_collateral_valuation,fact,lending,38,interest_rate,"NUMERIC(14,8)",True,Synthetic interest rate for collateral valuation.,synthetic_extension,False
bank_dwh,fact_collateral_valuation,fact,lending,39,margin_rate,"NUMERIC(14,8)",True,Synthetic margin rate for collateral valuation.,synthetic_extension,False
bank_dwh,fact_collateral_valuation,fact,lending,40,days_past_due,BIGINT,True,Synthetic days past due for collateral valuation.,synthetic_extension,False
bank_dwh,fact_collateral_valuation,fact,lending,41,delinquency_stage_code,VARCHAR(50),True,Synthetic delinquency stage code for collateral valuation.,synthetic_extension,False
bank_dwh,fact_collateral_valuation,fact,lending,42,impairment_stage_code,VARCHAR(50),True,Synthetic impairment stage code for collateral valuation.,synthetic_extension,False
bank_dwh,fact_collateral_valuation,fact,lending,43,forbearance_flag,BOOLEAN,True,Synthetic forbearance flag for collateral valuation.,synthetic_extension,False
bank_dwh,fact_collateral_valuation,fact,lending,44,default_flag,BOOLEAN,True,Synthetic default flag for collateral valuation.,synthetic_extension,False
bank_dwh,fact_collateral_valuation,fact,lending,45,origination_date_key,BIGINT,True,Synthetic origination date key for collateral valuation.,synthetic_extension,False
bank_dwh,fact_collateral_valuation,fact,lending,46,maturity_date_key,BIGINT,True,Synthetic maturity date key for collateral valuation.,synthetic_extension,False
bank_dwh,fact_collateral_valuation,fact,lending,47,due_date_key,BIGINT,True,Synthetic due date key for collateral valuation.,synthetic_extension,False
bank_dwh,fact_collateral_valuation,fact,lending,48,payment_date_key,BIGINT,True,Synthetic payment date key for collateral valuation.,synthetic_extension,False
bank_dwh,fact_collateral_valuation,fact,lending,49,repayment_sequence_number,BIGINT,True,Synthetic repayment sequence number for collateral valuation.,synthetic_extension,False
bank_dwh,fact_collateral_valuation,fact,lending,50,installment_number,BIGINT,True,Synthetic installment number for collateral valuation.,synthetic_extension,False
bank_dwh,fact_collateral_valuation,fact,lending,51,credit_limit_amount,"NUMERIC(20,4)",True,Synthetic credit limit amount for collateral valuation.,synthetic_extension,False
bank_dwh,fact_collateral_valuation,fact,lending,52,utilized_amount,"NUMERIC(20,4)",True,Synthetic utilized amount for collateral valuation.,synthetic_extension,False
bank_dwh,fact_collateral_valuation,fact,lending,53,available_limit_amount,"NUMERIC(20,4)",True,Synthetic available limit amount for collateral valuation.,synthetic_extension,False
bank_dwh,fact_collateral_valuation,fact,lending,54,restructure_flag,BOOLEAN,True,Synthetic restructure flag for collateral valuation.,synthetic_extension,False
bank_dwh,fact_credit_limit_usage_daily,fact,lending,1,credit_limit_usage_daily_fact_key,BIGINT,False,Synthetic surrogate key for fact_credit_limit_usage_daily.,structural,True
bank_dwh,fact_credit_limit_usage_daily,fact,lending,2,business_date_key,BIGINT,False,Business date of this fact row.,structural,False
bank_dwh,fact_credit_limit_usage_daily,fact,lending,3,customer_key,BIGINT,True,Optional key to dim_customer.,relationship,False
bank_dwh,fact_credit_limit_usage_daily,fact,lending,4,account_key,BIGINT,True,Optional key to dim_account.,relationship,False
bank_dwh,fact_credit_limit_usage_daily,fact,lending,5,loan_product_key,BIGINT,True,Optional key to dim_loan_product.,relationship,False
bank_dwh,fact_credit_limit_usage_daily,fact,lending,6,loan_purpose_key,BIGINT,True,Optional key to dim_loan_purpose.,relationship,False
bank_dwh,fact_credit_limit_usage_daily,fact,lending,7,collateral_type_key,BIGINT,True,Optional key to dim_collateral_type.,relationship,False
bank_dwh,fact_credit_limit_usage_daily,fact,lending,8,credit_rating_key,BIGINT,True,Optional key to dim_credit_rating.,relationship,False
bank_dwh,fact_credit_limit_usage_daily,fact,lending,9,currency_key,BIGINT,True,Optional key to dim_currency.,relationship,False
bank_dwh,fact_credit_limit_usage_daily,fact,lending,10,branch_key,BIGINT,True,Optional key to dim_branch.,relationship,False
bank_dwh,fact_credit_limit_usage_daily,fact,lending,11,source_system_code,VARCHAR(50),True,Source system code for this credit limit usage daily fact.,structural,False
bank_dwh,fact_credit_limit_usage_daily,fact,lending,12,source_record_id,VARCHAR(100),True,Source record id for this credit limit usage daily fact.,structural,False
bank_dwh,fact_credit_limit_usage_daily,fact,lending,13,ingested_at,TIMESTAMPTZ,True,Ingested at for this credit limit usage daily fact.,structural,False
bank_dwh,fact_credit_limit_usage_daily,fact,lending,14,updated_at,TIMESTAMPTZ,True,Updated at for this credit limit usage daily fact.,structural,False
bank_dwh,fact_credit_limit_usage_daily,fact,lending,15,record_hash,VARCHAR(100),True,Record hash for this credit limit usage daily fact.,structural,False
bank_dwh,fact_credit_limit_usage_daily,fact,lending,16,data_quality_status_code,VARCHAR(50),True,Data quality status code for this credit limit usage daily fact.,structural,False
bank_dwh,fact_credit_limit_usage_daily,fact,lending,17,load_batch_id,VARCHAR(100),True,Load batch id for this credit limit usage daily fact.,structural,False
bank_dwh,fact_credit_limit_usage_daily,fact,lending,18,event_id,VARCHAR(100),True,Event id for this credit limit usage daily fact.,structural,False
bank_dwh,fact_credit_limit_usage_daily,fact,lending,19,event_status_code,VARCHAR(50),True,Event status code for this credit limit usage daily fact.,structural,False
bank_dwh,fact_credit_limit_usage_daily,fact,lending,20,currency_code,VARCHAR(50),True,Currency code for this credit limit usage daily fact.,structural,False
bank_dwh,fact_credit_limit_usage_daily,fact,lending,21,loan_id,VARCHAR(100),True,Synthetic loan id for credit limit usage daily.,synthetic_extension,False
bank_dwh,fact_credit_limit_usage_daily,fact,lending,22,facility_id,VARCHAR(100),True,Synthetic facility id for credit limit usage daily.,synthetic_extension,False
bank_dwh,fact_credit_limit_usage_daily,fact,lending,23,loan_status_code,VARCHAR(50),True,Synthetic loan status code for credit limit usage daily.,synthetic_extension,False
bank_dwh,fact_credit_limit_usage_daily,fact,lending,24,principal_amount,"NUMERIC(20,4)",True,Synthetic principal amount for credit limit usage daily.,synthetic_extension,False
bank_dwh,fact_credit_limit_usage_daily,fact,lending,25,outstanding_principal_amount,"NUMERIC(20,4)",True,Synthetic outstanding principal amount for credit limit usage daily.,synthetic_extension,False
bank_dwh,fact_credit_limit_usage_daily,fact,lending,26,accrued_interest_amount,"NUMERIC(20,4)",True,Synthetic accrued interest amount for credit limit usage daily.,synthetic_extension,False
bank_dwh,fact_credit_limit_usage_daily,fact,lending,27,interest_paid_amount,"NUMERIC(20,4)",True,Synthetic interest paid amount for credit limit usage daily.,synthetic_extension,False
bank_dwh,fact_credit_limit_usage_daily,fact,lending,28,principal_paid_amount,"NUMERIC(20,4)",True,Synthetic principal paid amount for credit limit usage daily.,synthetic_extension,False
bank_dwh,fact_credit_limit_usage_daily,fact,lending,29,scheduled_payment_amount,"NUMERIC(20,4)",True,Synthetic scheduled payment amount for credit limit usage daily.,synthetic_extension,False
bank_dwh,fact_credit_limit_usage_daily,fact,lending,30,actual_payment_amount,"NUMERIC(20,4)",True,Synthetic actual payment amount for credit limit usage daily.,synthetic_extension,False
bank_dwh,fact_credit_limit_usage_daily,fact,lending,31,overdue_amount,"NUMERIC(20,4)",True,Synthetic overdue amount for credit limit usage daily.,synthetic_extension,False
bank_dwh,fact_credit_limit_usage_daily,fact,lending,32,writeoff_amount,"NUMERIC(20,4)",True,Synthetic writeoff amount for credit limit usage daily.,synthetic_extension,False
bank_dwh,fact_credit_limit_usage_daily,fact,lending,33,recovered_amount,"NUMERIC(20,4)",True,Synthetic recovered amount for credit limit usage daily.,synthetic_extension,False
bank_dwh,fact_credit_limit_usage_daily,fact,lending,34,provision_amount,"NUMERIC(20,4)",True,Synthetic provision amount for credit limit usage daily.,synthetic_extension,False
bank_dwh,fact_credit_limit_usage_daily,fact,lending,35,exposure_at_default_amount,"NUMERIC(20,4)",True,Synthetic exposure at default amount for credit limit usage daily.,synthetic_extension,False
bank_dwh,fact_credit_limit_usage_daily,fact,lending,36,collateral_value_amount,"NUMERIC(20,4)",True,Synthetic collateral value amount for credit limit usage daily.,synthetic_extension,False
bank_dwh,fact_credit_limit_usage_daily,fact,lending,37,loan_to_value_rate,"NUMERIC(14,8)",True,Synthetic loan to value rate for credit limit usage daily.,synthetic_extension,False
bank_dwh,fact_credit_limit_usage_daily,fact,lending,38,interest_rate,"NUMERIC(14,8)",True,Synthetic interest rate for credit limit usage daily.,synthetic_extension,False
bank_dwh,fact_credit_limit_usage_daily,fact,lending,39,margin_rate,"NUMERIC(14,8)",True,Synthetic margin rate for credit limit usage daily.,synthetic_extension,False
bank_dwh,fact_credit_limit_usage_daily,fact,lending,40,days_past_due,BIGINT,True,Synthetic days past due for credit limit usage daily.,synthetic_extension,False
bank_dwh,fact_credit_limit_usage_daily,fact,lending,41,delinquency_stage_code,VARCHAR(50),True,Synthetic delinquency stage code for credit limit usage daily.,synthetic_extension,False
bank_dwh,fact_credit_limit_usage_daily,fact,lending,42,impairment_stage_code,VARCHAR(50),True,Synthetic impairment stage code for credit limit usage daily.,synthetic_extension,False
bank_dwh,fact_credit_limit_usage_daily,fact,lending,43,forbearance_flag,BOOLEAN,True,Synthetic forbearance flag for credit limit usage daily.,synthetic_extension,False
bank_dwh,fact_credit_limit_usage_daily,fact,lending,44,default_flag,BOOLEAN,True,Synthetic default flag for credit limit usage daily.,synthetic_extension,False
bank_dwh,fact_credit_limit_usage_daily,fact,lending,45,origination_date_key,BIGINT,True,Synthetic origination date key for credit limit usage daily.,synthetic_extension,False
bank_dwh,fact_credit_limit_usage_daily,fact,lending,46,maturity_date_key,BIGINT,True,Synthetic maturity date key for credit limit usage daily.,synthetic_extension,False
bank_dwh,fact_credit_limit_usage_daily,fact,lending,47,due_date_key,BIGINT,True,Synthetic due date key for credit limit usage daily.,synthetic_extension,False
bank_dwh,fact_credit_limit_usage_daily,fact,lending,48,payment_date_key,BIGINT,True,Synthetic payment date key for credit limit usage daily.,synthetic_extension,False
bank_dwh,fact_credit_limit_usage_daily,fact,lending,49,repayment_sequence_number,BIGINT,True,Synthetic repayment sequence number for credit limit usage daily.,synthetic_extension,False
bank_dwh,fact_credit_limit_usage_daily,fact,lending,50,installment_number,BIGINT,True,Synthetic installment number for credit limit usage daily.,synthetic_extension,False
bank_dwh,fact_credit_limit_usage_daily,fact,lending,51,credit_limit_amount,"NUMERIC(20,4)",True,Synthetic credit limit amount for credit limit usage daily.,synthetic_extension,False
bank_dwh,fact_credit_limit_usage_daily,fact,lending,52,utilized_amount,"NUMERIC(20,4)",True,Synthetic utilized amount for credit limit usage daily.,synthetic_extension,False
bank_dwh,fact_credit_limit_usage_daily,fact,lending,53,available_limit_amount,"NUMERIC(20,4)",True,Synthetic available limit amount for credit limit usage daily.,synthetic_extension,False
bank_dwh,fact_credit_limit_usage_daily,fact,lending,54,restructure_flag,BOOLEAN,True,Synthetic restructure flag for credit limit usage daily.,synthetic_extension,False
bank_dwh,fact_loan_application,fact,lending,1,loan_application_fact_key,BIGINT,False,Synthetic surrogate key for fact_loan_application.,structural,True
bank_dwh,fact_loan_application,fact,lending,2,business_date_key,BIGINT,False,Business date of this fact row.,structural,False
bank_dwh,fact_loan_application,fact,lending,3,customer_key,BIGINT,True,Optional key to dim_customer.,relationship,False
bank_dwh,fact_loan_application,fact,lending,4,account_key,BIGINT,True,Optional key to dim_account.,relationship,False
bank_dwh,fact_loan_application,fact,lending,5,loan_product_key,BIGINT,True,Optional key to dim_loan_product.,relationship,False
bank_dwh,fact_loan_application,fact,lending,6,loan_purpose_key,BIGINT,True,Optional key to dim_loan_purpose.,relationship,False
bank_dwh,fact_loan_application,fact,lending,7,collateral_type_key,BIGINT,True,Optional key to dim_collateral_type.,relationship,False
bank_dwh,fact_loan_application,fact,lending,8,credit_rating_key,BIGINT,True,Optional key to dim_credit_rating.,relationship,False
bank_dwh,fact_loan_application,fact,lending,9,currency_key,BIGINT,True,Optional key to dim_currency.,relationship,False
bank_dwh,fact_loan_application,fact,lending,10,branch_key,BIGINT,True,Optional key to dim_branch.,relationship,False
bank_dwh,fact_loan_application,fact,lending,11,source_system_code,VARCHAR(50),True,Source system code for this loan application fact.,structural,False
bank_dwh,fact_loan_application,fact,lending,12,source_record_id,VARCHAR(100),True,Source record id for this loan application fact.,structural,False
bank_dwh,fact_loan_application,fact,lending,13,ingested_at,TIMESTAMPTZ,True,Ingested at for this loan application fact.,structural,False
bank_dwh,fact_loan_application,fact,lending,14,updated_at,TIMESTAMPTZ,True,Updated at for this loan application fact.,structural,False
bank_dwh,fact_loan_application,fact,lending,15,record_hash,VARCHAR(100),True,Record hash for this loan application fact.,structural,False
bank_dwh,fact_loan_application,fact,lending,16,data_quality_status_code,VARCHAR(50),True,Data quality status code for this loan application fact.,structural,False
bank_dwh,fact_loan_application,fact,lending,17,load_batch_id,VARCHAR(100),True,Load batch id for this loan application fact.,structural,False
bank_dwh,fact_loan_application,fact,lending,18,event_id,VARCHAR(100),True,Event id for this loan application fact.,structural,False
bank_dwh,fact_loan_application,fact,lending,19,event_status_code,VARCHAR(50),True,Event status code for this loan application fact.,structural,False
bank_dwh,fact_loan_application,fact,lending,20,currency_code,VARCHAR(50),True,Currency code for this loan application fact.,structural,False
bank_dwh,fact_loan_application,fact,lending,21,loan_id,VARCHAR(100),True,Synthetic loan id for loan application.,synthetic_extension,False
bank_dwh,fact_loan_application,fact,lending,22,facility_id,VARCHAR(100),True,Synthetic facility id for loan application.,synthetic_extension,False
bank_dwh,fact_loan_application,fact,lending,23,loan_status_code,VARCHAR(50),True,Synthetic loan status code for loan application.,synthetic_extension,False
bank_dwh,fact_loan_application,fact,lending,24,principal_amount,"NUMERIC(20,4)",True,Synthetic principal amount for loan application.,synthetic_extension,False
bank_dwh,fact_loan_application,fact,lending,25,outstanding_principal_amount,"NUMERIC(20,4)",True,Synthetic outstanding principal amount for loan application.,synthetic_extension,False
bank_dwh,fact_loan_application,fact,lending,26,accrued_interest_amount,"NUMERIC(20,4)",True,Synthetic accrued interest amount for loan application.,synthetic_extension,False
bank_dwh,fact_loan_application,fact,lending,27,interest_paid_amount,"NUMERIC(20,4)",True,Synthetic interest paid amount for loan application.,synthetic_extension,False
bank_dwh,fact_loan_application,fact,lending,28,principal_paid_amount,"NUMERIC(20,4)",True,Synthetic principal paid amount for loan application.,synthetic_extension,False
bank_dwh,fact_loan_application,fact,lending,29,scheduled_payment_amount,"NUMERIC(20,4)",True,Synthetic scheduled payment amount for loan application.,synthetic_extension,False
bank_dwh,fact_loan_application,fact,lending,30,actual_payment_amount,"NUMERIC(20,4)",True,Synthetic actual payment amount for loan application.,synthetic_extension,False
bank_dwh,fact_loan_application,fact,lending,31,overdue_amount,"NUMERIC(20,4)",True,Synthetic overdue amount for loan application.,synthetic_extension,False
bank_dwh,fact_loan_application,fact,lending,32,writeoff_amount,"NUMERIC(20,4)",True,Synthetic writeoff amount for loan application.,synthetic_extension,False
bank_dwh,fact_loan_application,fact,lending,33,recovered_amount,"NUMERIC(20,4)",True,Synthetic recovered amount for loan application.,synthetic_extension,False
bank_dwh,fact_loan_application,fact,lending,34,provision_amount,"NUMERIC(20,4)",True,Synthetic provision amount for loan application.,synthetic_extension,False
bank_dwh,fact_loan_application,fact,lending,35,exposure_at_default_amount,"NUMERIC(20,4)",True,Synthetic exposure at default amount for loan application.,synthetic_extension,False
bank_dwh,fact_loan_application,fact,lending,36,collateral_value_amount,"NUMERIC(20,4)",True,Synthetic collateral value amount for loan application.,synthetic_extension,False
bank_dwh,fact_loan_application,fact,lending,37,loan_to_value_rate,"NUMERIC(14,8)",True,Synthetic loan to value rate for loan application.,synthetic_extension,False
bank_dwh,fact_loan_application,fact,lending,38,interest_rate,"NUMERIC(14,8)",True,Synthetic interest rate for loan application.,synthetic_extension,False
bank_dwh,fact_loan_application,fact,lending,39,margin_rate,"NUMERIC(14,8)",True,Synthetic margin rate for loan application.,synthetic_extension,False
bank_dwh,fact_loan_application,fact,lending,40,days_past_due,BIGINT,True,Synthetic days past due for loan application.,synthetic_extension,False
bank_dwh,fact_loan_application,fact,lending,41,delinquency_stage_code,VARCHAR(50),True,Synthetic delinquency stage code for loan application.,synthetic_extension,False
bank_dwh,fact_loan_application,fact,lending,42,impairment_stage_code,VARCHAR(50),True,Synthetic impairment stage code for loan application.,synthetic_extension,False
bank_dwh,fact_loan_application,fact,lending,43,forbearance_flag,BOOLEAN,True,Synthetic forbearance flag for loan application.,synthetic_extension,False
bank_dwh,fact_loan_application,fact,lending,44,default_flag,BOOLEAN,True,Synthetic default flag for loan application.,synthetic_extension,False
bank_dwh,fact_loan_application,fact,lending,45,origination_date_key,BIGINT,True,Synthetic origination date key for loan application.,synthetic_extension,False
bank_dwh,fact_loan_application,fact,lending,46,maturity_date_key,BIGINT,True,Synthetic maturity date key for loan application.,synthetic_extension,False
bank_dwh,fact_loan_application,fact,lending,47,due_date_key,BIGINT,True,Synthetic due date key for loan application.,synthetic_extension,False
bank_dwh,fact_loan_application,fact,lending,48,payment_date_key,BIGINT,True,Synthetic payment date key for loan application.,synthetic_extension,False
bank_dwh,fact_loan_application,fact,lending,49,repayment_sequence_number,BIGINT,True,Synthetic repayment sequence number for loan application.,synthetic_extension,False
bank_dwh,fact_loan_application,fact,lending,50,installment_number,BIGINT,True,Synthetic installment number for loan application.,synthetic_extension,False
bank_dwh,fact_loan_application,fact,lending,51,credit_limit_amount,"NUMERIC(20,4)",True,Synthetic credit limit amount for loan application.,synthetic_extension,False
bank_dwh,fact_loan_application,fact,lending,52,utilized_amount,"NUMERIC(20,4)",True,Synthetic utilized amount for loan application.,synthetic_extension,False
bank_dwh,fact_loan_application,fact,lending,53,available_limit_amount,"NUMERIC(20,4)",True,Synthetic available limit amount for loan application.,synthetic_extension,False
bank_dwh,fact_loan_application,fact,lending,54,restructure_flag,BOOLEAN,True,Synthetic restructure flag for loan application.,synthetic_extension,False
bank_dwh,fact_payment_transaction,fact,payments,1,payment_transaction_fact_key,BIGINT,False,Synthetic surrogate key for fact_payment_transaction.,structural,True
bank_dwh,fact_payment_transaction,fact,payments,2,business_date_key,BIGINT,False,Business date of this fact row.,structural,False
bank_dwh,fact_payment_transaction,fact,payments,3,customer_key,BIGINT,True,Optional key to dim_customer.,relationship,False
bank_dwh,fact_payment_transaction,fact,payments,4,account_key,BIGINT,True,Optional key to dim_account.,relationship,False
bank_dwh,fact_payment_transaction,fact,payments,5,payment_type_key,BIGINT,True,Optional key to dim_payment_type.,relationship,False
bank_dwh,fact_payment_transaction,fact,payments,6,payment_network_key,BIGINT,True,Optional key to dim_payment_network.,relationship,False
bank_dwh,fact_payment_transaction,fact,payments,7,merchant_key,BIGINT,True,Optional key to dim_merchant.,relationship,False
bank_dwh,fact_payment_transaction,fact,payments,8,channel_key,BIGINT,True,Optional key to dim_channel.,relationship,False
bank_dwh,fact_payment_transaction,fact,payments,9,currency_key,BIGINT,True,Optional key to dim_currency.,relationship,False
bank_dwh,fact_payment_transaction,fact,payments,10,branch_key,BIGINT,True,Optional key to dim_branch.,relationship,False
bank_dwh,fact_payment_transaction,fact,payments,11,source_system_code,VARCHAR(50),True,Source system code for this payment transaction fact.,structural,False
bank_dwh,fact_payment_transaction,fact,payments,12,source_record_id,VARCHAR(100),True,Source record id for this payment transaction fact.,structural,False
bank_dwh,fact_payment_transaction,fact,payments,13,ingested_at,TIMESTAMPTZ,True,Ingested at for this payment transaction fact.,structural,False
bank_dwh,fact_payment_transaction,fact,payments,14,updated_at,TIMESTAMPTZ,True,Updated at for this payment transaction fact.,structural,False
bank_dwh,fact_payment_transaction,fact,payments,15,record_hash,VARCHAR(100),True,Record hash for this payment transaction fact.,structural,False
bank_dwh,fact_payment_transaction,fact,payments,16,data_quality_status_code,VARCHAR(50),True,Data quality status code for this payment transaction fact.,structural,False
bank_dwh,fact_payment_transaction,fact,payments,17,load_batch_id,VARCHAR(100),True,Load batch id for this payment transaction fact.,structural,False
bank_dwh,fact_payment_transaction,fact,payments,18,event_id,VARCHAR(100),True,Event id for this payment transaction fact.,structural,False
bank_dwh,fact_payment_transaction,fact,payments,19,event_status_code,VARCHAR(50),True,Event status code for this payment transaction fact.,structural,False
bank_dwh,fact_payment_transaction,fact,payments,20,currency_code,VARCHAR(50),True,Currency code for this payment transaction fact.,structural,False
bank_dwh,fact_payment_transaction,fact,payments,21,payment_id,VARCHAR(100),True,Synthetic payment id for payment transaction.,synthetic_extension,False
bank_dwh,fact_payment_transaction,fact,payments,22,payment_reference,TEXT,True,Synthetic payment reference for payment transaction.,synthetic_extension,False
bank_dwh,fact_payment_transaction,fact,payments,23,payment_method_code,VARCHAR(50),True,Synthetic payment method code for payment transaction.,synthetic_extension,False
bank_dwh,fact_payment_transaction,fact,payments,24,payment_rail_code,VARCHAR(50),True,Synthetic payment rail code for payment transaction.,synthetic_extension,False
bank_dwh,fact_payment_transaction,fact,payments,25,payment_status_code,VARCHAR(50),True,Synthetic payment status code for payment transaction.,synthetic_extension,False
bank_dwh,fact_payment_transaction,fact,payments,26,originator_id,VARCHAR(100),True,Synthetic originator id for payment transaction.,synthetic_extension,False
bank_dwh,fact_payment_transaction,fact,payments,27,beneficiary_id,VARCHAR(100),True,Synthetic beneficiary id for payment transaction.,synthetic_extension,False
bank_dwh,fact_payment_transaction,fact,payments,28,originator_account_hash,VARCHAR(100),True,Synthetic originator account hash for payment transaction.,synthetic_extension,False
bank_dwh,fact_payment_transaction,fact,payments,29,beneficiary_account_hash,VARCHAR(100),True,Synthetic beneficiary account hash for payment transaction.,synthetic_extension,False
bank_dwh,fact_payment_transaction,fact,payments,30,initiated_at,TIMESTAMPTZ,True,Synthetic initiated at for payment transaction.,synthetic_extension,False
bank_dwh,fact_payment_transaction,fact,payments,31,authorized_at,TIMESTAMPTZ,True,Synthetic authorized at for payment transaction.,synthetic_extension,False
bank_dwh,fact_payment_transaction,fact,payments,32,clearing_at,TIMESTAMPTZ,True,Synthetic clearing at for payment transaction.,synthetic_extension,False
bank_dwh,fact_payment_transaction,fact,payments,33,settled_at,TIMESTAMPTZ,True,Synthetic settled at for payment transaction.,synthetic_extension,False
bank_dwh,fact_payment_transaction,fact,payments,34,value_date_key,BIGINT,True,Synthetic value date key for payment transaction.,synthetic_extension,False
bank_dwh,fact_payment_transaction,fact,payments,35,settlement_date_key,BIGINT,True,Synthetic settlement date key for payment transaction.,synthetic_extension,False
bank_dwh,fact_payment_transaction,fact,payments,36,amount,VARCHAR(120),True,Synthetic amount for payment transaction.,synthetic_extension,False
bank_dwh,fact_payment_transaction,fact,payments,37,original_amount,"NUMERIC(20,4)",True,Synthetic original amount for payment transaction.,synthetic_extension,False
bank_dwh,fact_payment_transaction,fact,payments,38,settlement_amount,"NUMERIC(20,4)",True,Synthetic settlement amount for payment transaction.,synthetic_extension,False
bank_dwh,fact_payment_transaction,fact,payments,39,fee_amount,"NUMERIC(20,4)",True,Synthetic fee amount for payment transaction.,synthetic_extension,False
bank_dwh,fact_payment_transaction,fact,payments,40,interchange_amount,"NUMERIC(20,4)",True,Synthetic interchange amount for payment transaction.,synthetic_extension,False
bank_dwh,fact_payment_transaction,fact,payments,41,exchange_rate,"NUMERIC(14,8)",True,Synthetic exchange rate for payment transaction.,synthetic_extension,False
bank_dwh,fact_payment_transaction,fact,payments,42,original_currency_code,VARCHAR(50),True,Synthetic original currency code for payment transaction.,synthetic_extension,False
bank_dwh,fact_payment_transaction,fact,payments,43,settlement_currency_code,VARCHAR(50),True,Synthetic settlement currency code for payment transaction.,synthetic_extension,False
bank_dwh,fact_payment_transaction,fact,payments,44,payment_purpose_code,VARCHAR(50),True,Synthetic payment purpose code for payment transaction.,synthetic_extension,False
bank_dwh,fact_payment_transaction,fact,payments,45,remittance_reference,TEXT,True,Synthetic remittance reference for payment transaction.,synthetic_extension,False
bank_dwh,fact_payment_transaction,fact,payments,46,clearing_reference_id,VARCHAR(100),True,Synthetic clearing reference id for payment transaction.,synthetic_extension,False
bank_dwh,fact_payment_transaction,fact,payments,47,network_reference_id,VARCHAR(100),True,Synthetic network reference id for payment transaction.,synthetic_extension,False
bank_dwh,fact_payment_transaction,fact,payments,48,return_reason_code,VARCHAR(50),True,Synthetic return reason code for payment transaction.,synthetic_extension,False
bank_dwh,fact_payment_transaction,fact,payments,49,rejection_reason_code,VARCHAR(50),True,Synthetic rejection reason code for payment transaction.,synthetic_extension,False
bank_dwh,fact_payment_transaction,fact,payments,50,is_returned,BOOLEAN,True,Synthetic is returned for payment transaction.,synthetic_extension,False
bank_dwh,fact_payment_transaction,fact,payments,51,is_cross_border,BOOLEAN,True,Synthetic is cross border for payment transaction.,synthetic_extension,False
bank_dwh,fact_payment_transaction,fact,payments,52,is_high_priority,BOOLEAN,True,Synthetic is high priority for payment transaction.,synthetic_extension,False
bank_dwh,fact_payment_transaction,fact,payments,53,processing_duration_seconds_count,BIGINT,True,Synthetic processing duration seconds count for payment transaction.,synthetic_extension,False
bank_dwh,fact_payment_transaction,fact,payments,54,event_type_code,VARCHAR(50),True,Synthetic event type code for payment transaction.,synthetic_extension,False
bank_dwh,fact_payment_transaction,fact,payments,55,event_subtype_code,VARCHAR(50),True,Synthetic event subtype code for payment transaction.,synthetic_extension,False
bank_dwh,fact_payment_transaction,fact,payments,56,lifecycle_status_code,VARCHAR(50),True,Synthetic lifecycle status code for payment transaction.,synthetic_extension,False
bank_dwh,fact_payment_transaction,fact,payments,57,source_event_id,VARCHAR(100),True,Synthetic source event id for payment transaction.,synthetic_extension,False
bank_dwh,fact_payment_settlement,fact,payments,1,payment_settlement_fact_key,BIGINT,False,Synthetic surrogate key for fact_payment_settlement.,structural,True
bank_dwh,fact_payment_settlement,fact,payments,2,business_date_key,BIGINT,False,Business date of this fact row.,structural,False
bank_dwh,fact_payment_settlement,fact,payments,3,customer_key,BIGINT,True,Optional key to dim_customer.,relationship,False
bank_dwh,fact_payment_settlement,fact,payments,4,account_key,BIGINT,True,Optional key to dim_account.,relationship,False
bank_dwh,fact_payment_settlement,fact,payments,5,payment_type_key,BIGINT,True,Optional key to dim_payment_type.,relationship,False
bank_dwh,fact_payment_settlement,fact,payments,6,payment_network_key,BIGINT,True,Optional key to dim_payment_network.,relationship,False
bank_dwh,fact_payment_settlement,fact,payments,7,merchant_key,BIGINT,True,Optional key to dim_merchant.,relationship,False
bank_dwh,fact_payment_settlement,fact,payments,8,channel_key,BIGINT,True,Optional key to dim_channel.,relationship,False
bank_dwh,fact_payment_settlement,fact,payments,9,currency_key,BIGINT,True,Optional key to dim_currency.,relationship,False
bank_dwh,fact_payment_settlement,fact,payments,10,branch_key,BIGINT,True,Optional key to dim_branch.,relationship,False
bank_dwh,fact_payment_settlement,fact,payments,11,source_system_code,VARCHAR(50),True,Source system code for this payment settlement fact.,structural,False
bank_dwh,fact_payment_settlement,fact,payments,12,source_record_id,VARCHAR(100),True,Source record id for this payment settlement fact.,structural,False
bank_dwh,fact_payment_settlement,fact,payments,13,ingested_at,TIMESTAMPTZ,True,Ingested at for this payment settlement fact.,structural,False
bank_dwh,fact_payment_settlement,fact,payments,14,updated_at,TIMESTAMPTZ,True,Updated at for this payment settlement fact.,structural,False
bank_dwh,fact_payment_settlement,fact,payments,15,record_hash,VARCHAR(100),True,Record hash for this payment settlement fact.,structural,False
bank_dwh,fact_payment_settlement,fact,payments,16,data_quality_status_code,VARCHAR(50),True,Data quality status code for this payment settlement fact.,structural,False
bank_dwh,fact_payment_settlement,fact,payments,17,load_batch_id,VARCHAR(100),True,Load batch id for this payment settlement fact.,structural,False
bank_dwh,fact_payment_settlement,fact,payments,18,event_id,VARCHAR(100),True,Event id for this payment settlement fact.,structural,False
bank_dwh,fact_payment_settlement,fact,payments,19,event_status_code,VARCHAR(50),True,Event status code for this payment settlement fact.,structural,False
bank_dwh,fact_payment_settlement,fact,payments,20,currency_code,VARCHAR(50),True,Currency code for this payment settlement fact.,structural,False
bank_dwh,fact_payment_settlement,fact,payments,21,payment_id,VARCHAR(100),True,Synthetic payment id for payment settlement.,synthetic_extension,False
bank_dwh,fact_payment_settlement,fact,payments,22,payment_reference,TEXT,True,Synthetic payment reference for payment settlement.,synthetic_extension,False
bank_dwh,fact_payment_settlement,fact,payments,23,payment_method_code,VARCHAR(50),True,Synthetic payment method code for payment settlement.,synthetic_extension,False
bank_dwh,fact_payment_settlement,fact,payments,24,payment_rail_code,VARCHAR(50),True,Synthetic payment rail code for payment settlement.,synthetic_extension,False
bank_dwh,fact_payment_settlement,fact,payments,25,payment_status_code,VARCHAR(50),True,Synthetic payment status code for payment settlement.,synthetic_extension,False
bank_dwh,fact_payment_settlement,fact,payments,26,originator_id,VARCHAR(100),True,Synthetic originator id for payment settlement.,synthetic_extension,False
bank_dwh,fact_payment_settlement,fact,payments,27,beneficiary_id,VARCHAR(100),True,Synthetic beneficiary id for payment settlement.,synthetic_extension,False
bank_dwh,fact_payment_settlement,fact,payments,28,originator_account_hash,VARCHAR(100),True,Synthetic originator account hash for payment settlement.,synthetic_extension,False
bank_dwh,fact_payment_settlement,fact,payments,29,beneficiary_account_hash,VARCHAR(100),True,Synthetic beneficiary account hash for payment settlement.,synthetic_extension,False
bank_dwh,fact_payment_settlement,fact,payments,30,initiated_at,TIMESTAMPTZ,True,Synthetic initiated at for payment settlement.,synthetic_extension,False
bank_dwh,fact_payment_settlement,fact,payments,31,authorized_at,TIMESTAMPTZ,True,Synthetic authorized at for payment settlement.,synthetic_extension,False
bank_dwh,fact_payment_settlement,fact,payments,32,clearing_at,TIMESTAMPTZ,True,Synthetic clearing at for payment settlement.,synthetic_extension,False
bank_dwh,fact_payment_settlement,fact,payments,33,settled_at,TIMESTAMPTZ,True,Synthetic settled at for payment settlement.,synthetic_extension,False
bank_dwh,fact_payment_settlement,fact,payments,34,value_date_key,BIGINT,True,Synthetic value date key for payment settlement.,synthetic_extension,False
bank_dwh,fact_payment_settlement,fact,payments,35,settlement_date_key,BIGINT,True,Synthetic settlement date key for payment settlement.,synthetic_extension,False
bank_dwh,fact_payment_settlement,fact,payments,36,amount,VARCHAR(120),True,Synthetic amount for payment settlement.,synthetic_extension,False
bank_dwh,fact_payment_settlement,fact,payments,37,original_amount,"NUMERIC(20,4)",True,Synthetic original amount for payment settlement.,synthetic_extension,False
bank_dwh,fact_payment_settlement,fact,payments,38,settlement_amount,"NUMERIC(20,4)",True,Synthetic settlement amount for payment settlement.,synthetic_extension,False
bank_dwh,fact_payment_settlement,fact,payments,39,fee_amount,"NUMERIC(20,4)",True,Synthetic fee amount for payment settlement.,synthetic_extension,False
bank_dwh,fact_payment_settlement,fact,payments,40,interchange_amount,"NUMERIC(20,4)",True,Synthetic interchange amount for payment settlement.,synthetic_extension,False
bank_dwh,fact_payment_settlement,fact,payments,41,exchange_rate,"NUMERIC(14,8)",True,Synthetic exchange rate for payment settlement.,synthetic_extension,False
bank_dwh,fact_payment_settlement,fact,payments,42,original_currency_code,VARCHAR(50),True,Synthetic original currency code for payment settlement.,synthetic_extension,False
bank_dwh,fact_payment_settlement,fact,payments,43,settlement_currency_code,VARCHAR(50),True,Synthetic settlement currency code for payment settlement.,synthetic_extension,False
bank_dwh,fact_payment_settlement,fact,payments,44,payment_purpose_code,VARCHAR(50),True,Synthetic payment purpose code for payment settlement.,synthetic_extension,False
bank_dwh,fact_payment_settlement,fact,payments,45,remittance_reference,TEXT,True,Synthetic remittance reference for payment settlement.,synthetic_extension,False
bank_dwh,fact_payment_settlement,fact,payments,46,clearing_reference_id,VARCHAR(100),True,Synthetic clearing reference id for payment settlement.,synthetic_extension,False
bank_dwh,fact_payment_settlement,fact,payments,47,network_reference_id,VARCHAR(100),True,Synthetic network reference id for payment settlement.,synthetic_extension,False
bank_dwh,fact_payment_settlement,fact,payments,48,return_reason_code,VARCHAR(50),True,Synthetic return reason code for payment settlement.,synthetic_extension,False
bank_dwh,fact_payment_settlement,fact,payments,49,rejection_reason_code,VARCHAR(50),True,Synthetic rejection reason code for payment settlement.,synthetic_extension,False
bank_dwh,fact_payment_settlement,fact,payments,50,is_returned,BOOLEAN,True,Synthetic is returned for payment settlement.,synthetic_extension,False
bank_dwh,fact_payment_settlement,fact,payments,51,is_cross_border,BOOLEAN,True,Synthetic is cross border for payment settlement.,synthetic_extension,False
bank_dwh,fact_payment_settlement,fact,payments,52,is_high_priority,BOOLEAN,True,Synthetic is high priority for payment settlement.,synthetic_extension,False
bank_dwh,fact_payment_settlement,fact,payments,53,processing_duration_seconds_count,BIGINT,True,Synthetic processing duration seconds count for payment settlement.,synthetic_extension,False
bank_dwh,fact_payment_settlement,fact,payments,54,event_type_code,VARCHAR(50),True,Synthetic event type code for payment settlement.,synthetic_extension,False
bank_dwh,fact_payment_settlement,fact,payments,55,event_subtype_code,VARCHAR(50),True,Synthetic event subtype code for payment settlement.,synthetic_extension,False
bank_dwh,fact_payment_settlement,fact,payments,56,lifecycle_status_code,VARCHAR(50),True,Synthetic lifecycle status code for payment settlement.,synthetic_extension,False
bank_dwh,fact_payment_settlement,fact,payments,57,source_event_id,VARCHAR(100),True,Synthetic source event id for payment settlement.,synthetic_extension,False
bank_dwh,fact_payment_return,fact,payments,1,payment_return_fact_key,BIGINT,False,Synthetic surrogate key for fact_payment_return.,structural,True
bank_dwh,fact_payment_return,fact,payments,2,business_date_key,BIGINT,False,Business date of this fact row.,structural,False
bank_dwh,fact_payment_return,fact,payments,3,customer_key,BIGINT,True,Optional key to dim_customer.,relationship,False
bank_dwh,fact_payment_return,fact,payments,4,account_key,BIGINT,True,Optional key to dim_account.,relationship,False
bank_dwh,fact_payment_return,fact,payments,5,payment_type_key,BIGINT,True,Optional key to dim_payment_type.,relationship,False
bank_dwh,fact_payment_return,fact,payments,6,payment_network_key,BIGINT,True,Optional key to dim_payment_network.,relationship,False
bank_dwh,fact_payment_return,fact,payments,7,merchant_key,BIGINT,True,Optional key to dim_merchant.,relationship,False
bank_dwh,fact_payment_return,fact,payments,8,channel_key,BIGINT,True,Optional key to dim_channel.,relationship,False
bank_dwh,fact_payment_return,fact,payments,9,currency_key,BIGINT,True,Optional key to dim_currency.,relationship,False
bank_dwh,fact_payment_return,fact,payments,10,branch_key,BIGINT,True,Optional key to dim_branch.,relationship,False
bank_dwh,fact_payment_return,fact,payments,11,source_system_code,VARCHAR(50),True,Source system code for this payment return fact.,structural,False
bank_dwh,fact_payment_return,fact,payments,12,source_record_id,VARCHAR(100),True,Source record id for this payment return fact.,structural,False
bank_dwh,fact_payment_return,fact,payments,13,ingested_at,TIMESTAMPTZ,True,Ingested at for this payment return fact.,structural,False
bank_dwh,fact_payment_return,fact,payments,14,updated_at,TIMESTAMPTZ,True,Updated at for this payment return fact.,structural,False
bank_dwh,fact_payment_return,fact,payments,15,record_hash,VARCHAR(100),True,Record hash for this payment return fact.,structural,False
bank_dwh,fact_payment_return,fact,payments,16,data_quality_status_code,VARCHAR(50),True,Data quality status code for this payment return fact.,structural,False
bank_dwh,fact_payment_return,fact,payments,17,load_batch_id,VARCHAR(100),True,Load batch id for this payment return fact.,structural,False
bank_dwh,fact_payment_return,fact,payments,18,event_id,VARCHAR(100),True,Event id for this payment return fact.,structural,False
bank_dwh,fact_payment_return,fact,payments,19,event_status_code,VARCHAR(50),True,Event status code for this payment return fact.,structural,False
bank_dwh,fact_payment_return,fact,payments,20,currency_code,VARCHAR(50),True,Currency code for this payment return fact.,structural,False
bank_dwh,fact_payment_return,fact,payments,21,payment_id,VARCHAR(100),True,Synthetic payment id for payment return.,synthetic_extension,False
bank_dwh,fact_payment_return,fact,payments,22,payment_reference,TEXT,True,Synthetic payment reference for payment return.,synthetic_extension,False
bank_dwh,fact_payment_return,fact,payments,23,payment_method_code,VARCHAR(50),True,Synthetic payment method code for payment return.,synthetic_extension,False
bank_dwh,fact_payment_return,fact,payments,24,payment_rail_code,VARCHAR(50),True,Synthetic payment rail code for payment return.,synthetic_extension,False
bank_dwh,fact_payment_return,fact,payments,25,payment_status_code,VARCHAR(50),True,Synthetic payment status code for payment return.,synthetic_extension,False
bank_dwh,fact_payment_return,fact,payments,26,originator_id,VARCHAR(100),True,Synthetic originator id for payment return.,synthetic_extension,False
bank_dwh,fact_payment_return,fact,payments,27,beneficiary_id,VARCHAR(100),True,Synthetic beneficiary id for payment return.,synthetic_extension,False
bank_dwh,fact_payment_return,fact,payments,28,originator_account_hash,VARCHAR(100),True,Synthetic originator account hash for payment return.,synthetic_extension,False
bank_dwh,fact_payment_return,fact,payments,29,beneficiary_account_hash,VARCHAR(100),True,Synthetic beneficiary account hash for payment return.,synthetic_extension,False
bank_dwh,fact_payment_return,fact,payments,30,initiated_at,TIMESTAMPTZ,True,Synthetic initiated at for payment return.,synthetic_extension,False
bank_dwh,fact_payment_return,fact,payments,31,authorized_at,TIMESTAMPTZ,True,Synthetic authorized at for payment return.,synthetic_extension,False
bank_dwh,fact_payment_return,fact,payments,32,clearing_at,TIMESTAMPTZ,True,Synthetic clearing at for payment return.,synthetic_extension,False
bank_dwh,fact_payment_return,fact,payments,33,settled_at,TIMESTAMPTZ,True,Synthetic settled at for payment return.,synthetic_extension,False
bank_dwh,fact_payment_return,fact,payments,34,value_date_key,BIGINT,True,Synthetic value date key for payment return.,synthetic_extension,False
bank_dwh,fact_payment_return,fact,payments,35,settlement_date_key,BIGINT,True,Synthetic settlement date key for payment return.,synthetic_extension,False
bank_dwh,fact_payment_return,fact,payments,36,amount,VARCHAR(120),True,Synthetic amount for payment return.,synthetic_extension,False
bank_dwh,fact_payment_return,fact,payments,37,original_amount,"NUMERIC(20,4)",True,Synthetic original amount for payment return.,synthetic_extension,False
bank_dwh,fact_payment_return,fact,payments,38,settlement_amount,"NUMERIC(20,4)",True,Synthetic settlement amount for payment return.,synthetic_extension,False
bank_dwh,fact_payment_return,fact,payments,39,fee_amount,"NUMERIC(20,4)",True,Synthetic fee amount for payment return.,synthetic_extension,False
bank_dwh,fact_payment_return,fact,payments,40,interchange_amount,"NUMERIC(20,4)",True,Synthetic interchange amount for payment return.,synthetic_extension,False
bank_dwh,fact_payment_return,fact,payments,41,exchange_rate,"NUMERIC(14,8)",True,Synthetic exchange rate for payment return.,synthetic_extension,False
bank_dwh,fact_payment_return,fact,payments,42,original_currency_code,VARCHAR(50),True,Synthetic original currency code for payment return.,synthetic_extension,False
bank_dwh,fact_payment_return,fact,payments,43,settlement_currency_code,VARCHAR(50),True,Synthetic settlement currency code for payment return.,synthetic_extension,False
bank_dwh,fact_payment_return,fact,payments,44,payment_purpose_code,VARCHAR(50),True,Synthetic payment purpose code for payment return.,synthetic_extension,False
bank_dwh,fact_payment_return,fact,payments,45,remittance_reference,TEXT,True,Synthetic remittance reference for payment return.,synthetic_extension,False
bank_dwh,fact_payment_return,fact,payments,46,clearing_reference_id,VARCHAR(100),True,Synthetic clearing reference id for payment return.,synthetic_extension,False
bank_dwh,fact_payment_return,fact,payments,47,network_reference_id,VARCHAR(100),True,Synthetic network reference id for payment return.,synthetic_extension,False
bank_dwh,fact_payment_return,fact,payments,48,return_reason_code,VARCHAR(50),True,Synthetic return reason code for payment return.,synthetic_extension,False
bank_dwh,fact_payment_return,fact,payments,49,rejection_reason_code,VARCHAR(50),True,Synthetic rejection reason code for payment return.,synthetic_extension,False
bank_dwh,fact_payment_return,fact,payments,50,is_returned,BOOLEAN,True,Synthetic is returned for payment return.,synthetic_extension,False
bank_dwh,fact_payment_return,fact,payments,51,is_cross_border,BOOLEAN,True,Synthetic is cross border for payment return.,synthetic_extension,False
bank_dwh,fact_payment_return,fact,payments,52,is_high_priority,BOOLEAN,True,Synthetic is high priority for payment return.,synthetic_extension,False
bank_dwh,fact_payment_return,fact,payments,53,processing_duration_seconds_count,BIGINT,True,Synthetic processing duration seconds count for payment return.,synthetic_extension,False
bank_dwh,fact_payment_return,fact,payments,54,event_type_code,VARCHAR(50),True,Synthetic event type code for payment return.,synthetic_extension,False
bank_dwh,fact_payment_return,fact,payments,55,event_subtype_code,VARCHAR(50),True,Synthetic event subtype code for payment return.,synthetic_extension,False
bank_dwh,fact_payment_return,fact,payments,56,lifecycle_status_code,VARCHAR(50),True,Synthetic lifecycle status code for payment return.,synthetic_extension,False
bank_dwh,fact_payment_return,fact,payments,57,source_event_id,VARCHAR(100),True,Synthetic source event id for payment return.,synthetic_extension,False
bank_dwh,fact_wire_transfer,fact,payments,1,wire_transfer_fact_key,BIGINT,False,Synthetic surrogate key for fact_wire_transfer.,structural,True
bank_dwh,fact_wire_transfer,fact,payments,2,business_date_key,BIGINT,False,Business date of this fact row.,structural,False
bank_dwh,fact_wire_transfer,fact,payments,3,customer_key,BIGINT,True,Optional key to dim_customer.,relationship,False
bank_dwh,fact_wire_transfer,fact,payments,4,account_key,BIGINT,True,Optional key to dim_account.,relationship,False
bank_dwh,fact_wire_transfer,fact,payments,5,payment_type_key,BIGINT,True,Optional key to dim_payment_type.,relationship,False
bank_dwh,fact_wire_transfer,fact,payments,6,payment_network_key,BIGINT,True,Optional key to dim_payment_network.,relationship,False
bank_dwh,fact_wire_transfer,fact,payments,7,merchant_key,BIGINT,True,Optional key to dim_merchant.,relationship,False
bank_dwh,fact_wire_transfer,fact,payments,8,channel_key,BIGINT,True,Optional key to dim_channel.,relationship,False
bank_dwh,fact_wire_transfer,fact,payments,9,currency_key,BIGINT,True,Optional key to dim_currency.,relationship,False
bank_dwh,fact_wire_transfer,fact,payments,10,branch_key,BIGINT,True,Optional key to dim_branch.,relationship,False
bank_dwh,fact_wire_transfer,fact,payments,11,source_system_code,VARCHAR(50),True,Source system code for this wire transfer fact.,structural,False
bank_dwh,fact_wire_transfer,fact,payments,12,source_record_id,VARCHAR(100),True,Source record id for this wire transfer fact.,structural,False
bank_dwh,fact_wire_transfer,fact,payments,13,ingested_at,TIMESTAMPTZ,True,Ingested at for this wire transfer fact.,structural,False
bank_dwh,fact_wire_transfer,fact,payments,14,updated_at,TIMESTAMPTZ,True,Updated at for this wire transfer fact.,structural,False
bank_dwh,fact_wire_transfer,fact,payments,15,record_hash,VARCHAR(100),True,Record hash for this wire transfer fact.,structural,False
bank_dwh,fact_wire_transfer,fact,payments,16,data_quality_status_code,VARCHAR(50),True,Data quality status code for this wire transfer fact.,structural,False
bank_dwh,fact_wire_transfer,fact,payments,17,load_batch_id,VARCHAR(100),True,Load batch id for this wire transfer fact.,structural,False
bank_dwh,fact_wire_transfer,fact,payments,18,event_id,VARCHAR(100),True,Event id for this wire transfer fact.,structural,False
bank_dwh,fact_wire_transfer,fact,payments,19,event_status_code,VARCHAR(50),True,Event status code for this wire transfer fact.,structural,False
bank_dwh,fact_wire_transfer,fact,payments,20,currency_code,VARCHAR(50),True,Currency code for this wire transfer fact.,structural,False
bank_dwh,fact_wire_transfer,fact,payments,21,payment_id,VARCHAR(100),True,Synthetic payment id for wire transfer.,synthetic_extension,False
bank_dwh,fact_wire_transfer,fact,payments,22,payment_reference,TEXT,True,Synthetic payment reference for wire transfer.,synthetic_extension,False
bank_dwh,fact_wire_transfer,fact,payments,23,payment_method_code,VARCHAR(50),True,Synthetic payment method code for wire transfer.,synthetic_extension,False
bank_dwh,fact_wire_transfer,fact,payments,24,payment_rail_code,VARCHAR(50),True,Synthetic payment rail code for wire transfer.,synthetic_extension,False
bank_dwh,fact_wire_transfer,fact,payments,25,payment_status_code,VARCHAR(50),True,Synthetic payment status code for wire transfer.,synthetic_extension,False
bank_dwh,fact_wire_transfer,fact,payments,26,originator_id,VARCHAR(100),True,Synthetic originator id for wire transfer.,synthetic_extension,False
bank_dwh,fact_wire_transfer,fact,payments,27,beneficiary_id,VARCHAR(100),True,Synthetic beneficiary id for wire transfer.,synthetic_extension,False
bank_dwh,fact_wire_transfer,fact,payments,28,originator_account_hash,VARCHAR(100),True,Synthetic originator account hash for wire transfer.,synthetic_extension,False
bank_dwh,fact_wire_transfer,fact,payments,29,beneficiary_account_hash,VARCHAR(100),True,Synthetic beneficiary account hash for wire transfer.,synthetic_extension,False
bank_dwh,fact_wire_transfer,fact,payments,30,initiated_at,TIMESTAMPTZ,True,Synthetic initiated at for wire transfer.,synthetic_extension,False
bank_dwh,fact_wire_transfer,fact,payments,31,authorized_at,TIMESTAMPTZ,True,Synthetic authorized at for wire transfer.,synthetic_extension,False
bank_dwh,fact_wire_transfer,fact,payments,32,clearing_at,TIMESTAMPTZ,True,Synthetic clearing at for wire transfer.,synthetic_extension,False
bank_dwh,fact_wire_transfer,fact,payments,33,settled_at,TIMESTAMPTZ,True,Synthetic settled at for wire transfer.,synthetic_extension,False
bank_dwh,fact_wire_transfer,fact,payments,34,value_date_key,BIGINT,True,Synthetic value date key for wire transfer.,synthetic_extension,False
bank_dwh,fact_wire_transfer,fact,payments,35,settlement_date_key,BIGINT,True,Synthetic settlement date key for wire transfer.,synthetic_extension,False
bank_dwh,fact_wire_transfer,fact,payments,36,amount,VARCHAR(120),True,Synthetic amount for wire transfer.,synthetic_extension,False
bank_dwh,fact_wire_transfer,fact,payments,37,original_amount,"NUMERIC(20,4)",True,Synthetic original amount for wire transfer.,synthetic_extension,False
bank_dwh,fact_wire_transfer,fact,payments,38,settlement_amount,"NUMERIC(20,4)",True,Synthetic settlement amount for wire transfer.,synthetic_extension,False
bank_dwh,fact_wire_transfer,fact,payments,39,fee_amount,"NUMERIC(20,4)",True,Synthetic fee amount for wire transfer.,synthetic_extension,False
bank_dwh,fact_wire_transfer,fact,payments,40,interchange_amount,"NUMERIC(20,4)",True,Synthetic interchange amount for wire transfer.,synthetic_extension,False
bank_dwh,fact_wire_transfer,fact,payments,41,exchange_rate,"NUMERIC(14,8)",True,Synthetic exchange rate for wire transfer.,synthetic_extension,False
bank_dwh,fact_wire_transfer,fact,payments,42,original_currency_code,VARCHAR(50),True,Synthetic original currency code for wire transfer.,synthetic_extension,False
bank_dwh,fact_wire_transfer,fact,payments,43,settlement_currency_code,VARCHAR(50),True,Synthetic settlement currency code for wire transfer.,synthetic_extension,False
bank_dwh,fact_wire_transfer,fact,payments,44,payment_purpose_code,VARCHAR(50),True,Synthetic payment purpose code for wire transfer.,synthetic_extension,False
bank_dwh,fact_wire_transfer,fact,payments,45,remittance_reference,TEXT,True,Synthetic remittance reference for wire transfer.,synthetic_extension,False
bank_dwh,fact_wire_transfer,fact,payments,46,clearing_reference_id,VARCHAR(100),True,Synthetic clearing reference id for wire transfer.,synthetic_extension,False
bank_dwh,fact_wire_transfer,fact,payments,47,network_reference_id,VARCHAR(100),True,Synthetic network reference id for wire transfer.,synthetic_extension,False
bank_dwh,fact_wire_transfer,fact,payments,48,return_reason_code,VARCHAR(50),True,Synthetic return reason code for wire transfer.,synthetic_extension,False
bank_dwh,fact_wire_transfer,fact,payments,49,rejection_reason_code,VARCHAR(50),True,Synthetic rejection reason code for wire transfer.,synthetic_extension,False
bank_dwh,fact_wire_transfer,fact,payments,50,is_returned,BOOLEAN,True,Synthetic is returned for wire transfer.,synthetic_extension,False
bank_dwh,fact_wire_transfer,fact,payments,51,is_cross_border,BOOLEAN,True,Synthetic is cross border for wire transfer.,synthetic_extension,False
bank_dwh,fact_wire_transfer,fact,payments,52,is_high_priority,BOOLEAN,True,Synthetic is high priority for wire transfer.,synthetic_extension,False
bank_dwh,fact_wire_transfer,fact,payments,53,processing_duration_seconds_count,BIGINT,True,Synthetic processing duration seconds count for wire transfer.,synthetic_extension,False
bank_dwh,fact_wire_transfer,fact,payments,54,event_type_code,VARCHAR(50),True,Synthetic event type code for wire transfer.,synthetic_extension,False
bank_dwh,fact_direct_debit,fact,payments,1,direct_debit_fact_key,BIGINT,False,Synthetic surrogate key for fact_direct_debit.,structural,True
bank_dwh,fact_direct_debit,fact,payments,2,business_date_key,BIGINT,False,Business date of this fact row.,structural,False
bank_dwh,fact_direct_debit,fact,payments,3,customer_key,BIGINT,True,Optional key to dim_customer.,relationship,False
bank_dwh,fact_direct_debit,fact,payments,4,account_key,BIGINT,True,Optional key to dim_account.,relationship,False
bank_dwh,fact_direct_debit,fact,payments,5,payment_type_key,BIGINT,True,Optional key to dim_payment_type.,relationship,False
bank_dwh,fact_direct_debit,fact,payments,6,payment_network_key,BIGINT,True,Optional key to dim_payment_network.,relationship,False
bank_dwh,fact_direct_debit,fact,payments,7,merchant_key,BIGINT,True,Optional key to dim_merchant.,relationship,False
bank_dwh,fact_direct_debit,fact,payments,8,channel_key,BIGINT,True,Optional key to dim_channel.,relationship,False
bank_dwh,fact_direct_debit,fact,payments,9,currency_key,BIGINT,True,Optional key to dim_currency.,relationship,False
bank_dwh,fact_direct_debit,fact,payments,10,branch_key,BIGINT,True,Optional key to dim_branch.,relationship,False
bank_dwh,fact_direct_debit,fact,payments,11,source_system_code,VARCHAR(50),True,Source system code for this direct debit fact.,structural,False
bank_dwh,fact_direct_debit,fact,payments,12,source_record_id,VARCHAR(100),True,Source record id for this direct debit fact.,structural,False
bank_dwh,fact_direct_debit,fact,payments,13,ingested_at,TIMESTAMPTZ,True,Ingested at for this direct debit fact.,structural,False
bank_dwh,fact_direct_debit,fact,payments,14,updated_at,TIMESTAMPTZ,True,Updated at for this direct debit fact.,structural,False
bank_dwh,fact_direct_debit,fact,payments,15,record_hash,VARCHAR(100),True,Record hash for this direct debit fact.,structural,False
bank_dwh,fact_direct_debit,fact,payments,16,data_quality_status_code,VARCHAR(50),True,Data quality status code for this direct debit fact.,structural,False
bank_dwh,fact_direct_debit,fact,payments,17,load_batch_id,VARCHAR(100),True,Load batch id for this direct debit fact.,structural,False
bank_dwh,fact_direct_debit,fact,payments,18,event_id,VARCHAR(100),True,Event id for this direct debit fact.,structural,False
bank_dwh,fact_direct_debit,fact,payments,19,event_status_code,VARCHAR(50),True,Event status code for this direct debit fact.,structural,False
bank_dwh,fact_direct_debit,fact,payments,20,currency_code,VARCHAR(50),True,Currency code for this direct debit fact.,structural,False
bank_dwh,fact_direct_debit,fact,payments,21,payment_id,VARCHAR(100),True,Synthetic payment id for direct debit.,synthetic_extension,False
bank_dwh,fact_direct_debit,fact,payments,22,payment_reference,TEXT,True,Synthetic payment reference for direct debit.,synthetic_extension,False
bank_dwh,fact_direct_debit,fact,payments,23,payment_method_code,VARCHAR(50),True,Synthetic payment method code for direct debit.,synthetic_extension,False
bank_dwh,fact_direct_debit,fact,payments,24,payment_rail_code,VARCHAR(50),True,Synthetic payment rail code for direct debit.,synthetic_extension,False
bank_dwh,fact_direct_debit,fact,payments,25,payment_status_code,VARCHAR(50),True,Synthetic payment status code for direct debit.,synthetic_extension,False
bank_dwh,fact_direct_debit,fact,payments,26,originator_id,VARCHAR(100),True,Synthetic originator id for direct debit.,synthetic_extension,False
bank_dwh,fact_direct_debit,fact,payments,27,beneficiary_id,VARCHAR(100),True,Synthetic beneficiary id for direct debit.,synthetic_extension,False
bank_dwh,fact_direct_debit,fact,payments,28,originator_account_hash,VARCHAR(100),True,Synthetic originator account hash for direct debit.,synthetic_extension,False
bank_dwh,fact_direct_debit,fact,payments,29,beneficiary_account_hash,VARCHAR(100),True,Synthetic beneficiary account hash for direct debit.,synthetic_extension,False
bank_dwh,fact_direct_debit,fact,payments,30,initiated_at,TIMESTAMPTZ,True,Synthetic initiated at for direct debit.,synthetic_extension,False
bank_dwh,fact_direct_debit,fact,payments,31,authorized_at,TIMESTAMPTZ,True,Synthetic authorized at for direct debit.,synthetic_extension,False
bank_dwh,fact_direct_debit,fact,payments,32,clearing_at,TIMESTAMPTZ,True,Synthetic clearing at for direct debit.,synthetic_extension,False
bank_dwh,fact_direct_debit,fact,payments,33,settled_at,TIMESTAMPTZ,True,Synthetic settled at for direct debit.,synthetic_extension,False
bank_dwh,fact_direct_debit,fact,payments,34,value_date_key,BIGINT,True,Synthetic value date key for direct debit.,synthetic_extension,False
bank_dwh,fact_direct_debit,fact,payments,35,settlement_date_key,BIGINT,True,Synthetic settlement date key for direct debit.,synthetic_extension,False
bank_dwh,fact_direct_debit,fact,payments,36,amount,VARCHAR(120),True,Synthetic amount for direct debit.,synthetic_extension,False
bank_dwh,fact_direct_debit,fact,payments,37,original_amount,"NUMERIC(20,4)",True,Synthetic original amount for direct debit.,synthetic_extension,False
bank_dwh,fact_direct_debit,fact,payments,38,settlement_amount,"NUMERIC(20,4)",True,Synthetic settlement amount for direct debit.,synthetic_extension,False
bank_dwh,fact_direct_debit,fact,payments,39,fee_amount,"NUMERIC(20,4)",True,Synthetic fee amount for direct debit.,synthetic_extension,False
bank_dwh,fact_direct_debit,fact,payments,40,interchange_amount,"NUMERIC(20,4)",True,Synthetic interchange amount for direct debit.,synthetic_extension,False
bank_dwh,fact_direct_debit,fact,payments,41,exchange_rate,"NUMERIC(14,8)",True,Synthetic exchange rate for direct debit.,synthetic_extension,False
bank_dwh,fact_direct_debit,fact,payments,42,original_currency_code,VARCHAR(50),True,Synthetic original currency code for direct debit.,synthetic_extension,False
bank_dwh,fact_direct_debit,fact,payments,43,settlement_currency_code,VARCHAR(50),True,Synthetic settlement currency code for direct debit.,synthetic_extension,False
bank_dwh,fact_direct_debit,fact,payments,44,payment_purpose_code,VARCHAR(50),True,Synthetic payment purpose code for direct debit.,synthetic_extension,False
bank_dwh,fact_direct_debit,fact,payments,45,remittance_reference,TEXT,True,Synthetic remittance reference for direct debit.,synthetic_extension,False
bank_dwh,fact_direct_debit,fact,payments,46,clearing_reference_id,VARCHAR(100),True,Synthetic clearing reference id for direct debit.,synthetic_extension,False
bank_dwh,fact_direct_debit,fact,payments,47,network_reference_id,VARCHAR(100),True,Synthetic network reference id for direct debit.,synthetic_extension,False
bank_dwh,fact_direct_debit,fact,payments,48,return_reason_code,VARCHAR(50),True,Synthetic return reason code for direct debit.,synthetic_extension,False
bank_dwh,fact_direct_debit,fact,payments,49,rejection_reason_code,VARCHAR(50),True,Synthetic rejection reason code for direct debit.,synthetic_extension,False
bank_dwh,fact_direct_debit,fact,payments,50,is_returned,BOOLEAN,True,Synthetic is returned for direct debit.,synthetic_extension,False
bank_dwh,fact_direct_debit,fact,payments,51,is_cross_border,BOOLEAN,True,Synthetic is cross border for direct debit.,synthetic_extension,False
bank_dwh,fact_direct_debit,fact,payments,52,is_high_priority,BOOLEAN,True,Synthetic is high priority for direct debit.,synthetic_extension,False
bank_dwh,fact_direct_debit,fact,payments,53,processing_duration_seconds_count,BIGINT,True,Synthetic processing duration seconds count for direct debit.,synthetic_extension,False
bank_dwh,fact_direct_debit,fact,payments,54,event_type_code,VARCHAR(50),True,Synthetic event type code for direct debit.,synthetic_extension,False
bank_dwh,fact_standing_order_execution,fact,payments,1,standing_order_execution_fact_key,BIGINT,False,Synthetic surrogate key for fact_standing_order_execution.,structural,True
bank_dwh,fact_standing_order_execution,fact,payments,2,business_date_key,BIGINT,False,Business date of this fact row.,structural,False
bank_dwh,fact_standing_order_execution,fact,payments,3,customer_key,BIGINT,True,Optional key to dim_customer.,relationship,False
bank_dwh,fact_standing_order_execution,fact,payments,4,account_key,BIGINT,True,Optional key to dim_account.,relationship,False
bank_dwh,fact_standing_order_execution,fact,payments,5,payment_type_key,BIGINT,True,Optional key to dim_payment_type.,relationship,False
bank_dwh,fact_standing_order_execution,fact,payments,6,payment_network_key,BIGINT,True,Optional key to dim_payment_network.,relationship,False
bank_dwh,fact_standing_order_execution,fact,payments,7,merchant_key,BIGINT,True,Optional key to dim_merchant.,relationship,False
bank_dwh,fact_standing_order_execution,fact,payments,8,channel_key,BIGINT,True,Optional key to dim_channel.,relationship,False
bank_dwh,fact_standing_order_execution,fact,payments,9,currency_key,BIGINT,True,Optional key to dim_currency.,relationship,False
bank_dwh,fact_standing_order_execution,fact,payments,10,branch_key,BIGINT,True,Optional key to dim_branch.,relationship,False
bank_dwh,fact_standing_order_execution,fact,payments,11,source_system_code,VARCHAR(50),True,Source system code for this standing order execution fact.,structural,False
bank_dwh,fact_standing_order_execution,fact,payments,12,source_record_id,VARCHAR(100),True,Source record id for this standing order execution fact.,structural,False
bank_dwh,fact_standing_order_execution,fact,payments,13,ingested_at,TIMESTAMPTZ,True,Ingested at for this standing order execution fact.,structural,False
bank_dwh,fact_standing_order_execution,fact,payments,14,updated_at,TIMESTAMPTZ,True,Updated at for this standing order execution fact.,structural,False
bank_dwh,fact_standing_order_execution,fact,payments,15,record_hash,VARCHAR(100),True,Record hash for this standing order execution fact.,structural,False
bank_dwh,fact_standing_order_execution,fact,payments,16,data_quality_status_code,VARCHAR(50),True,Data quality status code for this standing order execution fact.,structural,False
bank_dwh,fact_standing_order_execution,fact,payments,17,load_batch_id,VARCHAR(100),True,Load batch id for this standing order execution fact.,structural,False
bank_dwh,fact_standing_order_execution,fact,payments,18,event_id,VARCHAR(100),True,Event id for this standing order execution fact.,structural,False
bank_dwh,fact_standing_order_execution,fact,payments,19,event_status_code,VARCHAR(50),True,Event status code for this standing order execution fact.,structural,False
bank_dwh,fact_standing_order_execution,fact,payments,20,currency_code,VARCHAR(50),True,Currency code for this standing order execution fact.,structural,False
bank_dwh,fact_standing_order_execution,fact,payments,21,payment_id,VARCHAR(100),True,Synthetic payment id for standing order execution.,synthetic_extension,False
bank_dwh,fact_standing_order_execution,fact,payments,22,payment_reference,TEXT,True,Synthetic payment reference for standing order execution.,synthetic_extension,False
bank_dwh,fact_standing_order_execution,fact,payments,23,payment_method_code,VARCHAR(50),True,Synthetic payment method code for standing order execution.,synthetic_extension,False
bank_dwh,fact_standing_order_execution,fact,payments,24,payment_rail_code,VARCHAR(50),True,Synthetic payment rail code for standing order execution.,synthetic_extension,False
bank_dwh,fact_standing_order_execution,fact,payments,25,payment_status_code,VARCHAR(50),True,Synthetic payment status code for standing order execution.,synthetic_extension,False
bank_dwh,fact_standing_order_execution,fact,payments,26,originator_id,VARCHAR(100),True,Synthetic originator id for standing order execution.,synthetic_extension,False
bank_dwh,fact_standing_order_execution,fact,payments,27,beneficiary_id,VARCHAR(100),True,Synthetic beneficiary id for standing order execution.,synthetic_extension,False
bank_dwh,fact_standing_order_execution,fact,payments,28,originator_account_hash,VARCHAR(100),True,Synthetic originator account hash for standing order execution.,synthetic_extension,False
bank_dwh,fact_standing_order_execution,fact,payments,29,beneficiary_account_hash,VARCHAR(100),True,Synthetic beneficiary account hash for standing order execution.,synthetic_extension,False
bank_dwh,fact_standing_order_execution,fact,payments,30,initiated_at,TIMESTAMPTZ,True,Synthetic initiated at for standing order execution.,synthetic_extension,False
bank_dwh,fact_standing_order_execution,fact,payments,31,authorized_at,TIMESTAMPTZ,True,Synthetic authorized at for standing order execution.,synthetic_extension,False
bank_dwh,fact_standing_order_execution,fact,payments,32,clearing_at,TIMESTAMPTZ,True,Synthetic clearing at for standing order execution.,synthetic_extension,False
bank_dwh,fact_standing_order_execution,fact,payments,33,settled_at,TIMESTAMPTZ,True,Synthetic settled at for standing order execution.,synthetic_extension,False
bank_dwh,fact_standing_order_execution,fact,payments,34,value_date_key,BIGINT,True,Synthetic value date key for standing order execution.,synthetic_extension,False
bank_dwh,fact_standing_order_execution,fact,payments,35,settlement_date_key,BIGINT,True,Synthetic settlement date key for standing order execution.,synthetic_extension,False
bank_dwh,fact_standing_order_execution,fact,payments,36,amount,VARCHAR(120),True,Synthetic amount for standing order execution.,synthetic_extension,False
bank_dwh,fact_standing_order_execution,fact,payments,37,original_amount,"NUMERIC(20,4)",True,Synthetic original amount for standing order execution.,synthetic_extension,False
bank_dwh,fact_standing_order_execution,fact,payments,38,settlement_amount,"NUMERIC(20,4)",True,Synthetic settlement amount for standing order execution.,synthetic_extension,False
bank_dwh,fact_standing_order_execution,fact,payments,39,fee_amount,"NUMERIC(20,4)",True,Synthetic fee amount for standing order execution.,synthetic_extension,False
bank_dwh,fact_standing_order_execution,fact,payments,40,interchange_amount,"NUMERIC(20,4)",True,Synthetic interchange amount for standing order execution.,synthetic_extension,False
bank_dwh,fact_standing_order_execution,fact,payments,41,exchange_rate,"NUMERIC(14,8)",True,Synthetic exchange rate for standing order execution.,synthetic_extension,False
bank_dwh,fact_standing_order_execution,fact,payments,42,original_currency_code,VARCHAR(50),True,Synthetic original currency code for standing order execution.,synthetic_extension,False
bank_dwh,fact_standing_order_execution,fact,payments,43,settlement_currency_code,VARCHAR(50),True,Synthetic settlement currency code for standing order execution.,synthetic_extension,False
bank_dwh,fact_standing_order_execution,fact,payments,44,payment_purpose_code,VARCHAR(50),True,Synthetic payment purpose code for standing order execution.,synthetic_extension,False
bank_dwh,fact_standing_order_execution,fact,payments,45,remittance_reference,TEXT,True,Synthetic remittance reference for standing order execution.,synthetic_extension,False
bank_dwh,fact_standing_order_execution,fact,payments,46,clearing_reference_id,VARCHAR(100),True,Synthetic clearing reference id for standing order execution.,synthetic_extension,False
bank_dwh,fact_standing_order_execution,fact,payments,47,network_reference_id,VARCHAR(100),True,Synthetic network reference id for standing order execution.,synthetic_extension,False
bank_dwh,fact_standing_order_execution,fact,payments,48,return_reason_code,VARCHAR(50),True,Synthetic return reason code for standing order execution.,synthetic_extension,False
bank_dwh,fact_standing_order_execution,fact,payments,49,rejection_reason_code,VARCHAR(50),True,Synthetic rejection reason code for standing order execution.,synthetic_extension,False
bank_dwh,fact_standing_order_execution,fact,payments,50,is_returned,BOOLEAN,True,Synthetic is returned for standing order execution.,synthetic_extension,False
bank_dwh,fact_standing_order_execution,fact,payments,51,is_cross_border,BOOLEAN,True,Synthetic is cross border for standing order execution.,synthetic_extension,False
bank_dwh,fact_standing_order_execution,fact,payments,52,is_high_priority,BOOLEAN,True,Synthetic is high priority for standing order execution.,synthetic_extension,False
bank_dwh,fact_standing_order_execution,fact,payments,53,processing_duration_seconds_count,BIGINT,True,Synthetic processing duration seconds count for standing order execution.,synthetic_extension,False
bank_dwh,fact_standing_order_execution,fact,payments,54,event_type_code,VARCHAR(50),True,Synthetic event type code for standing order execution.,synthetic_extension,False
bank_dwh,fact_atm_transaction,fact,payments,1,atm_transaction_fact_key,BIGINT,False,Synthetic surrogate key for fact_atm_transaction.,structural,True
bank_dwh,fact_atm_transaction,fact,payments,2,business_date_key,BIGINT,False,Business date of this fact row.,structural,False
bank_dwh,fact_atm_transaction,fact,payments,3,customer_key,BIGINT,True,Optional key to dim_customer.,relationship,False
bank_dwh,fact_atm_transaction,fact,payments,4,account_key,BIGINT,True,Optional key to dim_account.,relationship,False
bank_dwh,fact_atm_transaction,fact,payments,5,payment_type_key,BIGINT,True,Optional key to dim_payment_type.,relationship,False
bank_dwh,fact_atm_transaction,fact,payments,6,payment_network_key,BIGINT,True,Optional key to dim_payment_network.,relationship,False
bank_dwh,fact_atm_transaction,fact,payments,7,merchant_key,BIGINT,True,Optional key to dim_merchant.,relationship,False
bank_dwh,fact_atm_transaction,fact,payments,8,channel_key,BIGINT,True,Optional key to dim_channel.,relationship,False
bank_dwh,fact_atm_transaction,fact,payments,9,currency_key,BIGINT,True,Optional key to dim_currency.,relationship,False
bank_dwh,fact_atm_transaction,fact,payments,10,branch_key,BIGINT,True,Optional key to dim_branch.,relationship,False
bank_dwh,fact_atm_transaction,fact,payments,11,source_system_code,VARCHAR(50),True,Source system code for this atm transaction fact.,structural,False
bank_dwh,fact_atm_transaction,fact,payments,12,source_record_id,VARCHAR(100),True,Source record id for this atm transaction fact.,structural,False
bank_dwh,fact_atm_transaction,fact,payments,13,ingested_at,TIMESTAMPTZ,True,Ingested at for this atm transaction fact.,structural,False
bank_dwh,fact_atm_transaction,fact,payments,14,updated_at,TIMESTAMPTZ,True,Updated at for this atm transaction fact.,structural,False
bank_dwh,fact_atm_transaction,fact,payments,15,record_hash,VARCHAR(100),True,Record hash for this atm transaction fact.,structural,False
bank_dwh,fact_atm_transaction,fact,payments,16,data_quality_status_code,VARCHAR(50),True,Data quality status code for this atm transaction fact.,structural,False
bank_dwh,fact_atm_transaction,fact,payments,17,load_batch_id,VARCHAR(100),True,Load batch id for this atm transaction fact.,structural,False
bank_dwh,fact_atm_transaction,fact,payments,18,event_id,VARCHAR(100),True,Event id for this atm transaction fact.,structural,False
bank_dwh,fact_atm_transaction,fact,payments,19,event_status_code,VARCHAR(50),True,Event status code for this atm transaction fact.,structural,False
bank_dwh,fact_atm_transaction,fact,payments,20,currency_code,VARCHAR(50),True,Currency code for this atm transaction fact.,structural,False
bank_dwh,fact_atm_transaction,fact,payments,21,payment_id,VARCHAR(100),True,Synthetic payment id for atm transaction.,synthetic_extension,False
bank_dwh,fact_atm_transaction,fact,payments,22,payment_reference,TEXT,True,Synthetic payment reference for atm transaction.,synthetic_extension,False
bank_dwh,fact_atm_transaction,fact,payments,23,payment_method_code,VARCHAR(50),True,Synthetic payment method code for atm transaction.,synthetic_extension,False
bank_dwh,fact_atm_transaction,fact,payments,24,payment_rail_code,VARCHAR(50),True,Synthetic payment rail code for atm transaction.,synthetic_extension,False
bank_dwh,fact_atm_transaction,fact,payments,25,payment_status_code,VARCHAR(50),True,Synthetic payment status code for atm transaction.,synthetic_extension,False
bank_dwh,fact_atm_transaction,fact,payments,26,originator_id,VARCHAR(100),True,Synthetic originator id for atm transaction.,synthetic_extension,False
bank_dwh,fact_atm_transaction,fact,payments,27,beneficiary_id,VARCHAR(100),True,Synthetic beneficiary id for atm transaction.,synthetic_extension,False
bank_dwh,fact_atm_transaction,fact,payments,28,originator_account_hash,VARCHAR(100),True,Synthetic originator account hash for atm transaction.,synthetic_extension,False
bank_dwh,fact_atm_transaction,fact,payments,29,beneficiary_account_hash,VARCHAR(100),True,Synthetic beneficiary account hash for atm transaction.,synthetic_extension,False
bank_dwh,fact_atm_transaction,fact,payments,30,initiated_at,TIMESTAMPTZ,True,Synthetic initiated at for atm transaction.,synthetic_extension,False
bank_dwh,fact_atm_transaction,fact,payments,31,authorized_at,TIMESTAMPTZ,True,Synthetic authorized at for atm transaction.,synthetic_extension,False
bank_dwh,fact_atm_transaction,fact,payments,32,clearing_at,TIMESTAMPTZ,True,Synthetic clearing at for atm transaction.,synthetic_extension,False
bank_dwh,fact_atm_transaction,fact,payments,33,settled_at,TIMESTAMPTZ,True,Synthetic settled at for atm transaction.,synthetic_extension,False
bank_dwh,fact_atm_transaction,fact,payments,34,value_date_key,BIGINT,True,Synthetic value date key for atm transaction.,synthetic_extension,False
bank_dwh,fact_atm_transaction,fact,payments,35,settlement_date_key,BIGINT,True,Synthetic settlement date key for atm transaction.,synthetic_extension,False
bank_dwh,fact_atm_transaction,fact,payments,36,amount,VARCHAR(120),True,Synthetic amount for atm transaction.,synthetic_extension,False
bank_dwh,fact_atm_transaction,fact,payments,37,original_amount,"NUMERIC(20,4)",True,Synthetic original amount for atm transaction.,synthetic_extension,False
bank_dwh,fact_atm_transaction,fact,payments,38,settlement_amount,"NUMERIC(20,4)",True,Synthetic settlement amount for atm transaction.,synthetic_extension,False
bank_dwh,fact_atm_transaction,fact,payments,39,fee_amount,"NUMERIC(20,4)",True,Synthetic fee amount for atm transaction.,synthetic_extension,False
bank_dwh,fact_atm_transaction,fact,payments,40,interchange_amount,"NUMERIC(20,4)",True,Synthetic interchange amount for atm transaction.,synthetic_extension,False
bank_dwh,fact_atm_transaction,fact,payments,41,exchange_rate,"NUMERIC(14,8)",True,Synthetic exchange rate for atm transaction.,synthetic_extension,False
bank_dwh,fact_atm_transaction,fact,payments,42,original_currency_code,VARCHAR(50),True,Synthetic original currency code for atm transaction.,synthetic_extension,False
bank_dwh,fact_atm_transaction,fact,payments,43,settlement_currency_code,VARCHAR(50),True,Synthetic settlement currency code for atm transaction.,synthetic_extension,False
bank_dwh,fact_atm_transaction,fact,payments,44,payment_purpose_code,VARCHAR(50),True,Synthetic payment purpose code for atm transaction.,synthetic_extension,False
bank_dwh,fact_atm_transaction,fact,payments,45,remittance_reference,TEXT,True,Synthetic remittance reference for atm transaction.,synthetic_extension,False
bank_dwh,fact_atm_transaction,fact,payments,46,clearing_reference_id,VARCHAR(100),True,Synthetic clearing reference id for atm transaction.,synthetic_extension,False
bank_dwh,fact_atm_transaction,fact,payments,47,network_reference_id,VARCHAR(100),True,Synthetic network reference id for atm transaction.,synthetic_extension,False
bank_dwh,fact_atm_transaction,fact,payments,48,return_reason_code,VARCHAR(50),True,Synthetic return reason code for atm transaction.,synthetic_extension,False
bank_dwh,fact_atm_transaction,fact,payments,49,rejection_reason_code,VARCHAR(50),True,Synthetic rejection reason code for atm transaction.,synthetic_extension,False
bank_dwh,fact_atm_transaction,fact,payments,50,is_returned,BOOLEAN,True,Synthetic is returned for atm transaction.,synthetic_extension,False
bank_dwh,fact_atm_transaction,fact,payments,51,is_cross_border,BOOLEAN,True,Synthetic is cross border for atm transaction.,synthetic_extension,False
bank_dwh,fact_atm_transaction,fact,payments,52,is_high_priority,BOOLEAN,True,Synthetic is high priority for atm transaction.,synthetic_extension,False
bank_dwh,fact_atm_transaction,fact,payments,53,processing_duration_seconds_count,BIGINT,True,Synthetic processing duration seconds count for atm transaction.,synthetic_extension,False
bank_dwh,fact_atm_transaction,fact,payments,54,event_type_code,VARCHAR(50),True,Synthetic event type code for atm transaction.,synthetic_extension,False
bank_dwh,fact_atm_transaction,fact,payments,55,event_subtype_code,VARCHAR(50),True,Synthetic event subtype code for atm transaction.,synthetic_extension,False
bank_dwh,fact_atm_transaction,fact,payments,56,lifecycle_status_code,VARCHAR(50),True,Synthetic lifecycle status code for atm transaction.,synthetic_extension,False
bank_dwh,fact_atm_transaction,fact,payments,57,source_event_id,VARCHAR(100),True,Synthetic source event id for atm transaction.,synthetic_extension,False
bank_dwh,fact_card_authorization,fact,payments,1,card_authorization_fact_key,BIGINT,False,Synthetic surrogate key for fact_card_authorization.,structural,True
bank_dwh,fact_card_authorization,fact,payments,2,business_date_key,BIGINT,False,Business date of this fact row.,structural,False
bank_dwh,fact_card_authorization,fact,payments,3,customer_key,BIGINT,True,Optional key to dim_customer.,relationship,False
bank_dwh,fact_card_authorization,fact,payments,4,account_key,BIGINT,True,Optional key to dim_account.,relationship,False
bank_dwh,fact_card_authorization,fact,payments,5,payment_type_key,BIGINT,True,Optional key to dim_payment_type.,relationship,False
bank_dwh,fact_card_authorization,fact,payments,6,payment_network_key,BIGINT,True,Optional key to dim_payment_network.,relationship,False
bank_dwh,fact_card_authorization,fact,payments,7,merchant_key,BIGINT,True,Optional key to dim_merchant.,relationship,False
bank_dwh,fact_card_authorization,fact,payments,8,channel_key,BIGINT,True,Optional key to dim_channel.,relationship,False
bank_dwh,fact_card_authorization,fact,payments,9,currency_key,BIGINT,True,Optional key to dim_currency.,relationship,False
bank_dwh,fact_card_authorization,fact,payments,10,branch_key,BIGINT,True,Optional key to dim_branch.,relationship,False
bank_dwh,fact_card_authorization,fact,payments,11,card_product_key,BIGINT,True,Optional key to dim_card_product.,relationship,False
bank_dwh,fact_card_authorization,fact,payments,12,source_system_code,VARCHAR(50),True,Source system code for this card authorization fact.,structural,False
bank_dwh,fact_card_authorization,fact,payments,13,source_record_id,VARCHAR(100),True,Source record id for this card authorization fact.,structural,False
bank_dwh,fact_card_authorization,fact,payments,14,ingested_at,TIMESTAMPTZ,True,Ingested at for this card authorization fact.,structural,False
bank_dwh,fact_card_authorization,fact,payments,15,updated_at,TIMESTAMPTZ,True,Updated at for this card authorization fact.,structural,False
bank_dwh,fact_card_authorization,fact,payments,16,record_hash,VARCHAR(100),True,Record hash for this card authorization fact.,structural,False
bank_dwh,fact_card_authorization,fact,payments,17,data_quality_status_code,VARCHAR(50),True,Data quality status code for this card authorization fact.,structural,False
bank_dwh,fact_card_authorization,fact,payments,18,load_batch_id,VARCHAR(100),True,Load batch id for this card authorization fact.,structural,False
bank_dwh,fact_card_authorization,fact,payments,19,event_id,VARCHAR(100),True,Event id for this card authorization fact.,structural,False
bank_dwh,fact_card_authorization,fact,payments,20,event_status_code,VARCHAR(50),True,Event status code for this card authorization fact.,structural,False
bank_dwh,fact_card_authorization,fact,payments,21,currency_code,VARCHAR(50),True,Currency code for this card authorization fact.,structural,False
bank_dwh,fact_card_authorization,fact,payments,22,payment_id,VARCHAR(100),True,Synthetic payment id for card authorization.,synthetic_extension,False
bank_dwh,fact_card_authorization,fact,payments,23,payment_reference,TEXT,True,Synthetic payment reference for card authorization.,synthetic_extension,False
bank_dwh,fact_card_authorization,fact,payments,24,payment_method_code,VARCHAR(50),True,Synthetic payment method code for card authorization.,synthetic_extension,False
bank_dwh,fact_card_authorization,fact,payments,25,payment_rail_code,VARCHAR(50),True,Synthetic payment rail code for card authorization.,synthetic_extension,False
bank_dwh,fact_card_authorization,fact,payments,26,payment_status_code,VARCHAR(50),True,Synthetic payment status code for card authorization.,synthetic_extension,False
bank_dwh,fact_card_authorization,fact,payments,27,originator_id,VARCHAR(100),True,Synthetic originator id for card authorization.,synthetic_extension,False
bank_dwh,fact_card_authorization,fact,payments,28,beneficiary_id,VARCHAR(100),True,Synthetic beneficiary id for card authorization.,synthetic_extension,False
bank_dwh,fact_card_authorization,fact,payments,29,originator_account_hash,VARCHAR(100),True,Synthetic originator account hash for card authorization.,synthetic_extension,False
bank_dwh,fact_card_authorization,fact,payments,30,beneficiary_account_hash,VARCHAR(100),True,Synthetic beneficiary account hash for card authorization.,synthetic_extension,False
bank_dwh,fact_card_authorization,fact,payments,31,initiated_at,TIMESTAMPTZ,True,Synthetic initiated at for card authorization.,synthetic_extension,False
bank_dwh,fact_card_authorization,fact,payments,32,authorized_at,TIMESTAMPTZ,True,Synthetic authorized at for card authorization.,synthetic_extension,False
bank_dwh,fact_card_authorization,fact,payments,33,clearing_at,TIMESTAMPTZ,True,Synthetic clearing at for card authorization.,synthetic_extension,False
bank_dwh,fact_card_authorization,fact,payments,34,settled_at,TIMESTAMPTZ,True,Synthetic settled at for card authorization.,synthetic_extension,False
bank_dwh,fact_card_authorization,fact,payments,35,value_date_key,BIGINT,True,Synthetic value date key for card authorization.,synthetic_extension,False
bank_dwh,fact_card_authorization,fact,payments,36,settlement_date_key,BIGINT,True,Synthetic settlement date key for card authorization.,synthetic_extension,False
bank_dwh,fact_card_authorization,fact,payments,37,amount,VARCHAR(120),True,Synthetic amount for card authorization.,synthetic_extension,False
bank_dwh,fact_card_authorization,fact,payments,38,original_amount,"NUMERIC(20,4)",True,Synthetic original amount for card authorization.,synthetic_extension,False
bank_dwh,fact_card_authorization,fact,payments,39,settlement_amount,"NUMERIC(20,4)",True,Synthetic settlement amount for card authorization.,synthetic_extension,False
bank_dwh,fact_card_authorization,fact,payments,40,fee_amount,"NUMERIC(20,4)",True,Synthetic fee amount for card authorization.,synthetic_extension,False
bank_dwh,fact_card_authorization,fact,payments,41,interchange_amount,"NUMERIC(20,4)",True,Synthetic interchange amount for card authorization.,synthetic_extension,False
bank_dwh,fact_card_authorization,fact,payments,42,exchange_rate,"NUMERIC(14,8)",True,Synthetic exchange rate for card authorization.,synthetic_extension,False
bank_dwh,fact_card_authorization,fact,payments,43,original_currency_code,VARCHAR(50),True,Synthetic original currency code for card authorization.,synthetic_extension,False
bank_dwh,fact_card_authorization,fact,payments,44,settlement_currency_code,VARCHAR(50),True,Synthetic settlement currency code for card authorization.,synthetic_extension,False
bank_dwh,fact_card_authorization,fact,payments,45,payment_purpose_code,VARCHAR(50),True,Synthetic payment purpose code for card authorization.,synthetic_extension,False
bank_dwh,fact_card_authorization,fact,payments,46,remittance_reference,TEXT,True,Synthetic remittance reference for card authorization.,synthetic_extension,False
bank_dwh,fact_card_authorization,fact,payments,47,clearing_reference_id,VARCHAR(100),True,Synthetic clearing reference id for card authorization.,synthetic_extension,False
bank_dwh,fact_card_authorization,fact,payments,48,network_reference_id,VARCHAR(100),True,Synthetic network reference id for card authorization.,synthetic_extension,False
bank_dwh,fact_card_authorization,fact,payments,49,return_reason_code,VARCHAR(50),True,Synthetic return reason code for card authorization.,synthetic_extension,False
bank_dwh,fact_card_authorization,fact,payments,50,rejection_reason_code,VARCHAR(50),True,Synthetic rejection reason code for card authorization.,synthetic_extension,False
bank_dwh,fact_card_authorization,fact,payments,51,is_returned,BOOLEAN,True,Synthetic is returned for card authorization.,synthetic_extension,False
bank_dwh,fact_card_authorization,fact,payments,52,is_cross_border,BOOLEAN,True,Synthetic is cross border for card authorization.,synthetic_extension,False
bank_dwh,fact_card_authorization,fact,payments,53,is_high_priority,BOOLEAN,True,Synthetic is high priority for card authorization.,synthetic_extension,False
bank_dwh,fact_card_authorization,fact,payments,54,processing_duration_seconds_count,BIGINT,True,Synthetic processing duration seconds count for card authorization.,synthetic_extension,False
bank_dwh,fact_card_clearing,fact,payments,1,card_clearing_fact_key,BIGINT,False,Synthetic surrogate key for fact_card_clearing.,structural,True
bank_dwh,fact_card_clearing,fact,payments,2,business_date_key,BIGINT,False,Business date of this fact row.,structural,False
bank_dwh,fact_card_clearing,fact,payments,3,customer_key,BIGINT,True,Optional key to dim_customer.,relationship,False
bank_dwh,fact_card_clearing,fact,payments,4,account_key,BIGINT,True,Optional key to dim_account.,relationship,False
bank_dwh,fact_card_clearing,fact,payments,5,payment_type_key,BIGINT,True,Optional key to dim_payment_type.,relationship,False
bank_dwh,fact_card_clearing,fact,payments,6,payment_network_key,BIGINT,True,Optional key to dim_payment_network.,relationship,False
bank_dwh,fact_card_clearing,fact,payments,7,merchant_key,BIGINT,True,Optional key to dim_merchant.,relationship,False
bank_dwh,fact_card_clearing,fact,payments,8,channel_key,BIGINT,True,Optional key to dim_channel.,relationship,False
bank_dwh,fact_card_clearing,fact,payments,9,currency_key,BIGINT,True,Optional key to dim_currency.,relationship,False
bank_dwh,fact_card_clearing,fact,payments,10,branch_key,BIGINT,True,Optional key to dim_branch.,relationship,False
bank_dwh,fact_card_clearing,fact,payments,11,card_product_key,BIGINT,True,Optional key to dim_card_product.,relationship,False
bank_dwh,fact_card_clearing,fact,payments,12,source_system_code,VARCHAR(50),True,Source system code for this card clearing fact.,structural,False
bank_dwh,fact_card_clearing,fact,payments,13,source_record_id,VARCHAR(100),True,Source record id for this card clearing fact.,structural,False
bank_dwh,fact_card_clearing,fact,payments,14,ingested_at,TIMESTAMPTZ,True,Ingested at for this card clearing fact.,structural,False
bank_dwh,fact_card_clearing,fact,payments,15,updated_at,TIMESTAMPTZ,True,Updated at for this card clearing fact.,structural,False
bank_dwh,fact_card_clearing,fact,payments,16,record_hash,VARCHAR(100),True,Record hash for this card clearing fact.,structural,False
bank_dwh,fact_card_clearing,fact,payments,17,data_quality_status_code,VARCHAR(50),True,Data quality status code for this card clearing fact.,structural,False
bank_dwh,fact_card_clearing,fact,payments,18,load_batch_id,VARCHAR(100),True,Load batch id for this card clearing fact.,structural,False
bank_dwh,fact_card_clearing,fact,payments,19,event_id,VARCHAR(100),True,Event id for this card clearing fact.,structural,False
bank_dwh,fact_card_clearing,fact,payments,20,event_status_code,VARCHAR(50),True,Event status code for this card clearing fact.,structural,False
bank_dwh,fact_card_clearing,fact,payments,21,currency_code,VARCHAR(50),True,Currency code for this card clearing fact.,structural,False
bank_dwh,fact_card_clearing,fact,payments,22,payment_id,VARCHAR(100),True,Synthetic payment id for card clearing.,synthetic_extension,False
bank_dwh,fact_card_clearing,fact,payments,23,payment_reference,TEXT,True,Synthetic payment reference for card clearing.,synthetic_extension,False
bank_dwh,fact_card_clearing,fact,payments,24,payment_method_code,VARCHAR(50),True,Synthetic payment method code for card clearing.,synthetic_extension,False
bank_dwh,fact_card_clearing,fact,payments,25,payment_rail_code,VARCHAR(50),True,Synthetic payment rail code for card clearing.,synthetic_extension,False
bank_dwh,fact_card_clearing,fact,payments,26,payment_status_code,VARCHAR(50),True,Synthetic payment status code for card clearing.,synthetic_extension,False
bank_dwh,fact_card_clearing,fact,payments,27,originator_id,VARCHAR(100),True,Synthetic originator id for card clearing.,synthetic_extension,False
bank_dwh,fact_card_clearing,fact,payments,28,beneficiary_id,VARCHAR(100),True,Synthetic beneficiary id for card clearing.,synthetic_extension,False
bank_dwh,fact_card_clearing,fact,payments,29,originator_account_hash,VARCHAR(100),True,Synthetic originator account hash for card clearing.,synthetic_extension,False
bank_dwh,fact_card_clearing,fact,payments,30,beneficiary_account_hash,VARCHAR(100),True,Synthetic beneficiary account hash for card clearing.,synthetic_extension,False
bank_dwh,fact_card_clearing,fact,payments,31,initiated_at,TIMESTAMPTZ,True,Synthetic initiated at for card clearing.,synthetic_extension,False
bank_dwh,fact_card_clearing,fact,payments,32,authorized_at,TIMESTAMPTZ,True,Synthetic authorized at for card clearing.,synthetic_extension,False
bank_dwh,fact_card_clearing,fact,payments,33,clearing_at,TIMESTAMPTZ,True,Synthetic clearing at for card clearing.,synthetic_extension,False
bank_dwh,fact_card_clearing,fact,payments,34,settled_at,TIMESTAMPTZ,True,Synthetic settled at for card clearing.,synthetic_extension,False
bank_dwh,fact_card_clearing,fact,payments,35,value_date_key,BIGINT,True,Synthetic value date key for card clearing.,synthetic_extension,False
bank_dwh,fact_card_clearing,fact,payments,36,settlement_date_key,BIGINT,True,Synthetic settlement date key for card clearing.,synthetic_extension,False
bank_dwh,fact_card_clearing,fact,payments,37,amount,VARCHAR(120),True,Synthetic amount for card clearing.,synthetic_extension,False
bank_dwh,fact_card_clearing,fact,payments,38,original_amount,"NUMERIC(20,4)",True,Synthetic original amount for card clearing.,synthetic_extension,False
bank_dwh,fact_card_clearing,fact,payments,39,settlement_amount,"NUMERIC(20,4)",True,Synthetic settlement amount for card clearing.,synthetic_extension,False
bank_dwh,fact_card_clearing,fact,payments,40,fee_amount,"NUMERIC(20,4)",True,Synthetic fee amount for card clearing.,synthetic_extension,False
bank_dwh,fact_card_clearing,fact,payments,41,interchange_amount,"NUMERIC(20,4)",True,Synthetic interchange amount for card clearing.,synthetic_extension,False
bank_dwh,fact_card_clearing,fact,payments,42,exchange_rate,"NUMERIC(14,8)",True,Synthetic exchange rate for card clearing.,synthetic_extension,False
bank_dwh,fact_card_clearing,fact,payments,43,original_currency_code,VARCHAR(50),True,Synthetic original currency code for card clearing.,synthetic_extension,False
bank_dwh,fact_card_clearing,fact,payments,44,settlement_currency_code,VARCHAR(50),True,Synthetic settlement currency code for card clearing.,synthetic_extension,False
bank_dwh,fact_card_clearing,fact,payments,45,payment_purpose_code,VARCHAR(50),True,Synthetic payment purpose code for card clearing.,synthetic_extension,False
bank_dwh,fact_card_clearing,fact,payments,46,remittance_reference,TEXT,True,Synthetic remittance reference for card clearing.,synthetic_extension,False
bank_dwh,fact_card_clearing,fact,payments,47,clearing_reference_id,VARCHAR(100),True,Synthetic clearing reference id for card clearing.,synthetic_extension,False
bank_dwh,fact_card_clearing,fact,payments,48,network_reference_id,VARCHAR(100),True,Synthetic network reference id for card clearing.,synthetic_extension,False
bank_dwh,fact_card_clearing,fact,payments,49,return_reason_code,VARCHAR(50),True,Synthetic return reason code for card clearing.,synthetic_extension,False
bank_dwh,fact_card_clearing,fact,payments,50,rejection_reason_code,VARCHAR(50),True,Synthetic rejection reason code for card clearing.,synthetic_extension,False
bank_dwh,fact_card_clearing,fact,payments,51,is_returned,BOOLEAN,True,Synthetic is returned for card clearing.,synthetic_extension,False
bank_dwh,fact_card_clearing,fact,payments,52,is_cross_border,BOOLEAN,True,Synthetic is cross border for card clearing.,synthetic_extension,False
bank_dwh,fact_card_clearing,fact,payments,53,is_high_priority,BOOLEAN,True,Synthetic is high priority for card clearing.,synthetic_extension,False
bank_dwh,fact_card_clearing,fact,payments,54,processing_duration_seconds_count,BIGINT,True,Synthetic processing duration seconds count for card clearing.,synthetic_extension,False
bank_dwh,fact_card_balance_daily,fact,cards,1,card_balance_daily_fact_key,BIGINT,False,Synthetic surrogate key for fact_card_balance_daily.,structural,True
bank_dwh,fact_card_balance_daily,fact,cards,2,business_date_key,BIGINT,False,Business date of this fact row.,structural,False
bank_dwh,fact_card_balance_daily,fact,cards,3,customer_key,BIGINT,True,Optional key to dim_customer.,relationship,False
bank_dwh,fact_card_balance_daily,fact,cards,4,account_key,BIGINT,True,Optional key to dim_account.,relationship,False
bank_dwh,fact_card_balance_daily,fact,cards,5,card_product_key,BIGINT,True,Optional key to dim_card_product.,relationship,False
bank_dwh,fact_card_balance_daily,fact,cards,6,card_status_key,BIGINT,True,Optional key to dim_card_status.,relationship,False
bank_dwh,fact_card_balance_daily,fact,cards,7,merchant_key,BIGINT,True,Optional key to dim_merchant.,relationship,False
bank_dwh,fact_card_balance_daily,fact,cards,8,merchant_category_key,BIGINT,True,Optional key to dim_merchant_category.,relationship,False
bank_dwh,fact_card_balance_daily,fact,cards,9,channel_key,BIGINT,True,Optional key to dim_channel.,relationship,False
bank_dwh,fact_card_balance_daily,fact,cards,10,currency_key,BIGINT,True,Optional key to dim_currency.,relationship,False
bank_dwh,fact_card_balance_daily,fact,cards,11,source_system_code,VARCHAR(50),True,Source system code for this card balance daily fact.,structural,False
bank_dwh,fact_card_balance_daily,fact,cards,12,source_record_id,VARCHAR(100),True,Source record id for this card balance daily fact.,structural,False
bank_dwh,fact_card_balance_daily,fact,cards,13,ingested_at,TIMESTAMPTZ,True,Ingested at for this card balance daily fact.,structural,False
bank_dwh,fact_card_balance_daily,fact,cards,14,updated_at,TIMESTAMPTZ,True,Updated at for this card balance daily fact.,structural,False
bank_dwh,fact_card_balance_daily,fact,cards,15,record_hash,VARCHAR(100),True,Record hash for this card balance daily fact.,structural,False
bank_dwh,fact_card_balance_daily,fact,cards,16,data_quality_status_code,VARCHAR(50),True,Data quality status code for this card balance daily fact.,structural,False
bank_dwh,fact_card_balance_daily,fact,cards,17,load_batch_id,VARCHAR(100),True,Load batch id for this card balance daily fact.,structural,False
bank_dwh,fact_card_balance_daily,fact,cards,18,event_id,VARCHAR(100),True,Event id for this card balance daily fact.,structural,False
bank_dwh,fact_card_balance_daily,fact,cards,19,event_status_code,VARCHAR(50),True,Event status code for this card balance daily fact.,structural,False
bank_dwh,fact_card_balance_daily,fact,cards,20,currency_code,VARCHAR(50),True,Currency code for this card balance daily fact.,structural,False
bank_dwh,fact_card_balance_daily,fact,cards,21,card_token_hash,VARCHAR(100),True,Synthetic card token hash for card balance daily.,synthetic_extension,False
bank_dwh,fact_card_balance_daily,fact,cards,22,card_product_code,VARCHAR(50),True,Synthetic card product code for card balance daily.,synthetic_extension,False
bank_dwh,fact_card_balance_daily,fact,cards,23,card_network_code,VARCHAR(50),True,Synthetic card network code for card balance daily.,synthetic_extension,False
bank_dwh,fact_card_balance_daily,fact,cards,24,merchant_id,VARCHAR(100),True,Synthetic merchant id for card balance daily.,synthetic_extension,False
bank_dwh,fact_card_balance_daily,fact,cards,25,merchant_category_code,VARCHAR(50),True,Synthetic merchant category code for card balance daily.,synthetic_extension,False
bank_dwh,fact_card_balance_daily,fact,cards,26,merchant_country_code,VARCHAR(50),True,Synthetic merchant country code for card balance daily.,synthetic_extension,False
bank_dwh,fact_card_balance_daily,fact,cards,27,terminal_id,VARCHAR(100),True,Synthetic terminal id for card balance daily.,synthetic_extension,False
bank_dwh,fact_card_balance_daily,fact,cards,28,authorization_id,VARCHAR(100),True,Synthetic authorization id for card balance daily.,synthetic_extension,False
bank_dwh,fact_card_balance_daily,fact,cards,29,authorization_code,VARCHAR(50),True,Synthetic authorization code for card balance daily.,synthetic_extension,False
bank_dwh,fact_card_balance_daily,fact,cards,30,clearing_id,VARCHAR(100),True,Synthetic clearing id for card balance daily.,synthetic_extension,False
bank_dwh,fact_card_balance_daily,fact,cards,31,transaction_id,VARCHAR(100),True,Synthetic transaction id for card balance daily.,synthetic_extension,False
bank_dwh,fact_card_balance_daily,fact,cards,32,transaction_amount,"NUMERIC(20,4)",True,Synthetic transaction amount for card balance daily.,synthetic_extension,False
bank_dwh,fact_card_balance_daily,fact,cards,33,billing_amount,"NUMERIC(20,4)",True,Synthetic billing amount for card balance daily.,synthetic_extension,False
bank_dwh,fact_card_balance_daily,fact,cards,34,settlement_amount,"NUMERIC(20,4)",True,Synthetic settlement amount for card balance daily.,synthetic_extension,False
bank_dwh,fact_card_balance_daily,fact,cards,35,fee_amount,"NUMERIC(20,4)",True,Synthetic fee amount for card balance daily.,synthetic_extension,False
bank_dwh,fact_card_balance_daily,fact,cards,36,interchange_amount,"NUMERIC(20,4)",True,Synthetic interchange amount for card balance daily.,synthetic_extension,False
bank_dwh,fact_card_balance_daily,fact,cards,37,reward_amount,"NUMERIC(20,4)",True,Synthetic reward amount for card balance daily.,synthetic_extension,False
bank_dwh,fact_card_balance_daily,fact,cards,38,exchange_rate,"NUMERIC(14,8)",True,Synthetic exchange rate for card balance daily.,synthetic_extension,False
bank_dwh,fact_card_balance_daily,fact,cards,39,original_currency_code,VARCHAR(50),True,Synthetic original currency code for card balance daily.,synthetic_extension,False
bank_dwh,fact_card_balance_daily,fact,cards,40,billing_currency_code,VARCHAR(50),True,Synthetic billing currency code for card balance daily.,synthetic_extension,False
bank_dwh,fact_card_balance_daily,fact,cards,41,card_present_flag,BOOLEAN,True,Synthetic card present flag for card balance daily.,synthetic_extension,False
bank_dwh,fact_card_balance_daily,fact,cards,42,ecommerce_flag,BOOLEAN,True,Synthetic ecommerce flag for card balance daily.,synthetic_extension,False
bank_dwh,fact_card_balance_daily,fact,cards,43,tokenized_flag,BOOLEAN,True,Synthetic tokenized flag for card balance daily.,synthetic_extension,False
bank_dwh,fact_card_balance_daily,fact,cards,44,contactless_flag,BOOLEAN,True,Synthetic contactless flag for card balance daily.,synthetic_extension,False
bank_dwh,fact_card_balance_daily,fact,cards,45,authorization_result_code,VARCHAR(50),True,Synthetic authorization result code for card balance daily.,synthetic_extension,False
bank_dwh,fact_card_balance_daily,fact,cards,46,decline_reason_code,VARCHAR(50),True,Synthetic decline reason code for card balance daily.,synthetic_extension,False
bank_dwh,fact_card_balance_daily,fact,cards,47,dispute_reason_code,VARCHAR(50),True,Synthetic dispute reason code for card balance daily.,synthetic_extension,False
bank_dwh,fact_card_balance_daily,fact,cards,48,chargeback_stage_code,VARCHAR(50),True,Synthetic chargeback stage code for card balance daily.,synthetic_extension,False
bank_dwh,fact_card_balance_daily,fact,cards,49,fraud_score_value,VARCHAR(120),True,Synthetic fraud score value for card balance daily.,synthetic_extension,False
bank_dwh,fact_card_balance_daily,fact,cards,50,posted_at,TIMESTAMPTZ,True,Synthetic posted at for card balance daily.,synthetic_extension,False
bank_dwh,fact_card_balance_daily,fact,cards,51,settled_at,TIMESTAMPTZ,True,Synthetic settled at for card balance daily.,synthetic_extension,False
bank_dwh,fact_card_balance_daily,fact,cards,52,reversal_flag,BOOLEAN,True,Synthetic reversal flag for card balance daily.,synthetic_extension,False
bank_dwh,fact_card_balance_daily,fact,cards,53,event_type_code,VARCHAR(50),True,Synthetic event type code for card balance daily.,synthetic_extension,False
bank_dwh,fact_card_balance_daily,fact,cards,54,event_subtype_code,VARCHAR(50),True,Synthetic event subtype code for card balance daily.,synthetic_extension,False
bank_dwh,fact_card_balance_daily,fact,cards,55,lifecycle_status_code,VARCHAR(50),True,Synthetic lifecycle status code for card balance daily.,synthetic_extension,False
bank_dwh,fact_card_balance_daily,fact,cards,56,source_event_id,VARCHAR(100),True,Synthetic source event id for card balance daily.,synthetic_extension,False
bank_dwh,fact_card_balance_daily,fact,cards,57,source_file_id,VARCHAR(100),True,Synthetic source file id for card balance daily.,synthetic_extension,False
bank_dwh,fact_card_fee,fact,cards,1,card_fee_fact_key,BIGINT,False,Synthetic surrogate key for fact_card_fee.,structural,True
bank_dwh,fact_card_fee,fact,cards,2,business_date_key,BIGINT,False,Business date of this fact row.,structural,False
bank_dwh,fact_card_fee,fact,cards,3,customer_key,BIGINT,True,Optional key to dim_customer.,relationship,False
bank_dwh,fact_card_fee,fact,cards,4,account_key,BIGINT,True,Optional key to dim_account.,relationship,False
bank_dwh,fact_card_fee,fact,cards,5,card_product_key,BIGINT,True,Optional key to dim_card_product.,relationship,False
bank_dwh,fact_card_fee,fact,cards,6,card_status_key,BIGINT,True,Optional key to dim_card_status.,relationship,False
bank_dwh,fact_card_fee,fact,cards,7,merchant_key,BIGINT,True,Optional key to dim_merchant.,relationship,False
bank_dwh,fact_card_fee,fact,cards,8,merchant_category_key,BIGINT,True,Optional key to dim_merchant_category.,relationship,False
bank_dwh,fact_card_fee,fact,cards,9,channel_key,BIGINT,True,Optional key to dim_channel.,relationship,False
bank_dwh,fact_card_fee,fact,cards,10,currency_key,BIGINT,True,Optional key to dim_currency.,relationship,False
bank_dwh,fact_card_fee,fact,cards,11,source_system_code,VARCHAR(50),True,Source system code for this card fee fact.,structural,False
bank_dwh,fact_card_fee,fact,cards,12,source_record_id,VARCHAR(100),True,Source record id for this card fee fact.,structural,False
bank_dwh,fact_card_fee,fact,cards,13,ingested_at,TIMESTAMPTZ,True,Ingested at for this card fee fact.,structural,False
bank_dwh,fact_card_fee,fact,cards,14,updated_at,TIMESTAMPTZ,True,Updated at for this card fee fact.,structural,False
bank_dwh,fact_card_fee,fact,cards,15,record_hash,VARCHAR(100),True,Record hash for this card fee fact.,structural,False
bank_dwh,fact_card_fee,fact,cards,16,data_quality_status_code,VARCHAR(50),True,Data quality status code for this card fee fact.,structural,False
bank_dwh,fact_card_fee,fact,cards,17,load_batch_id,VARCHAR(100),True,Load batch id for this card fee fact.,structural,False
bank_dwh,fact_card_fee,fact,cards,18,event_id,VARCHAR(100),True,Event id for this card fee fact.,structural,False
bank_dwh,fact_card_fee,fact,cards,19,event_status_code,VARCHAR(50),True,Event status code for this card fee fact.,structural,False
bank_dwh,fact_card_fee,fact,cards,20,currency_code,VARCHAR(50),True,Currency code for this card fee fact.,structural,False
bank_dwh,fact_card_fee,fact,cards,21,card_token_hash,VARCHAR(100),True,Synthetic card token hash for card fee.,synthetic_extension,False
bank_dwh,fact_card_fee,fact,cards,22,card_product_code,VARCHAR(50),True,Synthetic card product code for card fee.,synthetic_extension,False
bank_dwh,fact_card_fee,fact,cards,23,card_network_code,VARCHAR(50),True,Synthetic card network code for card fee.,synthetic_extension,False
bank_dwh,fact_card_fee,fact,cards,24,merchant_id,VARCHAR(100),True,Synthetic merchant id for card fee.,synthetic_extension,False
bank_dwh,fact_card_fee,fact,cards,25,merchant_category_code,VARCHAR(50),True,Synthetic merchant category code for card fee.,synthetic_extension,False
bank_dwh,fact_card_fee,fact,cards,26,merchant_country_code,VARCHAR(50),True,Synthetic merchant country code for card fee.,synthetic_extension,False
bank_dwh,fact_card_fee,fact,cards,27,terminal_id,VARCHAR(100),True,Synthetic terminal id for card fee.,synthetic_extension,False
bank_dwh,fact_card_fee,fact,cards,28,authorization_id,VARCHAR(100),True,Synthetic authorization id for card fee.,synthetic_extension,False
bank_dwh,fact_card_fee,fact,cards,29,authorization_code,VARCHAR(50),True,Synthetic authorization code for card fee.,synthetic_extension,False
bank_dwh,fact_card_fee,fact,cards,30,clearing_id,VARCHAR(100),True,Synthetic clearing id for card fee.,synthetic_extension,False
bank_dwh,fact_card_fee,fact,cards,31,transaction_id,VARCHAR(100),True,Synthetic transaction id for card fee.,synthetic_extension,False
bank_dwh,fact_card_fee,fact,cards,32,transaction_amount,"NUMERIC(20,4)",True,Synthetic transaction amount for card fee.,synthetic_extension,False
bank_dwh,fact_card_fee,fact,cards,33,billing_amount,"NUMERIC(20,4)",True,Synthetic billing amount for card fee.,synthetic_extension,False
bank_dwh,fact_card_fee,fact,cards,34,settlement_amount,"NUMERIC(20,4)",True,Synthetic settlement amount for card fee.,synthetic_extension,False
bank_dwh,fact_card_fee,fact,cards,35,fee_amount,"NUMERIC(20,4)",True,Synthetic fee amount for card fee.,synthetic_extension,False
bank_dwh,fact_card_fee,fact,cards,36,interchange_amount,"NUMERIC(20,4)",True,Synthetic interchange amount for card fee.,synthetic_extension,False
bank_dwh,fact_card_fee,fact,cards,37,reward_amount,"NUMERIC(20,4)",True,Synthetic reward amount for card fee.,synthetic_extension,False
bank_dwh,fact_card_fee,fact,cards,38,exchange_rate,"NUMERIC(14,8)",True,Synthetic exchange rate for card fee.,synthetic_extension,False
bank_dwh,fact_card_fee,fact,cards,39,original_currency_code,VARCHAR(50),True,Synthetic original currency code for card fee.,synthetic_extension,False
bank_dwh,fact_card_fee,fact,cards,40,billing_currency_code,VARCHAR(50),True,Synthetic billing currency code for card fee.,synthetic_extension,False
bank_dwh,fact_card_fee,fact,cards,41,card_present_flag,BOOLEAN,True,Synthetic card present flag for card fee.,synthetic_extension,False
bank_dwh,fact_card_fee,fact,cards,42,ecommerce_flag,BOOLEAN,True,Synthetic ecommerce flag for card fee.,synthetic_extension,False
bank_dwh,fact_card_fee,fact,cards,43,tokenized_flag,BOOLEAN,True,Synthetic tokenized flag for card fee.,synthetic_extension,False
bank_dwh,fact_card_fee,fact,cards,44,contactless_flag,BOOLEAN,True,Synthetic contactless flag for card fee.,synthetic_extension,False
bank_dwh,fact_card_fee,fact,cards,45,authorization_result_code,VARCHAR(50),True,Synthetic authorization result code for card fee.,synthetic_extension,False
bank_dwh,fact_card_fee,fact,cards,46,decline_reason_code,VARCHAR(50),True,Synthetic decline reason code for card fee.,synthetic_extension,False
bank_dwh,fact_card_fee,fact,cards,47,dispute_reason_code,VARCHAR(50),True,Synthetic dispute reason code for card fee.,synthetic_extension,False
bank_dwh,fact_card_fee,fact,cards,48,chargeback_stage_code,VARCHAR(50),True,Synthetic chargeback stage code for card fee.,synthetic_extension,False
bank_dwh,fact_card_fee,fact,cards,49,fraud_score_value,VARCHAR(120),True,Synthetic fraud score value for card fee.,synthetic_extension,False
bank_dwh,fact_card_fee,fact,cards,50,posted_at,TIMESTAMPTZ,True,Synthetic posted at for card fee.,synthetic_extension,False
bank_dwh,fact_card_fee,fact,cards,51,settled_at,TIMESTAMPTZ,True,Synthetic settled at for card fee.,synthetic_extension,False
bank_dwh,fact_card_fee,fact,cards,52,reversal_flag,BOOLEAN,True,Synthetic reversal flag for card fee.,synthetic_extension,False
bank_dwh,fact_card_fee,fact,cards,53,event_type_code,VARCHAR(50),True,Synthetic event type code for card fee.,synthetic_extension,False
bank_dwh,fact_card_fee,fact,cards,54,event_subtype_code,VARCHAR(50),True,Synthetic event subtype code for card fee.,synthetic_extension,False
bank_dwh,fact_card_dispute,fact,cards,1,card_dispute_fact_key,BIGINT,False,Synthetic surrogate key for fact_card_dispute.,structural,True
bank_dwh,fact_card_dispute,fact,cards,2,business_date_key,BIGINT,False,Business date of this fact row.,structural,False
bank_dwh,fact_card_dispute,fact,cards,3,customer_key,BIGINT,True,Optional key to dim_customer.,relationship,False
bank_dwh,fact_card_dispute,fact,cards,4,account_key,BIGINT,True,Optional key to dim_account.,relationship,False
bank_dwh,fact_card_dispute,fact,cards,5,card_product_key,BIGINT,True,Optional key to dim_card_product.,relationship,False
bank_dwh,fact_card_dispute,fact,cards,6,card_status_key,BIGINT,True,Optional key to dim_card_status.,relationship,False
bank_dwh,fact_card_dispute,fact,cards,7,merchant_key,BIGINT,True,Optional key to dim_merchant.,relationship,False
bank_dwh,fact_card_dispute,fact,cards,8,merchant_category_key,BIGINT,True,Optional key to dim_merchant_category.,relationship,False
bank_dwh,fact_card_dispute,fact,cards,9,channel_key,BIGINT,True,Optional key to dim_channel.,relationship,False
bank_dwh,fact_card_dispute,fact,cards,10,currency_key,BIGINT,True,Optional key to dim_currency.,relationship,False
bank_dwh,fact_card_dispute,fact,cards,11,source_system_code,VARCHAR(50),True,Source system code for this card dispute fact.,structural,False
bank_dwh,fact_card_dispute,fact,cards,12,source_record_id,VARCHAR(100),True,Source record id for this card dispute fact.,structural,False
bank_dwh,fact_card_dispute,fact,cards,13,ingested_at,TIMESTAMPTZ,True,Ingested at for this card dispute fact.,structural,False
bank_dwh,fact_card_dispute,fact,cards,14,updated_at,TIMESTAMPTZ,True,Updated at for this card dispute fact.,structural,False
bank_dwh,fact_card_dispute,fact,cards,15,record_hash,VARCHAR(100),True,Record hash for this card dispute fact.,structural,False
bank_dwh,fact_card_dispute,fact,cards,16,data_quality_status_code,VARCHAR(50),True,Data quality status code for this card dispute fact.,structural,False
bank_dwh,fact_card_dispute,fact,cards,17,load_batch_id,VARCHAR(100),True,Load batch id for this card dispute fact.,structural,False
bank_dwh,fact_card_dispute,fact,cards,18,event_id,VARCHAR(100),True,Event id for this card dispute fact.,structural,False
bank_dwh,fact_card_dispute,fact,cards,19,event_status_code,VARCHAR(50),True,Event status code for this card dispute fact.,structural,False
bank_dwh,fact_card_dispute,fact,cards,20,currency_code,VARCHAR(50),True,Currency code for this card dispute fact.,structural,False
bank_dwh,fact_card_dispute,fact,cards,21,card_token_hash,VARCHAR(100),True,Synthetic card token hash for card dispute.,synthetic_extension,False
bank_dwh,fact_card_dispute,fact,cards,22,card_product_code,VARCHAR(50),True,Synthetic card product code for card dispute.,synthetic_extension,False
bank_dwh,fact_card_dispute,fact,cards,23,card_network_code,VARCHAR(50),True,Synthetic card network code for card dispute.,synthetic_extension,False
bank_dwh,fact_card_dispute,fact,cards,24,merchant_id,VARCHAR(100),True,Synthetic merchant id for card dispute.,synthetic_extension,False
bank_dwh,fact_card_dispute,fact,cards,25,merchant_category_code,VARCHAR(50),True,Synthetic merchant category code for card dispute.,synthetic_extension,False
bank_dwh,fact_card_dispute,fact,cards,26,merchant_country_code,VARCHAR(50),True,Synthetic merchant country code for card dispute.,synthetic_extension,False
bank_dwh,fact_card_dispute,fact,cards,27,terminal_id,VARCHAR(100),True,Synthetic terminal id for card dispute.,synthetic_extension,False
bank_dwh,fact_card_dispute,fact,cards,28,authorization_id,VARCHAR(100),True,Synthetic authorization id for card dispute.,synthetic_extension,False
bank_dwh,fact_card_dispute,fact,cards,29,authorization_code,VARCHAR(50),True,Synthetic authorization code for card dispute.,synthetic_extension,False
bank_dwh,fact_card_dispute,fact,cards,30,clearing_id,VARCHAR(100),True,Synthetic clearing id for card dispute.,synthetic_extension,False
bank_dwh,fact_card_dispute,fact,cards,31,transaction_id,VARCHAR(100),True,Synthetic transaction id for card dispute.,synthetic_extension,False
bank_dwh,fact_card_dispute,fact,cards,32,transaction_amount,"NUMERIC(20,4)",True,Synthetic transaction amount for card dispute.,synthetic_extension,False
bank_dwh,fact_card_dispute,fact,cards,33,billing_amount,"NUMERIC(20,4)",True,Synthetic billing amount for card dispute.,synthetic_extension,False
bank_dwh,fact_card_dispute,fact,cards,34,settlement_amount,"NUMERIC(20,4)",True,Synthetic settlement amount for card dispute.,synthetic_extension,False
bank_dwh,fact_card_dispute,fact,cards,35,fee_amount,"NUMERIC(20,4)",True,Synthetic fee amount for card dispute.,synthetic_extension,False
bank_dwh,fact_card_dispute,fact,cards,36,interchange_amount,"NUMERIC(20,4)",True,Synthetic interchange amount for card dispute.,synthetic_extension,False
bank_dwh,fact_card_dispute,fact,cards,37,reward_amount,"NUMERIC(20,4)",True,Synthetic reward amount for card dispute.,synthetic_extension,False
bank_dwh,fact_card_dispute,fact,cards,38,exchange_rate,"NUMERIC(14,8)",True,Synthetic exchange rate for card dispute.,synthetic_extension,False
bank_dwh,fact_card_dispute,fact,cards,39,original_currency_code,VARCHAR(50),True,Synthetic original currency code for card dispute.,synthetic_extension,False
bank_dwh,fact_card_dispute,fact,cards,40,billing_currency_code,VARCHAR(50),True,Synthetic billing currency code for card dispute.,synthetic_extension,False
bank_dwh,fact_card_dispute,fact,cards,41,card_present_flag,BOOLEAN,True,Synthetic card present flag for card dispute.,synthetic_extension,False
bank_dwh,fact_card_dispute,fact,cards,42,ecommerce_flag,BOOLEAN,True,Synthetic ecommerce flag for card dispute.,synthetic_extension,False
bank_dwh,fact_card_dispute,fact,cards,43,tokenized_flag,BOOLEAN,True,Synthetic tokenized flag for card dispute.,synthetic_extension,False
bank_dwh,fact_card_dispute,fact,cards,44,contactless_flag,BOOLEAN,True,Synthetic contactless flag for card dispute.,synthetic_extension,False
bank_dwh,fact_card_dispute,fact,cards,45,authorization_result_code,VARCHAR(50),True,Synthetic authorization result code for card dispute.,synthetic_extension,False
bank_dwh,fact_card_dispute,fact,cards,46,decline_reason_code,VARCHAR(50),True,Synthetic decline reason code for card dispute.,synthetic_extension,False
bank_dwh,fact_card_dispute,fact,cards,47,dispute_reason_code,VARCHAR(50),True,Synthetic dispute reason code for card dispute.,synthetic_extension,False
bank_dwh,fact_card_dispute,fact,cards,48,chargeback_stage_code,VARCHAR(50),True,Synthetic chargeback stage code for card dispute.,synthetic_extension,False
bank_dwh,fact_card_dispute,fact,cards,49,fraud_score_value,VARCHAR(120),True,Synthetic fraud score value for card dispute.,synthetic_extension,False
bank_dwh,fact_card_dispute,fact,cards,50,posted_at,TIMESTAMPTZ,True,Synthetic posted at for card dispute.,synthetic_extension,False
bank_dwh,fact_card_dispute,fact,cards,51,settled_at,TIMESTAMPTZ,True,Synthetic settled at for card dispute.,synthetic_extension,False
bank_dwh,fact_card_dispute,fact,cards,52,reversal_flag,BOOLEAN,True,Synthetic reversal flag for card dispute.,synthetic_extension,False
bank_dwh,fact_card_dispute,fact,cards,53,event_type_code,VARCHAR(50),True,Synthetic event type code for card dispute.,synthetic_extension,False
bank_dwh,fact_card_dispute,fact,cards,54,event_subtype_code,VARCHAR(50),True,Synthetic event subtype code for card dispute.,synthetic_extension,False
bank_dwh,fact_card_chargeback,fact,cards,1,card_chargeback_fact_key,BIGINT,False,Synthetic surrogate key for fact_card_chargeback.,structural,True
bank_dwh,fact_card_chargeback,fact,cards,2,business_date_key,BIGINT,False,Business date of this fact row.,structural,False
bank_dwh,fact_card_chargeback,fact,cards,3,customer_key,BIGINT,True,Optional key to dim_customer.,relationship,False
bank_dwh,fact_card_chargeback,fact,cards,4,account_key,BIGINT,True,Optional key to dim_account.,relationship,False
bank_dwh,fact_card_chargeback,fact,cards,5,card_product_key,BIGINT,True,Optional key to dim_card_product.,relationship,False
bank_dwh,fact_card_chargeback,fact,cards,6,card_status_key,BIGINT,True,Optional key to dim_card_status.,relationship,False
bank_dwh,fact_card_chargeback,fact,cards,7,merchant_key,BIGINT,True,Optional key to dim_merchant.,relationship,False
bank_dwh,fact_card_chargeback,fact,cards,8,merchant_category_key,BIGINT,True,Optional key to dim_merchant_category.,relationship,False
bank_dwh,fact_card_chargeback,fact,cards,9,channel_key,BIGINT,True,Optional key to dim_channel.,relationship,False
bank_dwh,fact_card_chargeback,fact,cards,10,currency_key,BIGINT,True,Optional key to dim_currency.,relationship,False
bank_dwh,fact_card_chargeback,fact,cards,11,source_system_code,VARCHAR(50),True,Source system code for this card chargeback fact.,structural,False
bank_dwh,fact_card_chargeback,fact,cards,12,source_record_id,VARCHAR(100),True,Source record id for this card chargeback fact.,structural,False
bank_dwh,fact_card_chargeback,fact,cards,13,ingested_at,TIMESTAMPTZ,True,Ingested at for this card chargeback fact.,structural,False
bank_dwh,fact_card_chargeback,fact,cards,14,updated_at,TIMESTAMPTZ,True,Updated at for this card chargeback fact.,structural,False
bank_dwh,fact_card_chargeback,fact,cards,15,record_hash,VARCHAR(100),True,Record hash for this card chargeback fact.,structural,False
bank_dwh,fact_card_chargeback,fact,cards,16,data_quality_status_code,VARCHAR(50),True,Data quality status code for this card chargeback fact.,structural,False
bank_dwh,fact_card_chargeback,fact,cards,17,load_batch_id,VARCHAR(100),True,Load batch id for this card chargeback fact.,structural,False
bank_dwh,fact_card_chargeback,fact,cards,18,event_id,VARCHAR(100),True,Event id for this card chargeback fact.,structural,False
bank_dwh,fact_card_chargeback,fact,cards,19,event_status_code,VARCHAR(50),True,Event status code for this card chargeback fact.,structural,False
bank_dwh,fact_card_chargeback,fact,cards,20,currency_code,VARCHAR(50),True,Currency code for this card chargeback fact.,structural,False
bank_dwh,fact_card_chargeback,fact,cards,21,card_token_hash,VARCHAR(100),True,Synthetic card token hash for card chargeback.,synthetic_extension,False
bank_dwh,fact_card_chargeback,fact,cards,22,card_product_code,VARCHAR(50),True,Synthetic card product code for card chargeback.,synthetic_extension,False
bank_dwh,fact_card_chargeback,fact,cards,23,card_network_code,VARCHAR(50),True,Synthetic card network code for card chargeback.,synthetic_extension,False
bank_dwh,fact_card_chargeback,fact,cards,24,merchant_id,VARCHAR(100),True,Synthetic merchant id for card chargeback.,synthetic_extension,False
bank_dwh,fact_card_chargeback,fact,cards,25,merchant_category_code,VARCHAR(50),True,Synthetic merchant category code for card chargeback.,synthetic_extension,False
bank_dwh,fact_card_chargeback,fact,cards,26,merchant_country_code,VARCHAR(50),True,Synthetic merchant country code for card chargeback.,synthetic_extension,False
bank_dwh,fact_card_chargeback,fact,cards,27,terminal_id,VARCHAR(100),True,Synthetic terminal id for card chargeback.,synthetic_extension,False
bank_dwh,fact_card_chargeback,fact,cards,28,authorization_id,VARCHAR(100),True,Synthetic authorization id for card chargeback.,synthetic_extension,False
bank_dwh,fact_card_chargeback,fact,cards,29,authorization_code,VARCHAR(50),True,Synthetic authorization code for card chargeback.,synthetic_extension,False
bank_dwh,fact_card_chargeback,fact,cards,30,clearing_id,VARCHAR(100),True,Synthetic clearing id for card chargeback.,synthetic_extension,False
bank_dwh,fact_card_chargeback,fact,cards,31,transaction_id,VARCHAR(100),True,Synthetic transaction id for card chargeback.,synthetic_extension,False
bank_dwh,fact_card_chargeback,fact,cards,32,transaction_amount,"NUMERIC(20,4)",True,Synthetic transaction amount for card chargeback.,synthetic_extension,False
bank_dwh,fact_card_chargeback,fact,cards,33,billing_amount,"NUMERIC(20,4)",True,Synthetic billing amount for card chargeback.,synthetic_extension,False
bank_dwh,fact_card_chargeback,fact,cards,34,settlement_amount,"NUMERIC(20,4)",True,Synthetic settlement amount for card chargeback.,synthetic_extension,False
bank_dwh,fact_card_chargeback,fact,cards,35,fee_amount,"NUMERIC(20,4)",True,Synthetic fee amount for card chargeback.,synthetic_extension,False
bank_dwh,fact_card_chargeback,fact,cards,36,interchange_amount,"NUMERIC(20,4)",True,Synthetic interchange amount for card chargeback.,synthetic_extension,False
bank_dwh,fact_card_chargeback,fact,cards,37,reward_amount,"NUMERIC(20,4)",True,Synthetic reward amount for card chargeback.,synthetic_extension,False
bank_dwh,fact_card_chargeback,fact,cards,38,exchange_rate,"NUMERIC(14,8)",True,Synthetic exchange rate for card chargeback.,synthetic_extension,False
bank_dwh,fact_card_chargeback,fact,cards,39,original_currency_code,VARCHAR(50),True,Synthetic original currency code for card chargeback.,synthetic_extension,False
bank_dwh,fact_card_chargeback,fact,cards,40,billing_currency_code,VARCHAR(50),True,Synthetic billing currency code for card chargeback.,synthetic_extension,False
bank_dwh,fact_card_chargeback,fact,cards,41,card_present_flag,BOOLEAN,True,Synthetic card present flag for card chargeback.,synthetic_extension,False
bank_dwh,fact_card_chargeback,fact,cards,42,ecommerce_flag,BOOLEAN,True,Synthetic ecommerce flag for card chargeback.,synthetic_extension,False
bank_dwh,fact_card_chargeback,fact,cards,43,tokenized_flag,BOOLEAN,True,Synthetic tokenized flag for card chargeback.,synthetic_extension,False
bank_dwh,fact_card_chargeback,fact,cards,44,contactless_flag,BOOLEAN,True,Synthetic contactless flag for card chargeback.,synthetic_extension,False
bank_dwh,fact_card_chargeback,fact,cards,45,authorization_result_code,VARCHAR(50),True,Synthetic authorization result code for card chargeback.,synthetic_extension,False
bank_dwh,fact_card_chargeback,fact,cards,46,decline_reason_code,VARCHAR(50),True,Synthetic decline reason code for card chargeback.,synthetic_extension,False
bank_dwh,fact_card_chargeback,fact,cards,47,dispute_reason_code,VARCHAR(50),True,Synthetic dispute reason code for card chargeback.,synthetic_extension,False
bank_dwh,fact_card_chargeback,fact,cards,48,chargeback_stage_code,VARCHAR(50),True,Synthetic chargeback stage code for card chargeback.,synthetic_extension,False
bank_dwh,fact_card_chargeback,fact,cards,49,fraud_score_value,VARCHAR(120),True,Synthetic fraud score value for card chargeback.,synthetic_extension,False
bank_dwh,fact_card_chargeback,fact,cards,50,posted_at,TIMESTAMPTZ,True,Synthetic posted at for card chargeback.,synthetic_extension,False
bank_dwh,fact_card_chargeback,fact,cards,51,settled_at,TIMESTAMPTZ,True,Synthetic settled at for card chargeback.,synthetic_extension,False
bank_dwh,fact_card_chargeback,fact,cards,52,reversal_flag,BOOLEAN,True,Synthetic reversal flag for card chargeback.,synthetic_extension,False
bank_dwh,fact_card_chargeback,fact,cards,53,event_type_code,VARCHAR(50),True,Synthetic event type code for card chargeback.,synthetic_extension,False
bank_dwh,fact_card_chargeback,fact,cards,54,event_subtype_code,VARCHAR(50),True,Synthetic event subtype code for card chargeback.,synthetic_extension,False
bank_dwh,fact_card_reward_earning,fact,cards,1,card_reward_earning_fact_key,BIGINT,False,Synthetic surrogate key for fact_card_reward_earning.,structural,True
bank_dwh,fact_card_reward_earning,fact,cards,2,business_date_key,BIGINT,False,Business date of this fact row.,structural,False
bank_dwh,fact_card_reward_earning,fact,cards,3,customer_key,BIGINT,True,Optional key to dim_customer.,relationship,False
bank_dwh,fact_card_reward_earning,fact,cards,4,account_key,BIGINT,True,Optional key to dim_account.,relationship,False
bank_dwh,fact_card_reward_earning,fact,cards,5,card_product_key,BIGINT,True,Optional key to dim_card_product.,relationship,False
bank_dwh,fact_card_reward_earning,fact,cards,6,card_status_key,BIGINT,True,Optional key to dim_card_status.,relationship,False
bank_dwh,fact_card_reward_earning,fact,cards,7,merchant_key,BIGINT,True,Optional key to dim_merchant.,relationship,False
bank_dwh,fact_card_reward_earning,fact,cards,8,merchant_category_key,BIGINT,True,Optional key to dim_merchant_category.,relationship,False
bank_dwh,fact_card_reward_earning,fact,cards,9,channel_key,BIGINT,True,Optional key to dim_channel.,relationship,False
bank_dwh,fact_card_reward_earning,fact,cards,10,currency_key,BIGINT,True,Optional key to dim_currency.,relationship,False
bank_dwh,fact_card_reward_earning,fact,cards,11,source_system_code,VARCHAR(50),True,Source system code for this card reward earning fact.,structural,False
bank_dwh,fact_card_reward_earning,fact,cards,12,source_record_id,VARCHAR(100),True,Source record id for this card reward earning fact.,structural,False
bank_dwh,fact_card_reward_earning,fact,cards,13,ingested_at,TIMESTAMPTZ,True,Ingested at for this card reward earning fact.,structural,False
bank_dwh,fact_card_reward_earning,fact,cards,14,updated_at,TIMESTAMPTZ,True,Updated at for this card reward earning fact.,structural,False
bank_dwh,fact_card_reward_earning,fact,cards,15,record_hash,VARCHAR(100),True,Record hash for this card reward earning fact.,structural,False
bank_dwh,fact_card_reward_earning,fact,cards,16,data_quality_status_code,VARCHAR(50),True,Data quality status code for this card reward earning fact.,structural,False
bank_dwh,fact_card_reward_earning,fact,cards,17,load_batch_id,VARCHAR(100),True,Load batch id for this card reward earning fact.,structural,False
bank_dwh,fact_card_reward_earning,fact,cards,18,event_id,VARCHAR(100),True,Event id for this card reward earning fact.,structural,False
bank_dwh,fact_card_reward_earning,fact,cards,19,event_status_code,VARCHAR(50),True,Event status code for this card reward earning fact.,structural,False
bank_dwh,fact_card_reward_earning,fact,cards,20,currency_code,VARCHAR(50),True,Currency code for this card reward earning fact.,structural,False
bank_dwh,fact_card_reward_earning,fact,cards,21,card_token_hash,VARCHAR(100),True,Synthetic card token hash for card reward earning.,synthetic_extension,False
bank_dwh,fact_card_reward_earning,fact,cards,22,card_product_code,VARCHAR(50),True,Synthetic card product code for card reward earning.,synthetic_extension,False
bank_dwh,fact_card_reward_earning,fact,cards,23,card_network_code,VARCHAR(50),True,Synthetic card network code for card reward earning.,synthetic_extension,False
bank_dwh,fact_card_reward_earning,fact,cards,24,merchant_id,VARCHAR(100),True,Synthetic merchant id for card reward earning.,synthetic_extension,False
bank_dwh,fact_card_reward_earning,fact,cards,25,merchant_category_code,VARCHAR(50),True,Synthetic merchant category code for card reward earning.,synthetic_extension,False
bank_dwh,fact_card_reward_earning,fact,cards,26,merchant_country_code,VARCHAR(50),True,Synthetic merchant country code for card reward earning.,synthetic_extension,False
bank_dwh,fact_card_reward_earning,fact,cards,27,terminal_id,VARCHAR(100),True,Synthetic terminal id for card reward earning.,synthetic_extension,False
bank_dwh,fact_card_reward_earning,fact,cards,28,authorization_id,VARCHAR(100),True,Synthetic authorization id for card reward earning.,synthetic_extension,False
bank_dwh,fact_card_reward_earning,fact,cards,29,authorization_code,VARCHAR(50),True,Synthetic authorization code for card reward earning.,synthetic_extension,False
bank_dwh,fact_card_reward_earning,fact,cards,30,clearing_id,VARCHAR(100),True,Synthetic clearing id for card reward earning.,synthetic_extension,False
bank_dwh,fact_card_reward_earning,fact,cards,31,transaction_id,VARCHAR(100),True,Synthetic transaction id for card reward earning.,synthetic_extension,False
bank_dwh,fact_card_reward_earning,fact,cards,32,transaction_amount,"NUMERIC(20,4)",True,Synthetic transaction amount for card reward earning.,synthetic_extension,False
bank_dwh,fact_card_reward_earning,fact,cards,33,billing_amount,"NUMERIC(20,4)",True,Synthetic billing amount for card reward earning.,synthetic_extension,False
bank_dwh,fact_card_reward_earning,fact,cards,34,settlement_amount,"NUMERIC(20,4)",True,Synthetic settlement amount for card reward earning.,synthetic_extension,False
bank_dwh,fact_card_reward_earning,fact,cards,35,fee_amount,"NUMERIC(20,4)",True,Synthetic fee amount for card reward earning.,synthetic_extension,False
bank_dwh,fact_card_reward_earning,fact,cards,36,interchange_amount,"NUMERIC(20,4)",True,Synthetic interchange amount for card reward earning.,synthetic_extension,False
bank_dwh,fact_card_reward_earning,fact,cards,37,reward_amount,"NUMERIC(20,4)",True,Synthetic reward amount for card reward earning.,synthetic_extension,False
bank_dwh,fact_card_reward_earning,fact,cards,38,exchange_rate,"NUMERIC(14,8)",True,Synthetic exchange rate for card reward earning.,synthetic_extension,False
bank_dwh,fact_card_reward_earning,fact,cards,39,original_currency_code,VARCHAR(50),True,Synthetic original currency code for card reward earning.,synthetic_extension,False
bank_dwh,fact_card_reward_earning,fact,cards,40,billing_currency_code,VARCHAR(50),True,Synthetic billing currency code for card reward earning.,synthetic_extension,False
bank_dwh,fact_card_reward_earning,fact,cards,41,card_present_flag,BOOLEAN,True,Synthetic card present flag for card reward earning.,synthetic_extension,False
bank_dwh,fact_card_reward_earning,fact,cards,42,ecommerce_flag,BOOLEAN,True,Synthetic ecommerce flag for card reward earning.,synthetic_extension,False
bank_dwh,fact_card_reward_earning,fact,cards,43,tokenized_flag,BOOLEAN,True,Synthetic tokenized flag for card reward earning.,synthetic_extension,False
bank_dwh,fact_card_reward_earning,fact,cards,44,contactless_flag,BOOLEAN,True,Synthetic contactless flag for card reward earning.,synthetic_extension,False
bank_dwh,fact_card_reward_earning,fact,cards,45,authorization_result_code,VARCHAR(50),True,Synthetic authorization result code for card reward earning.,synthetic_extension,False
bank_dwh,fact_card_reward_earning,fact,cards,46,decline_reason_code,VARCHAR(50),True,Synthetic decline reason code for card reward earning.,synthetic_extension,False
bank_dwh,fact_card_reward_earning,fact,cards,47,dispute_reason_code,VARCHAR(50),True,Synthetic dispute reason code for card reward earning.,synthetic_extension,False
bank_dwh,fact_card_reward_earning,fact,cards,48,chargeback_stage_code,VARCHAR(50),True,Synthetic chargeback stage code for card reward earning.,synthetic_extension,False
bank_dwh,fact_card_reward_earning,fact,cards,49,fraud_score_value,VARCHAR(120),True,Synthetic fraud score value for card reward earning.,synthetic_extension,False
bank_dwh,fact_card_reward_earning,fact,cards,50,posted_at,TIMESTAMPTZ,True,Synthetic posted at for card reward earning.,synthetic_extension,False
bank_dwh,fact_card_reward_earning,fact,cards,51,settled_at,TIMESTAMPTZ,True,Synthetic settled at for card reward earning.,synthetic_extension,False
bank_dwh,fact_card_reward_earning,fact,cards,52,reversal_flag,BOOLEAN,True,Synthetic reversal flag for card reward earning.,synthetic_extension,False
bank_dwh,fact_card_reward_earning,fact,cards,53,event_type_code,VARCHAR(50),True,Synthetic event type code for card reward earning.,synthetic_extension,False
bank_dwh,fact_card_reward_earning,fact,cards,54,event_subtype_code,VARCHAR(50),True,Synthetic event subtype code for card reward earning.,synthetic_extension,False
bank_dwh,fact_customer_interaction,fact,customer_service,1,customer_interaction_fact_key,BIGINT,False,Synthetic surrogate key for fact_customer_interaction.,structural,True
bank_dwh,fact_customer_interaction,fact,customer_service,2,business_date_key,BIGINT,False,Business date of this fact row.,structural,False
bank_dwh,fact_customer_interaction,fact,customer_service,3,customer_key,BIGINT,True,Optional key to dim_customer.,relationship,False
bank_dwh,fact_customer_interaction,fact,customer_service,4,channel_key,BIGINT,True,Optional key to dim_channel.,relationship,False
bank_dwh,fact_customer_interaction,fact,customer_service,5,branch_key,BIGINT,True,Optional key to dim_branch.,relationship,False
bank_dwh,fact_customer_interaction,fact,customer_service,6,employee_key,BIGINT,True,Optional key to dim_employee.,relationship,False
bank_dwh,fact_customer_interaction,fact,customer_service,7,product_key,BIGINT,True,Optional key to dim_product.,relationship,False
bank_dwh,fact_customer_interaction,fact,customer_service,8,complaint_category_key,BIGINT,True,Optional key to dim_complaint_category.,relationship,False
bank_dwh,fact_customer_interaction,fact,customer_service,9,source_system_code,VARCHAR(50),True,Source system code for this customer interaction fact.,structural,False
bank_dwh,fact_customer_interaction,fact,customer_service,10,source_record_id,VARCHAR(100),True,Source record id for this customer interaction fact.,structural,False
bank_dwh,fact_customer_interaction,fact,customer_service,11,ingested_at,TIMESTAMPTZ,True,Ingested at for this customer interaction fact.,structural,False
bank_dwh,fact_customer_interaction,fact,customer_service,12,updated_at,TIMESTAMPTZ,True,Updated at for this customer interaction fact.,structural,False
bank_dwh,fact_customer_interaction,fact,customer_service,13,record_hash,VARCHAR(100),True,Record hash for this customer interaction fact.,structural,False
bank_dwh,fact_customer_interaction,fact,customer_service,14,data_quality_status_code,VARCHAR(50),True,Data quality status code for this customer interaction fact.,structural,False
bank_dwh,fact_customer_interaction,fact,customer_service,15,load_batch_id,VARCHAR(100),True,Load batch id for this customer interaction fact.,structural,False
bank_dwh,fact_customer_interaction,fact,customer_service,16,event_id,VARCHAR(100),True,Event id for this customer interaction fact.,structural,False
bank_dwh,fact_customer_interaction,fact,customer_service,17,event_status_code,VARCHAR(50),True,Event status code for this customer interaction fact.,structural,False
bank_dwh,fact_customer_interaction,fact,customer_service,18,currency_code,VARCHAR(50),True,Currency code for this customer interaction fact.,structural,False
bank_dwh,fact_customer_interaction,fact,customer_service,19,interaction_id,VARCHAR(100),True,Synthetic interaction id for customer interaction.,synthetic_extension,False
bank_dwh,fact_customer_interaction,fact,customer_service,20,case_id,VARCHAR(100),True,Synthetic case id for customer interaction.,synthetic_extension,False
bank_dwh,fact_customer_interaction,fact,customer_service,21,campaign_id,VARCHAR(100),True,Synthetic campaign id for customer interaction.,synthetic_extension,False
bank_dwh,fact_customer_interaction,fact,customer_service,22,complaint_id,VARCHAR(100),True,Synthetic complaint id for customer interaction.,synthetic_extension,False
bank_dwh,fact_customer_interaction,fact,customer_service,23,digital_session_id,VARCHAR(100),True,Synthetic digital session id for customer interaction.,synthetic_extension,False
bank_dwh,fact_customer_interaction,fact,customer_service,24,interaction_type_code,VARCHAR(50),True,Synthetic interaction type code for customer interaction.,synthetic_extension,False
bank_dwh,fact_customer_interaction,fact,customer_service,25,contact_reason_code,VARCHAR(50),True,Synthetic contact reason code for customer interaction.,synthetic_extension,False
bank_dwh,fact_customer_interaction,fact,customer_service,26,contact_channel_code,VARCHAR(50),True,Synthetic contact channel code for customer interaction.,synthetic_extension,False
bank_dwh,fact_customer_interaction,fact,customer_service,27,case_status_code,VARCHAR(50),True,Synthetic case status code for customer interaction.,synthetic_extension,False
bank_dwh,fact_customer_interaction,fact,customer_service,28,case_priority_code,VARCHAR(50),True,Synthetic case priority code for customer interaction.,synthetic_extension,False
bank_dwh,fact_customer_interaction,fact,customer_service,29,resolution_code,VARCHAR(50),True,Synthetic resolution code for customer interaction.,synthetic_extension,False
bank_dwh,fact_customer_interaction,fact,customer_service,30,root_cause_code,VARCHAR(50),True,Synthetic root cause code for customer interaction.,synthetic_extension,False
bank_dwh,fact_customer_interaction,fact,customer_service,31,escalation_level_code,VARCHAR(50),True,Synthetic escalation level code for customer interaction.,synthetic_extension,False
bank_dwh,fact_customer_interaction,fact,customer_service,32,service_level_code,VARCHAR(50),True,Synthetic service level code for customer interaction.,synthetic_extension,False
bank_dwh,fact_customer_interaction,fact,customer_service,33,response_code,VARCHAR(50),True,Synthetic response code for customer interaction.,synthetic_extension,False
bank_dwh,fact_customer_interaction,fact,customer_service,34,contact_started_at,TIMESTAMPTZ,True,Synthetic contact started at for customer interaction.,synthetic_extension,False
bank_dwh,fact_customer_interaction,fact,customer_service,35,contact_ended_at,TIMESTAMPTZ,True,Synthetic contact ended at for customer interaction.,synthetic_extension,False
bank_dwh,fact_customer_interaction,fact,customer_service,36,resolution_at,TIMESTAMPTZ,True,Synthetic resolution at for customer interaction.,synthetic_extension,False
bank_dwh,fact_customer_interaction,fact,customer_service,37,handling_duration_seconds_count,BIGINT,True,Synthetic handling duration seconds count for customer interaction.,synthetic_extension,False
bank_dwh,fact_customer_interaction,fact,customer_service,38,waiting_duration_seconds_count,BIGINT,True,Synthetic waiting duration seconds count for customer interaction.,synthetic_extension,False
bank_dwh,fact_customer_interaction,fact,customer_service,39,satisfaction_score_value,VARCHAR(120),True,Synthetic satisfaction score value for customer interaction.,synthetic_extension,False
bank_dwh,fact_customer_interaction,fact,customer_service,40,sentiment_score_value,VARCHAR(120),True,Synthetic sentiment score value for customer interaction.,synthetic_extension,False
bank_dwh,fact_customer_interaction,fact,customer_service,41,message_count,BIGINT,True,Synthetic message count for customer interaction.,synthetic_extension,False
bank_dwh,fact_customer_interaction,fact,customer_service,42,customer_effort_score_value,VARCHAR(120),True,Synthetic customer effort score value for customer interaction.,synthetic_extension,False
bank_dwh,fact_customer_interaction,fact,customer_service,43,agent_id,VARCHAR(100),True,Synthetic agent id for customer interaction.,synthetic_extension,False
bank_dwh,fact_customer_interaction,fact,customer_service,44,queue_code,VARCHAR(50),True,Synthetic queue code for customer interaction.,synthetic_extension,False
bank_dwh,fact_customer_interaction,fact,customer_service,45,is_escalated,BOOLEAN,True,Synthetic is escalated for customer interaction.,synthetic_extension,False
bank_dwh,fact_customer_interaction,fact,customer_service,46,is_resolved,BOOLEAN,True,Synthetic is resolved for customer interaction.,synthetic_extension,False
bank_dwh,fact_customer_interaction,fact,customer_service,47,is_repeat_contact,BOOLEAN,True,Synthetic is repeat contact for customer interaction.,synthetic_extension,False
bank_dwh,fact_customer_interaction,fact,customer_service,48,is_regulatory_complaint,BOOLEAN,True,Synthetic is regulatory complaint for customer interaction.,synthetic_extension,False
bank_dwh,fact_customer_interaction,fact,customer_service,49,product_interest_code,VARCHAR(50),True,Synthetic product interest code for customer interaction.,synthetic_extension,False
bank_dwh,fact_customer_interaction,fact,customer_service,50,followup_due_date_key,BIGINT,True,Synthetic followup due date key for customer interaction.,synthetic_extension,False
bank_dwh,fact_customer_interaction,fact,customer_service,51,event_type_code,VARCHAR(50),True,Synthetic event type code for customer interaction.,synthetic_extension,False
bank_dwh,fact_customer_interaction,fact,customer_service,52,event_subtype_code,VARCHAR(50),True,Synthetic event subtype code for customer interaction.,synthetic_extension,False
bank_dwh,fact_customer_interaction,fact,customer_service,53,lifecycle_status_code,VARCHAR(50),True,Synthetic lifecycle status code for customer interaction.,synthetic_extension,False
bank_dwh,fact_customer_interaction,fact,customer_service,54,source_event_id,VARCHAR(100),True,Synthetic source event id for customer interaction.,synthetic_extension,False
bank_dwh,fact_customer_campaign_response,fact,customer_service,1,customer_campaign_response_fact_key,BIGINT,False,Synthetic surrogate key for fact_customer_campaign_response.,structural,True
bank_dwh,fact_customer_campaign_response,fact,customer_service,2,business_date_key,BIGINT,False,Business date of this fact row.,structural,False
bank_dwh,fact_customer_campaign_response,fact,customer_service,3,customer_key,BIGINT,True,Optional key to dim_customer.,relationship,False
bank_dwh,fact_customer_campaign_response,fact,customer_service,4,channel_key,BIGINT,True,Optional key to dim_channel.,relationship,False
bank_dwh,fact_customer_campaign_response,fact,customer_service,5,branch_key,BIGINT,True,Optional key to dim_branch.,relationship,False
bank_dwh,fact_customer_campaign_response,fact,customer_service,6,employee_key,BIGINT,True,Optional key to dim_employee.,relationship,False
bank_dwh,fact_customer_campaign_response,fact,customer_service,7,product_key,BIGINT,True,Optional key to dim_product.,relationship,False
bank_dwh,fact_customer_campaign_response,fact,customer_service,8,complaint_category_key,BIGINT,True,Optional key to dim_complaint_category.,relationship,False
bank_dwh,fact_customer_campaign_response,fact,customer_service,9,source_system_code,VARCHAR(50),True,Source system code for this customer campaign response fact.,structural,False
bank_dwh,fact_customer_campaign_response,fact,customer_service,10,source_record_id,VARCHAR(100),True,Source record id for this customer campaign response fact.,structural,False
bank_dwh,fact_customer_campaign_response,fact,customer_service,11,ingested_at,TIMESTAMPTZ,True,Ingested at for this customer campaign response fact.,structural,False
bank_dwh,fact_customer_campaign_response,fact,customer_service,12,updated_at,TIMESTAMPTZ,True,Updated at for this customer campaign response fact.,structural,False
bank_dwh,fact_customer_campaign_response,fact,customer_service,13,record_hash,VARCHAR(100),True,Record hash for this customer campaign response fact.,structural,False
bank_dwh,fact_customer_campaign_response,fact,customer_service,14,data_quality_status_code,VARCHAR(50),True,Data quality status code for this customer campaign response fact.,structural,False
bank_dwh,fact_customer_campaign_response,fact,customer_service,15,load_batch_id,VARCHAR(100),True,Load batch id for this customer campaign response fact.,structural,False
bank_dwh,fact_customer_campaign_response,fact,customer_service,16,event_id,VARCHAR(100),True,Event id for this customer campaign response fact.,structural,False
bank_dwh,fact_customer_campaign_response,fact,customer_service,17,event_status_code,VARCHAR(50),True,Event status code for this customer campaign response fact.,structural,False
bank_dwh,fact_customer_campaign_response,fact,customer_service,18,currency_code,VARCHAR(50),True,Currency code for this customer campaign response fact.,structural,False
bank_dwh,fact_customer_campaign_response,fact,customer_service,19,interaction_id,VARCHAR(100),True,Synthetic interaction id for customer campaign response.,synthetic_extension,False
bank_dwh,fact_customer_campaign_response,fact,customer_service,20,case_id,VARCHAR(100),True,Synthetic case id for customer campaign response.,synthetic_extension,False
bank_dwh,fact_customer_campaign_response,fact,customer_service,21,campaign_id,VARCHAR(100),True,Synthetic campaign id for customer campaign response.,synthetic_extension,False
bank_dwh,fact_customer_campaign_response,fact,customer_service,22,complaint_id,VARCHAR(100),True,Synthetic complaint id for customer campaign response.,synthetic_extension,False
bank_dwh,fact_customer_campaign_response,fact,customer_service,23,digital_session_id,VARCHAR(100),True,Synthetic digital session id for customer campaign response.,synthetic_extension,False
bank_dwh,fact_customer_campaign_response,fact,customer_service,24,interaction_type_code,VARCHAR(50),True,Synthetic interaction type code for customer campaign response.,synthetic_extension,False
bank_dwh,fact_customer_campaign_response,fact,customer_service,25,contact_reason_code,VARCHAR(50),True,Synthetic contact reason code for customer campaign response.,synthetic_extension,False
bank_dwh,fact_customer_campaign_response,fact,customer_service,26,contact_channel_code,VARCHAR(50),True,Synthetic contact channel code for customer campaign response.,synthetic_extension,False
bank_dwh,fact_customer_campaign_response,fact,customer_service,27,case_status_code,VARCHAR(50),True,Synthetic case status code for customer campaign response.,synthetic_extension,False
bank_dwh,fact_customer_campaign_response,fact,customer_service,28,case_priority_code,VARCHAR(50),True,Synthetic case priority code for customer campaign response.,synthetic_extension,False
bank_dwh,fact_customer_campaign_response,fact,customer_service,29,resolution_code,VARCHAR(50),True,Synthetic resolution code for customer campaign response.,synthetic_extension,False
bank_dwh,fact_customer_campaign_response,fact,customer_service,30,root_cause_code,VARCHAR(50),True,Synthetic root cause code for customer campaign response.,synthetic_extension,False
bank_dwh,fact_customer_campaign_response,fact,customer_service,31,escalation_level_code,VARCHAR(50),True,Synthetic escalation level code for customer campaign response.,synthetic_extension,False
bank_dwh,fact_customer_campaign_response,fact,customer_service,32,service_level_code,VARCHAR(50),True,Synthetic service level code for customer campaign response.,synthetic_extension,False
bank_dwh,fact_customer_campaign_response,fact,customer_service,33,response_code,VARCHAR(50),True,Synthetic response code for customer campaign response.,synthetic_extension,False
bank_dwh,fact_customer_campaign_response,fact,customer_service,34,contact_started_at,TIMESTAMPTZ,True,Synthetic contact started at for customer campaign response.,synthetic_extension,False
bank_dwh,fact_customer_campaign_response,fact,customer_service,35,contact_ended_at,TIMESTAMPTZ,True,Synthetic contact ended at for customer campaign response.,synthetic_extension,False
bank_dwh,fact_customer_campaign_response,fact,customer_service,36,resolution_at,TIMESTAMPTZ,True,Synthetic resolution at for customer campaign response.,synthetic_extension,False
bank_dwh,fact_customer_campaign_response,fact,customer_service,37,handling_duration_seconds_count,BIGINT,True,Synthetic handling duration seconds count for customer campaign response.,synthetic_extension,False
bank_dwh,fact_customer_campaign_response,fact,customer_service,38,waiting_duration_seconds_count,BIGINT,True,Synthetic waiting duration seconds count for customer campaign response.,synthetic_extension,False
bank_dwh,fact_customer_campaign_response,fact,customer_service,39,satisfaction_score_value,VARCHAR(120),True,Synthetic satisfaction score value for customer campaign response.,synthetic_extension,False
bank_dwh,fact_customer_campaign_response,fact,customer_service,40,sentiment_score_value,VARCHAR(120),True,Synthetic sentiment score value for customer campaign response.,synthetic_extension,False
bank_dwh,fact_customer_campaign_response,fact,customer_service,41,message_count,BIGINT,True,Synthetic message count for customer campaign response.,synthetic_extension,False
bank_dwh,fact_customer_campaign_response,fact,customer_service,42,customer_effort_score_value,VARCHAR(120),True,Synthetic customer effort score value for customer campaign response.,synthetic_extension,False
bank_dwh,fact_customer_campaign_response,fact,customer_service,43,agent_id,VARCHAR(100),True,Synthetic agent id for customer campaign response.,synthetic_extension,False
bank_dwh,fact_customer_campaign_response,fact,customer_service,44,queue_code,VARCHAR(50),True,Synthetic queue code for customer campaign response.,synthetic_extension,False
bank_dwh,fact_customer_campaign_response,fact,customer_service,45,is_escalated,BOOLEAN,True,Synthetic is escalated for customer campaign response.,synthetic_extension,False
bank_dwh,fact_customer_campaign_response,fact,customer_service,46,is_resolved,BOOLEAN,True,Synthetic is resolved for customer campaign response.,synthetic_extension,False
bank_dwh,fact_customer_campaign_response,fact,customer_service,47,is_repeat_contact,BOOLEAN,True,Synthetic is repeat contact for customer campaign response.,synthetic_extension,False
bank_dwh,fact_customer_campaign_response,fact,customer_service,48,is_regulatory_complaint,BOOLEAN,True,Synthetic is regulatory complaint for customer campaign response.,synthetic_extension,False
bank_dwh,fact_customer_campaign_response,fact,customer_service,49,product_interest_code,VARCHAR(50),True,Synthetic product interest code for customer campaign response.,synthetic_extension,False
bank_dwh,fact_customer_campaign_response,fact,customer_service,50,followup_due_date_key,BIGINT,True,Synthetic followup due date key for customer campaign response.,synthetic_extension,False
bank_dwh,fact_customer_campaign_response,fact,customer_service,51,event_type_code,VARCHAR(50),True,Synthetic event type code for customer campaign response.,synthetic_extension,False
bank_dwh,fact_customer_campaign_response,fact,customer_service,52,event_subtype_code,VARCHAR(50),True,Synthetic event subtype code for customer campaign response.,synthetic_extension,False
bank_dwh,fact_customer_campaign_response,fact,customer_service,53,lifecycle_status_code,VARCHAR(50),True,Synthetic lifecycle status code for customer campaign response.,synthetic_extension,False
bank_dwh,fact_customer_campaign_response,fact,customer_service,54,source_event_id,VARCHAR(100),True,Synthetic source event id for customer campaign response.,synthetic_extension,False
bank_dwh,fact_complaint,fact,customer_service,1,complaint_fact_key,BIGINT,False,Synthetic surrogate key for fact_complaint.,structural,True
bank_dwh,fact_complaint,fact,customer_service,2,business_date_key,BIGINT,False,Business date of this fact row.,structural,False
bank_dwh,fact_complaint,fact,customer_service,3,customer_key,BIGINT,True,Optional key to dim_customer.,relationship,False
bank_dwh,fact_complaint,fact,customer_service,4,channel_key,BIGINT,True,Optional key to dim_channel.,relationship,False
bank_dwh,fact_complaint,fact,customer_service,5,branch_key,BIGINT,True,Optional key to dim_branch.,relationship,False
bank_dwh,fact_complaint,fact,customer_service,6,employee_key,BIGINT,True,Optional key to dim_employee.,relationship,False
bank_dwh,fact_complaint,fact,customer_service,7,product_key,BIGINT,True,Optional key to dim_product.,relationship,False
bank_dwh,fact_complaint,fact,customer_service,8,complaint_category_key,BIGINT,True,Optional key to dim_complaint_category.,relationship,False
bank_dwh,fact_complaint,fact,customer_service,9,source_system_code,VARCHAR(50),True,Source system code for this complaint fact.,structural,False
bank_dwh,fact_complaint,fact,customer_service,10,source_record_id,VARCHAR(100),True,Source record id for this complaint fact.,structural,False
bank_dwh,fact_complaint,fact,customer_service,11,ingested_at,TIMESTAMPTZ,True,Ingested at for this complaint fact.,structural,False
bank_dwh,fact_complaint,fact,customer_service,12,updated_at,TIMESTAMPTZ,True,Updated at for this complaint fact.,structural,False
bank_dwh,fact_complaint,fact,customer_service,13,record_hash,VARCHAR(100),True,Record hash for this complaint fact.,structural,False
bank_dwh,fact_complaint,fact,customer_service,14,data_quality_status_code,VARCHAR(50),True,Data quality status code for this complaint fact.,structural,False
bank_dwh,fact_complaint,fact,customer_service,15,load_batch_id,VARCHAR(100),True,Load batch id for this complaint fact.,structural,False
bank_dwh,fact_complaint,fact,customer_service,16,event_id,VARCHAR(100),True,Event id for this complaint fact.,structural,False
bank_dwh,fact_complaint,fact,customer_service,17,event_status_code,VARCHAR(50),True,Event status code for this complaint fact.,structural,False
bank_dwh,fact_complaint,fact,customer_service,18,currency_code,VARCHAR(50),True,Currency code for this complaint fact.,structural,False
bank_dwh,fact_complaint,fact,customer_service,19,interaction_id,VARCHAR(100),True,Synthetic interaction id for complaint.,synthetic_extension,False
bank_dwh,fact_complaint,fact,customer_service,20,case_id,VARCHAR(100),True,Synthetic case id for complaint.,synthetic_extension,False
bank_dwh,fact_complaint,fact,customer_service,21,campaign_id,VARCHAR(100),True,Synthetic campaign id for complaint.,synthetic_extension,False
bank_dwh,fact_complaint,fact,customer_service,22,complaint_id,VARCHAR(100),True,Synthetic complaint id for complaint.,synthetic_extension,False
bank_dwh,fact_complaint,fact,customer_service,23,digital_session_id,VARCHAR(100),True,Synthetic digital session id for complaint.,synthetic_extension,False
bank_dwh,fact_complaint,fact,customer_service,24,interaction_type_code,VARCHAR(50),True,Synthetic interaction type code for complaint.,synthetic_extension,False
bank_dwh,fact_complaint,fact,customer_service,25,contact_reason_code,VARCHAR(50),True,Synthetic contact reason code for complaint.,synthetic_extension,False
bank_dwh,fact_complaint,fact,customer_service,26,contact_channel_code,VARCHAR(50),True,Synthetic contact channel code for complaint.,synthetic_extension,False
bank_dwh,fact_complaint,fact,customer_service,27,case_status_code,VARCHAR(50),True,Synthetic case status code for complaint.,synthetic_extension,False
bank_dwh,fact_complaint,fact,customer_service,28,case_priority_code,VARCHAR(50),True,Synthetic case priority code for complaint.,synthetic_extension,False
bank_dwh,fact_complaint,fact,customer_service,29,resolution_code,VARCHAR(50),True,Synthetic resolution code for complaint.,synthetic_extension,False
bank_dwh,fact_complaint,fact,customer_service,30,root_cause_code,VARCHAR(50),True,Synthetic root cause code for complaint.,synthetic_extension,False
bank_dwh,fact_complaint,fact,customer_service,31,escalation_level_code,VARCHAR(50),True,Synthetic escalation level code for complaint.,synthetic_extension,False
bank_dwh,fact_complaint,fact,customer_service,32,service_level_code,VARCHAR(50),True,Synthetic service level code for complaint.,synthetic_extension,False
bank_dwh,fact_complaint,fact,customer_service,33,response_code,VARCHAR(50),True,Synthetic response code for complaint.,synthetic_extension,False
bank_dwh,fact_complaint,fact,customer_service,34,contact_started_at,TIMESTAMPTZ,True,Synthetic contact started at for complaint.,synthetic_extension,False
bank_dwh,fact_complaint,fact,customer_service,35,contact_ended_at,TIMESTAMPTZ,True,Synthetic contact ended at for complaint.,synthetic_extension,False
bank_dwh,fact_complaint,fact,customer_service,36,resolution_at,TIMESTAMPTZ,True,Synthetic resolution at for complaint.,synthetic_extension,False
bank_dwh,fact_complaint,fact,customer_service,37,handling_duration_seconds_count,BIGINT,True,Synthetic handling duration seconds count for complaint.,synthetic_extension,False
bank_dwh,fact_complaint,fact,customer_service,38,waiting_duration_seconds_count,BIGINT,True,Synthetic waiting duration seconds count for complaint.,synthetic_extension,False
bank_dwh,fact_complaint,fact,customer_service,39,satisfaction_score_value,VARCHAR(120),True,Synthetic satisfaction score value for complaint.,synthetic_extension,False
bank_dwh,fact_complaint,fact,customer_service,40,sentiment_score_value,VARCHAR(120),True,Synthetic sentiment score value for complaint.,synthetic_extension,False
bank_dwh,fact_complaint,fact,customer_service,41,message_count,BIGINT,True,Synthetic message count for complaint.,synthetic_extension,False
bank_dwh,fact_complaint,fact,customer_service,42,customer_effort_score_value,VARCHAR(120),True,Synthetic customer effort score value for complaint.,synthetic_extension,False
bank_dwh,fact_complaint,fact,customer_service,43,agent_id,VARCHAR(100),True,Synthetic agent id for complaint.,synthetic_extension,False
bank_dwh,fact_complaint,fact,customer_service,44,queue_code,VARCHAR(50),True,Synthetic queue code for complaint.,synthetic_extension,False
bank_dwh,fact_complaint,fact,customer_service,45,is_escalated,BOOLEAN,True,Synthetic is escalated for complaint.,synthetic_extension,False
bank_dwh,fact_complaint,fact,customer_service,46,is_resolved,BOOLEAN,True,Synthetic is resolved for complaint.,synthetic_extension,False
bank_dwh,fact_complaint,fact,customer_service,47,is_repeat_contact,BOOLEAN,True,Synthetic is repeat contact for complaint.,synthetic_extension,False
bank_dwh,fact_complaint,fact,customer_service,48,is_regulatory_complaint,BOOLEAN,True,Synthetic is regulatory complaint for complaint.,synthetic_extension,False
bank_dwh,fact_complaint,fact,customer_service,49,product_interest_code,VARCHAR(50),True,Synthetic product interest code for complaint.,synthetic_extension,False
bank_dwh,fact_complaint,fact,customer_service,50,followup_due_date_key,BIGINT,True,Synthetic followup due date key for complaint.,synthetic_extension,False
bank_dwh,fact_complaint,fact,customer_service,51,event_type_code,VARCHAR(50),True,Synthetic event type code for complaint.,synthetic_extension,False
bank_dwh,fact_complaint,fact,customer_service,52,event_subtype_code,VARCHAR(50),True,Synthetic event subtype code for complaint.,synthetic_extension,False
bank_dwh,fact_complaint,fact,customer_service,53,lifecycle_status_code,VARCHAR(50),True,Synthetic lifecycle status code for complaint.,synthetic_extension,False
bank_dwh,fact_complaint,fact,customer_service,54,source_event_id,VARCHAR(100),True,Synthetic source event id for complaint.,synthetic_extension,False
bank_dwh,fact_service_case,fact,customer_service,1,service_case_fact_key,BIGINT,False,Synthetic surrogate key for fact_service_case.,structural,True
bank_dwh,fact_service_case,fact,customer_service,2,business_date_key,BIGINT,False,Business date of this fact row.,structural,False
bank_dwh,fact_service_case,fact,customer_service,3,customer_key,BIGINT,True,Optional key to dim_customer.,relationship,False
bank_dwh,fact_service_case,fact,customer_service,4,channel_key,BIGINT,True,Optional key to dim_channel.,relationship,False
bank_dwh,fact_service_case,fact,customer_service,5,branch_key,BIGINT,True,Optional key to dim_branch.,relationship,False
bank_dwh,fact_service_case,fact,customer_service,6,employee_key,BIGINT,True,Optional key to dim_employee.,relationship,False
bank_dwh,fact_service_case,fact,customer_service,7,product_key,BIGINT,True,Optional key to dim_product.,relationship,False
bank_dwh,fact_service_case,fact,customer_service,8,complaint_category_key,BIGINT,True,Optional key to dim_complaint_category.,relationship,False
bank_dwh,fact_service_case,fact,customer_service,9,source_system_code,VARCHAR(50),True,Source system code for this service case fact.,structural,False
bank_dwh,fact_service_case,fact,customer_service,10,source_record_id,VARCHAR(100),True,Source record id for this service case fact.,structural,False
bank_dwh,fact_service_case,fact,customer_service,11,ingested_at,TIMESTAMPTZ,True,Ingested at for this service case fact.,structural,False
bank_dwh,fact_service_case,fact,customer_service,12,updated_at,TIMESTAMPTZ,True,Updated at for this service case fact.,structural,False
bank_dwh,fact_service_case,fact,customer_service,13,record_hash,VARCHAR(100),True,Record hash for this service case fact.,structural,False
bank_dwh,fact_service_case,fact,customer_service,14,data_quality_status_code,VARCHAR(50),True,Data quality status code for this service case fact.,structural,False
bank_dwh,fact_service_case,fact,customer_service,15,load_batch_id,VARCHAR(100),True,Load batch id for this service case fact.,structural,False
bank_dwh,fact_service_case,fact,customer_service,16,event_id,VARCHAR(100),True,Event id for this service case fact.,structural,False
bank_dwh,fact_service_case,fact,customer_service,17,event_status_code,VARCHAR(50),True,Event status code for this service case fact.,structural,False
bank_dwh,fact_service_case,fact,customer_service,18,currency_code,VARCHAR(50),True,Currency code for this service case fact.,structural,False
bank_dwh,fact_service_case,fact,customer_service,19,interaction_id,VARCHAR(100),True,Synthetic interaction id for service case.,synthetic_extension,False
bank_dwh,fact_service_case,fact,customer_service,20,case_id,VARCHAR(100),True,Synthetic case id for service case.,synthetic_extension,False
bank_dwh,fact_service_case,fact,customer_service,21,campaign_id,VARCHAR(100),True,Synthetic campaign id for service case.,synthetic_extension,False
bank_dwh,fact_service_case,fact,customer_service,22,complaint_id,VARCHAR(100),True,Synthetic complaint id for service case.,synthetic_extension,False
bank_dwh,fact_service_case,fact,customer_service,23,digital_session_id,VARCHAR(100),True,Synthetic digital session id for service case.,synthetic_extension,False
bank_dwh,fact_service_case,fact,customer_service,24,interaction_type_code,VARCHAR(50),True,Synthetic interaction type code for service case.,synthetic_extension,False
bank_dwh,fact_service_case,fact,customer_service,25,contact_reason_code,VARCHAR(50),True,Synthetic contact reason code for service case.,synthetic_extension,False
bank_dwh,fact_service_case,fact,customer_service,26,contact_channel_code,VARCHAR(50),True,Synthetic contact channel code for service case.,synthetic_extension,False
bank_dwh,fact_service_case,fact,customer_service,27,case_status_code,VARCHAR(50),True,Synthetic case status code for service case.,synthetic_extension,False
bank_dwh,fact_service_case,fact,customer_service,28,case_priority_code,VARCHAR(50),True,Synthetic case priority code for service case.,synthetic_extension,False
bank_dwh,fact_service_case,fact,customer_service,29,resolution_code,VARCHAR(50),True,Synthetic resolution code for service case.,synthetic_extension,False
bank_dwh,fact_service_case,fact,customer_service,30,root_cause_code,VARCHAR(50),True,Synthetic root cause code for service case.,synthetic_extension,False
bank_dwh,fact_service_case,fact,customer_service,31,escalation_level_code,VARCHAR(50),True,Synthetic escalation level code for service case.,synthetic_extension,False
bank_dwh,fact_service_case,fact,customer_service,32,service_level_code,VARCHAR(50),True,Synthetic service level code for service case.,synthetic_extension,False
bank_dwh,fact_service_case,fact,customer_service,33,response_code,VARCHAR(50),True,Synthetic response code for service case.,synthetic_extension,False
bank_dwh,fact_service_case,fact,customer_service,34,contact_started_at,TIMESTAMPTZ,True,Synthetic contact started at for service case.,synthetic_extension,False
bank_dwh,fact_service_case,fact,customer_service,35,contact_ended_at,TIMESTAMPTZ,True,Synthetic contact ended at for service case.,synthetic_extension,False
bank_dwh,fact_service_case,fact,customer_service,36,resolution_at,TIMESTAMPTZ,True,Synthetic resolution at for service case.,synthetic_extension,False
bank_dwh,fact_service_case,fact,customer_service,37,handling_duration_seconds_count,BIGINT,True,Synthetic handling duration seconds count for service case.,synthetic_extension,False
bank_dwh,fact_service_case,fact,customer_service,38,waiting_duration_seconds_count,BIGINT,True,Synthetic waiting duration seconds count for service case.,synthetic_extension,False
bank_dwh,fact_service_case,fact,customer_service,39,satisfaction_score_value,VARCHAR(120),True,Synthetic satisfaction score value for service case.,synthetic_extension,False
bank_dwh,fact_service_case,fact,customer_service,40,sentiment_score_value,VARCHAR(120),True,Synthetic sentiment score value for service case.,synthetic_extension,False
bank_dwh,fact_service_case,fact,customer_service,41,message_count,BIGINT,True,Synthetic message count for service case.,synthetic_extension,False
bank_dwh,fact_service_case,fact,customer_service,42,customer_effort_score_value,VARCHAR(120),True,Synthetic customer effort score value for service case.,synthetic_extension,False
bank_dwh,fact_service_case,fact,customer_service,43,agent_id,VARCHAR(100),True,Synthetic agent id for service case.,synthetic_extension,False
bank_dwh,fact_service_case,fact,customer_service,44,queue_code,VARCHAR(50),True,Synthetic queue code for service case.,synthetic_extension,False
bank_dwh,fact_service_case,fact,customer_service,45,is_escalated,BOOLEAN,True,Synthetic is escalated for service case.,synthetic_extension,False
bank_dwh,fact_service_case,fact,customer_service,46,is_resolved,BOOLEAN,True,Synthetic is resolved for service case.,synthetic_extension,False
bank_dwh,fact_service_case,fact,customer_service,47,is_repeat_contact,BOOLEAN,True,Synthetic is repeat contact for service case.,synthetic_extension,False
bank_dwh,fact_service_case,fact,customer_service,48,is_regulatory_complaint,BOOLEAN,True,Synthetic is regulatory complaint for service case.,synthetic_extension,False
bank_dwh,fact_service_case,fact,customer_service,49,product_interest_code,VARCHAR(50),True,Synthetic product interest code for service case.,synthetic_extension,False
bank_dwh,fact_service_case,fact,customer_service,50,followup_due_date_key,BIGINT,True,Synthetic followup due date key for service case.,synthetic_extension,False
bank_dwh,fact_service_case,fact,customer_service,51,event_type_code,VARCHAR(50),True,Synthetic event type code for service case.,synthetic_extension,False
bank_dwh,fact_service_case,fact,customer_service,52,event_subtype_code,VARCHAR(50),True,Synthetic event subtype code for service case.,synthetic_extension,False
bank_dwh,fact_service_case,fact,customer_service,53,lifecycle_status_code,VARCHAR(50),True,Synthetic lifecycle status code for service case.,synthetic_extension,False
bank_dwh,fact_service_case,fact,customer_service,54,source_event_id,VARCHAR(100),True,Synthetic source event id for service case.,synthetic_extension,False
bank_dwh,fact_digital_session,fact,customer_service,1,digital_session_fact_key,BIGINT,False,Synthetic surrogate key for fact_digital_session.,structural,True
bank_dwh,fact_digital_session,fact,customer_service,2,business_date_key,BIGINT,False,Business date of this fact row.,structural,False
bank_dwh,fact_digital_session,fact,customer_service,3,customer_key,BIGINT,True,Optional key to dim_customer.,relationship,False
bank_dwh,fact_digital_session,fact,customer_service,4,channel_key,BIGINT,True,Optional key to dim_channel.,relationship,False
bank_dwh,fact_digital_session,fact,customer_service,5,branch_key,BIGINT,True,Optional key to dim_branch.,relationship,False
bank_dwh,fact_digital_session,fact,customer_service,6,employee_key,BIGINT,True,Optional key to dim_employee.,relationship,False
bank_dwh,fact_digital_session,fact,customer_service,7,product_key,BIGINT,True,Optional key to dim_product.,relationship,False
bank_dwh,fact_digital_session,fact,customer_service,8,complaint_category_key,BIGINT,True,Optional key to dim_complaint_category.,relationship,False
bank_dwh,fact_digital_session,fact,customer_service,9,source_system_code,VARCHAR(50),True,Source system code for this digital session fact.,structural,False
bank_dwh,fact_digital_session,fact,customer_service,10,source_record_id,VARCHAR(100),True,Source record id for this digital session fact.,structural,False
bank_dwh,fact_digital_session,fact,customer_service,11,ingested_at,TIMESTAMPTZ,True,Ingested at for this digital session fact.,structural,False
bank_dwh,fact_digital_session,fact,customer_service,12,updated_at,TIMESTAMPTZ,True,Updated at for this digital session fact.,structural,False
bank_dwh,fact_digital_session,fact,customer_service,13,record_hash,VARCHAR(100),True,Record hash for this digital session fact.,structural,False
bank_dwh,fact_digital_session,fact,customer_service,14,data_quality_status_code,VARCHAR(50),True,Data quality status code for this digital session fact.,structural,False
bank_dwh,fact_digital_session,fact,customer_service,15,load_batch_id,VARCHAR(100),True,Load batch id for this digital session fact.,structural,False
bank_dwh,fact_digital_session,fact,customer_service,16,event_id,VARCHAR(100),True,Event id for this digital session fact.,structural,False
bank_dwh,fact_digital_session,fact,customer_service,17,event_status_code,VARCHAR(50),True,Event status code for this digital session fact.,structural,False
bank_dwh,fact_digital_session,fact,customer_service,18,currency_code,VARCHAR(50),True,Currency code for this digital session fact.,structural,False
bank_dwh,fact_digital_session,fact,customer_service,19,interaction_id,VARCHAR(100),True,Synthetic interaction id for digital session.,synthetic_extension,False
bank_dwh,fact_digital_session,fact,customer_service,20,case_id,VARCHAR(100),True,Synthetic case id for digital session.,synthetic_extension,False
bank_dwh,fact_digital_session,fact,customer_service,21,campaign_id,VARCHAR(100),True,Synthetic campaign id for digital session.,synthetic_extension,False
bank_dwh,fact_digital_session,fact,customer_service,22,complaint_id,VARCHAR(100),True,Synthetic complaint id for digital session.,synthetic_extension,False
bank_dwh,fact_digital_session,fact,customer_service,23,digital_session_id,VARCHAR(100),True,Synthetic digital session id for digital session.,synthetic_extension,False
bank_dwh,fact_digital_session,fact,customer_service,24,interaction_type_code,VARCHAR(50),True,Synthetic interaction type code for digital session.,synthetic_extension,False
bank_dwh,fact_digital_session,fact,customer_service,25,contact_reason_code,VARCHAR(50),True,Synthetic contact reason code for digital session.,synthetic_extension,False
bank_dwh,fact_digital_session,fact,customer_service,26,contact_channel_code,VARCHAR(50),True,Synthetic contact channel code for digital session.,synthetic_extension,False
bank_dwh,fact_digital_session,fact,customer_service,27,case_status_code,VARCHAR(50),True,Synthetic case status code for digital session.,synthetic_extension,False
bank_dwh,fact_digital_session,fact,customer_service,28,case_priority_code,VARCHAR(50),True,Synthetic case priority code for digital session.,synthetic_extension,False
bank_dwh,fact_digital_session,fact,customer_service,29,resolution_code,VARCHAR(50),True,Synthetic resolution code for digital session.,synthetic_extension,False
bank_dwh,fact_digital_session,fact,customer_service,30,root_cause_code,VARCHAR(50),True,Synthetic root cause code for digital session.,synthetic_extension,False
bank_dwh,fact_digital_session,fact,customer_service,31,escalation_level_code,VARCHAR(50),True,Synthetic escalation level code for digital session.,synthetic_extension,False
bank_dwh,fact_digital_session,fact,customer_service,32,service_level_code,VARCHAR(50),True,Synthetic service level code for digital session.,synthetic_extension,False
bank_dwh,fact_digital_session,fact,customer_service,33,response_code,VARCHAR(50),True,Synthetic response code for digital session.,synthetic_extension,False
bank_dwh,fact_digital_session,fact,customer_service,34,contact_started_at,TIMESTAMPTZ,True,Synthetic contact started at for digital session.,synthetic_extension,False
bank_dwh,fact_digital_session,fact,customer_service,35,contact_ended_at,TIMESTAMPTZ,True,Synthetic contact ended at for digital session.,synthetic_extension,False
bank_dwh,fact_digital_session,fact,customer_service,36,resolution_at,TIMESTAMPTZ,True,Synthetic resolution at for digital session.,synthetic_extension,False
bank_dwh,fact_digital_session,fact,customer_service,37,handling_duration_seconds_count,BIGINT,True,Synthetic handling duration seconds count for digital session.,synthetic_extension,False
bank_dwh,fact_digital_session,fact,customer_service,38,waiting_duration_seconds_count,BIGINT,True,Synthetic waiting duration seconds count for digital session.,synthetic_extension,False
bank_dwh,fact_digital_session,fact,customer_service,39,satisfaction_score_value,VARCHAR(120),True,Synthetic satisfaction score value for digital session.,synthetic_extension,False
bank_dwh,fact_digital_session,fact,customer_service,40,sentiment_score_value,VARCHAR(120),True,Synthetic sentiment score value for digital session.,synthetic_extension,False
bank_dwh,fact_digital_session,fact,customer_service,41,message_count,BIGINT,True,Synthetic message count for digital session.,synthetic_extension,False
bank_dwh,fact_digital_session,fact,customer_service,42,customer_effort_score_value,VARCHAR(120),True,Synthetic customer effort score value for digital session.,synthetic_extension,False
bank_dwh,fact_digital_session,fact,customer_service,43,agent_id,VARCHAR(100),True,Synthetic agent id for digital session.,synthetic_extension,False
bank_dwh,fact_digital_session,fact,customer_service,44,queue_code,VARCHAR(50),True,Synthetic queue code for digital session.,synthetic_extension,False
bank_dwh,fact_digital_session,fact,customer_service,45,is_escalated,BOOLEAN,True,Synthetic is escalated for digital session.,synthetic_extension,False
bank_dwh,fact_digital_session,fact,customer_service,46,is_resolved,BOOLEAN,True,Synthetic is resolved for digital session.,synthetic_extension,False
bank_dwh,fact_digital_session,fact,customer_service,47,is_repeat_contact,BOOLEAN,True,Synthetic is repeat contact for digital session.,synthetic_extension,False
bank_dwh,fact_digital_session,fact,customer_service,48,is_regulatory_complaint,BOOLEAN,True,Synthetic is regulatory complaint for digital session.,synthetic_extension,False
bank_dwh,fact_digital_session,fact,customer_service,49,product_interest_code,VARCHAR(50),True,Synthetic product interest code for digital session.,synthetic_extension,False
bank_dwh,fact_digital_session,fact,customer_service,50,followup_due_date_key,BIGINT,True,Synthetic followup due date key for digital session.,synthetic_extension,False
bank_dwh,fact_digital_session,fact,customer_service,51,event_type_code,VARCHAR(50),True,Synthetic event type code for digital session.,synthetic_extension,False
bank_dwh,fact_digital_session,fact,customer_service,52,event_subtype_code,VARCHAR(50),True,Synthetic event subtype code for digital session.,synthetic_extension,False
bank_dwh,fact_digital_session,fact,customer_service,53,lifecycle_status_code,VARCHAR(50),True,Synthetic lifecycle status code for digital session.,synthetic_extension,False
bank_dwh,fact_digital_session,fact,customer_service,54,source_event_id,VARCHAR(100),True,Synthetic source event id for digital session.,synthetic_extension,False
bank_dwh,fact_security_position_daily,fact,wealth,1,security_position_daily_fact_key,BIGINT,False,Synthetic surrogate key for fact_security_position_daily.,structural,True
bank_dwh,fact_security_position_daily,fact,wealth,2,business_date_key,BIGINT,False,Business date of this fact row.,structural,False
bank_dwh,fact_security_position_daily,fact,wealth,3,customer_key,BIGINT,True,Optional key to dim_customer.,relationship,False
bank_dwh,fact_security_position_daily,fact,wealth,4,account_key,BIGINT,True,Optional key to dim_account.,relationship,False
bank_dwh,fact_security_position_daily,fact,wealth,5,portfolio_key,BIGINT,True,Optional key to dim_portfolio.,relationship,False
bank_dwh,fact_security_position_daily,fact,wealth,6,security_key,BIGINT,True,Optional key to dim_security.,relationship,False
bank_dwh,fact_security_position_daily,fact,wealth,7,instrument_type_key,BIGINT,True,Optional key to dim_instrument_type.,relationship,False
bank_dwh,fact_security_position_daily,fact,wealth,8,market_key,BIGINT,True,Optional key to dim_market.,relationship,False
bank_dwh,fact_security_position_daily,fact,wealth,9,currency_key,BIGINT,True,Optional key to dim_currency.,relationship,False
bank_dwh,fact_security_position_daily,fact,wealth,10,benchmark_key,BIGINT,True,Optional key to dim_benchmark.,relationship,False
bank_dwh,fact_security_position_daily,fact,wealth,11,source_system_code,VARCHAR(50),True,Source system code for this security position daily fact.,structural,False
bank_dwh,fact_security_position_daily,fact,wealth,12,source_record_id,VARCHAR(100),True,Source record id for this security position daily fact.,structural,False
bank_dwh,fact_security_position_daily,fact,wealth,13,ingested_at,TIMESTAMPTZ,True,Ingested at for this security position daily fact.,structural,False
bank_dwh,fact_security_position_daily,fact,wealth,14,updated_at,TIMESTAMPTZ,True,Updated at for this security position daily fact.,structural,False
bank_dwh,fact_security_position_daily,fact,wealth,15,record_hash,VARCHAR(100),True,Record hash for this security position daily fact.,structural,False
bank_dwh,fact_security_position_daily,fact,wealth,16,data_quality_status_code,VARCHAR(50),True,Data quality status code for this security position daily fact.,structural,False
bank_dwh,fact_security_position_daily,fact,wealth,17,load_batch_id,VARCHAR(100),True,Load batch id for this security position daily fact.,structural,False
bank_dwh,fact_security_position_daily,fact,wealth,18,event_id,VARCHAR(100),True,Event id for this security position daily fact.,structural,False
bank_dwh,fact_security_position_daily,fact,wealth,19,event_status_code,VARCHAR(50),True,Event status code for this security position daily fact.,structural,False
bank_dwh,fact_security_position_daily,fact,wealth,20,currency_code,VARCHAR(50),True,Currency code for this security position daily fact.,structural,False
bank_dwh,fact_security_position_daily,fact,wealth,21,instrument_id,VARCHAR(100),True,Synthetic instrument id for security position daily.,synthetic_extension,False
bank_dwh,fact_security_position_daily,fact,wealth,22,portfolio_id,VARCHAR(100),True,Synthetic portfolio id for security position daily.,synthetic_extension,False
bank_dwh,fact_security_position_daily,fact,wealth,23,trade_id,VARCHAR(100),True,Synthetic trade id for security position daily.,synthetic_extension,False
bank_dwh,fact_security_position_daily,fact,wealth,24,position_id,VARCHAR(100),True,Synthetic position id for security position daily.,synthetic_extension,False
bank_dwh,fact_security_position_daily,fact,wealth,25,market_id,VARCHAR(100),True,Synthetic market id for security position daily.,synthetic_extension,False
bank_dwh,fact_security_position_daily,fact,wealth,26,quantity,"NUMERIC(20,4)",True,Synthetic quantity for security position daily.,synthetic_extension,False
bank_dwh,fact_security_position_daily,fact,wealth,27,units_count,BIGINT,True,Synthetic units count for security position daily.,synthetic_extension,False
bank_dwh,fact_security_position_daily,fact,wealth,28,unit_price_amount,"NUMERIC(20,4)",True,Synthetic unit price amount for security position daily.,synthetic_extension,False
bank_dwh,fact_security_position_daily,fact,wealth,29,trade_price_amount,"NUMERIC(20,4)",True,Synthetic trade price amount for security position daily.,synthetic_extension,False
bank_dwh,fact_security_position_daily,fact,wealth,30,market_price_amount,"NUMERIC(20,4)",True,Synthetic market price amount for security position daily.,synthetic_extension,False
bank_dwh,fact_security_position_daily,fact,wealth,31,market_value_amount,"NUMERIC(20,4)",True,Synthetic market value amount for security position daily.,synthetic_extension,False
bank_dwh,fact_security_position_daily,fact,wealth,32,book_value_amount,"NUMERIC(20,4)",True,Synthetic book value amount for security position daily.,synthetic_extension,False
bank_dwh,fact_security_position_daily,fact,wealth,33,cost_basis_amount,"NUMERIC(20,4)",True,Synthetic cost basis amount for security position daily.,synthetic_extension,False
bank_dwh,fact_security_position_daily,fact,wealth,34,realized_gain_amount,"NUMERIC(20,4)",True,Synthetic realized gain amount for security position daily.,synthetic_extension,False
bank_dwh,fact_security_position_daily,fact,wealth,35,unrealized_gain_amount,"NUMERIC(20,4)",True,Synthetic unrealized gain amount for security position daily.,synthetic_extension,False
bank_dwh,fact_security_position_daily,fact,wealth,36,dividend_amount,"NUMERIC(20,4)",True,Synthetic dividend amount for security position daily.,synthetic_extension,False
bank_dwh,fact_security_position_daily,fact,wealth,37,coupon_amount,"NUMERIC(20,4)",True,Synthetic coupon amount for security position daily.,synthetic_extension,False
bank_dwh,fact_security_position_daily,fact,wealth,38,accrued_income_amount,"NUMERIC(20,4)",True,Synthetic accrued income amount for security position daily.,synthetic_extension,False
bank_dwh,fact_security_position_daily,fact,wealth,39,fee_amount,"NUMERIC(20,4)",True,Synthetic fee amount for security position daily.,synthetic_extension,False
bank_dwh,fact_security_position_daily,fact,wealth,40,tax_amount,"NUMERIC(20,4)",True,Synthetic tax amount for security position daily.,synthetic_extension,False
bank_dwh,fact_security_position_daily,fact,wealth,41,net_asset_value_amount,"NUMERIC(20,4)",True,Synthetic net asset value amount for security position daily.,synthetic_extension,False
bank_dwh,fact_security_position_daily,fact,wealth,42,notional_amount,"NUMERIC(20,4)",True,Synthetic notional amount for security position daily.,synthetic_extension,False
bank_dwh,fact_security_position_daily,fact,wealth,43,trade_date_key,BIGINT,True,Synthetic trade date key for security position daily.,synthetic_extension,False
bank_dwh,fact_security_position_daily,fact,wealth,44,settlement_date_key,BIGINT,True,Synthetic settlement date key for security position daily.,synthetic_extension,False
bank_dwh,fact_security_position_daily,fact,wealth,45,price_date_key,BIGINT,True,Synthetic price date key for security position daily.,synthetic_extension,False
bank_dwh,fact_security_position_daily,fact,wealth,46,exchange_rate,"NUMERIC(14,8)",True,Synthetic exchange rate for security position daily.,synthetic_extension,False
bank_dwh,fact_security_position_daily,fact,wealth,47,market_currency_code,VARCHAR(50),True,Synthetic market currency code for security position daily.,synthetic_extension,False
bank_dwh,fact_security_position_daily,fact,wealth,48,custody_account_id,VARCHAR(100),True,Synthetic custody account id for security position daily.,synthetic_extension,False
bank_dwh,fact_security_position_daily,fact,wealth,49,trade_side_code,VARCHAR(50),True,Synthetic trade side code for security position daily.,synthetic_extension,False
bank_dwh,fact_security_position_daily,fact,wealth,50,execution_venue_code,VARCHAR(50),True,Synthetic execution venue code for security position daily.,synthetic_extension,False
bank_dwh,fact_security_position_daily,fact,wealth,51,valuation_method_code,VARCHAR(50),True,Synthetic valuation method code for security position daily.,synthetic_extension,False
bank_dwh,fact_security_position_daily,fact,wealth,52,pricing_source_code,VARCHAR(50),True,Synthetic pricing source code for security position daily.,synthetic_extension,False
bank_dwh,fact_security_position_daily,fact,wealth,53,is_estimated_price,BOOLEAN,True,Synthetic is estimated price for security position daily.,synthetic_extension,False
bank_dwh,fact_security_position_daily,fact,wealth,54,is_corporate_action_adjusted,BOOLEAN,True,Synthetic is corporate action adjusted for security position daily.,synthetic_extension,False
bank_dwh,fact_security_trade,fact,wealth,1,security_trade_fact_key,BIGINT,False,Synthetic surrogate key for fact_security_trade.,structural,True
bank_dwh,fact_security_trade,fact,wealth,2,business_date_key,BIGINT,False,Business date of this fact row.,structural,False
bank_dwh,fact_security_trade,fact,wealth,3,customer_key,BIGINT,True,Optional key to dim_customer.,relationship,False
bank_dwh,fact_security_trade,fact,wealth,4,account_key,BIGINT,True,Optional key to dim_account.,relationship,False
bank_dwh,fact_security_trade,fact,wealth,5,portfolio_key,BIGINT,True,Optional key to dim_portfolio.,relationship,False
bank_dwh,fact_security_trade,fact,wealth,6,security_key,BIGINT,True,Optional key to dim_security.,relationship,False
bank_dwh,fact_security_trade,fact,wealth,7,instrument_type_key,BIGINT,True,Optional key to dim_instrument_type.,relationship,False
bank_dwh,fact_security_trade,fact,wealth,8,market_key,BIGINT,True,Optional key to dim_market.,relationship,False
bank_dwh,fact_security_trade,fact,wealth,9,currency_key,BIGINT,True,Optional key to dim_currency.,relationship,False
bank_dwh,fact_security_trade,fact,wealth,10,benchmark_key,BIGINT,True,Optional key to dim_benchmark.,relationship,False
bank_dwh,fact_security_trade,fact,wealth,11,source_system_code,VARCHAR(50),True,Source system code for this security trade fact.,structural,False
bank_dwh,fact_security_trade,fact,wealth,12,source_record_id,VARCHAR(100),True,Source record id for this security trade fact.,structural,False
bank_dwh,fact_security_trade,fact,wealth,13,ingested_at,TIMESTAMPTZ,True,Ingested at for this security trade fact.,structural,False
bank_dwh,fact_security_trade,fact,wealth,14,updated_at,TIMESTAMPTZ,True,Updated at for this security trade fact.,structural,False
bank_dwh,fact_security_trade,fact,wealth,15,record_hash,VARCHAR(100),True,Record hash for this security trade fact.,structural,False
bank_dwh,fact_security_trade,fact,wealth,16,data_quality_status_code,VARCHAR(50),True,Data quality status code for this security trade fact.,structural,False
bank_dwh,fact_security_trade,fact,wealth,17,load_batch_id,VARCHAR(100),True,Load batch id for this security trade fact.,structural,False
bank_dwh,fact_security_trade,fact,wealth,18,event_id,VARCHAR(100),True,Event id for this security trade fact.,structural,False
bank_dwh,fact_security_trade,fact,wealth,19,event_status_code,VARCHAR(50),True,Event status code for this security trade fact.,structural,False
bank_dwh,fact_security_trade,fact,wealth,20,currency_code,VARCHAR(50),True,Currency code for this security trade fact.,structural,False
bank_dwh,fact_security_trade,fact,wealth,21,instrument_id,VARCHAR(100),True,Synthetic instrument id for security trade.,synthetic_extension,False
bank_dwh,fact_security_trade,fact,wealth,22,portfolio_id,VARCHAR(100),True,Synthetic portfolio id for security trade.,synthetic_extension,False
bank_dwh,fact_security_trade,fact,wealth,23,trade_id,VARCHAR(100),True,Synthetic trade id for security trade.,synthetic_extension,False
bank_dwh,fact_security_trade,fact,wealth,24,position_id,VARCHAR(100),True,Synthetic position id for security trade.,synthetic_extension,False
bank_dwh,fact_security_trade,fact,wealth,25,market_id,VARCHAR(100),True,Synthetic market id for security trade.,synthetic_extension,False
bank_dwh,fact_security_trade,fact,wealth,26,quantity,"NUMERIC(20,4)",True,Synthetic quantity for security trade.,synthetic_extension,False
bank_dwh,fact_security_trade,fact,wealth,27,units_count,BIGINT,True,Synthetic units count for security trade.,synthetic_extension,False
bank_dwh,fact_security_trade,fact,wealth,28,unit_price_amount,"NUMERIC(20,4)",True,Synthetic unit price amount for security trade.,synthetic_extension,False
bank_dwh,fact_security_trade,fact,wealth,29,trade_price_amount,"NUMERIC(20,4)",True,Synthetic trade price amount for security trade.,synthetic_extension,False
bank_dwh,fact_security_trade,fact,wealth,30,market_price_amount,"NUMERIC(20,4)",True,Synthetic market price amount for security trade.,synthetic_extension,False
bank_dwh,fact_security_trade,fact,wealth,31,market_value_amount,"NUMERIC(20,4)",True,Synthetic market value amount for security trade.,synthetic_extension,False
bank_dwh,fact_security_trade,fact,wealth,32,book_value_amount,"NUMERIC(20,4)",True,Synthetic book value amount for security trade.,synthetic_extension,False
bank_dwh,fact_security_trade,fact,wealth,33,cost_basis_amount,"NUMERIC(20,4)",True,Synthetic cost basis amount for security trade.,synthetic_extension,False
bank_dwh,fact_security_trade,fact,wealth,34,realized_gain_amount,"NUMERIC(20,4)",True,Synthetic realized gain amount for security trade.,synthetic_extension,False
bank_dwh,fact_security_trade,fact,wealth,35,unrealized_gain_amount,"NUMERIC(20,4)",True,Synthetic unrealized gain amount for security trade.,synthetic_extension,False
bank_dwh,fact_security_trade,fact,wealth,36,dividend_amount,"NUMERIC(20,4)",True,Synthetic dividend amount for security trade.,synthetic_extension,False
bank_dwh,fact_security_trade,fact,wealth,37,coupon_amount,"NUMERIC(20,4)",True,Synthetic coupon amount for security trade.,synthetic_extension,False
bank_dwh,fact_security_trade,fact,wealth,38,accrued_income_amount,"NUMERIC(20,4)",True,Synthetic accrued income amount for security trade.,synthetic_extension,False
bank_dwh,fact_security_trade,fact,wealth,39,fee_amount,"NUMERIC(20,4)",True,Synthetic fee amount for security trade.,synthetic_extension,False
bank_dwh,fact_security_trade,fact,wealth,40,tax_amount,"NUMERIC(20,4)",True,Synthetic tax amount for security trade.,synthetic_extension,False
bank_dwh,fact_security_trade,fact,wealth,41,net_asset_value_amount,"NUMERIC(20,4)",True,Synthetic net asset value amount for security trade.,synthetic_extension,False
bank_dwh,fact_security_trade,fact,wealth,42,notional_amount,"NUMERIC(20,4)",True,Synthetic notional amount for security trade.,synthetic_extension,False
bank_dwh,fact_security_trade,fact,wealth,43,trade_date_key,BIGINT,True,Synthetic trade date key for security trade.,synthetic_extension,False
bank_dwh,fact_security_trade,fact,wealth,44,settlement_date_key,BIGINT,True,Synthetic settlement date key for security trade.,synthetic_extension,False
bank_dwh,fact_security_trade,fact,wealth,45,price_date_key,BIGINT,True,Synthetic price date key for security trade.,synthetic_extension,False
bank_dwh,fact_security_trade,fact,wealth,46,exchange_rate,"NUMERIC(14,8)",True,Synthetic exchange rate for security trade.,synthetic_extension,False
bank_dwh,fact_security_trade,fact,wealth,47,market_currency_code,VARCHAR(50),True,Synthetic market currency code for security trade.,synthetic_extension,False
bank_dwh,fact_security_trade,fact,wealth,48,custody_account_id,VARCHAR(100),True,Synthetic custody account id for security trade.,synthetic_extension,False
bank_dwh,fact_security_trade,fact,wealth,49,trade_side_code,VARCHAR(50),True,Synthetic trade side code for security trade.,synthetic_extension,False
bank_dwh,fact_security_trade,fact,wealth,50,execution_venue_code,VARCHAR(50),True,Synthetic execution venue code for security trade.,synthetic_extension,False
bank_dwh,fact_security_trade,fact,wealth,51,valuation_method_code,VARCHAR(50),True,Synthetic valuation method code for security trade.,synthetic_extension,False
bank_dwh,fact_security_trade,fact,wealth,52,pricing_source_code,VARCHAR(50),True,Synthetic pricing source code for security trade.,synthetic_extension,False
bank_dwh,fact_security_trade,fact,wealth,53,is_estimated_price,BOOLEAN,True,Synthetic is estimated price for security trade.,synthetic_extension,False
bank_dwh,fact_security_trade,fact,wealth,54,is_corporate_action_adjusted,BOOLEAN,True,Synthetic is corporate action adjusted for security trade.,synthetic_extension,False
bank_dwh,fact_security_trade,fact,wealth,55,event_type_code,VARCHAR(50),True,Synthetic event type code for security trade.,synthetic_extension,False
bank_dwh,fact_security_trade,fact,wealth,56,event_subtype_code,VARCHAR(50),True,Synthetic event subtype code for security trade.,synthetic_extension,False
bank_dwh,fact_security_trade,fact,wealth,57,lifecycle_status_code,VARCHAR(50),True,Synthetic lifecycle status code for security trade.,synthetic_extension,False
bank_dwh,fact_security_price_daily,fact,wealth,1,security_price_daily_fact_key,BIGINT,False,Synthetic surrogate key for fact_security_price_daily.,structural,True
bank_dwh,fact_security_price_daily,fact,wealth,2,business_date_key,BIGINT,False,Business date of this fact row.,structural,False
bank_dwh,fact_security_price_daily,fact,wealth,3,portfolio_key,BIGINT,True,Optional key to dim_portfolio.,relationship,False
bank_dwh,fact_security_price_daily,fact,wealth,4,security_key,BIGINT,True,Optional key to dim_security.,relationship,False
bank_dwh,fact_security_price_daily,fact,wealth,5,instrument_type_key,BIGINT,True,Optional key to dim_instrument_type.,relationship,False
bank_dwh,fact_security_price_daily,fact,wealth,6,market_key,BIGINT,True,Optional key to dim_market.,relationship,False
bank_dwh,fact_security_price_daily,fact,wealth,7,currency_key,BIGINT,True,Optional key to dim_currency.,relationship,False
bank_dwh,fact_security_price_daily,fact,wealth,8,benchmark_key,BIGINT,True,Optional key to dim_benchmark.,relationship,False
bank_dwh,fact_security_price_daily,fact,wealth,9,source_system_code,VARCHAR(50),True,Source system code for this security price daily fact.,structural,False
bank_dwh,fact_security_price_daily,fact,wealth,10,source_record_id,VARCHAR(100),True,Source record id for this security price daily fact.,structural,False
bank_dwh,fact_security_price_daily,fact,wealth,11,ingested_at,TIMESTAMPTZ,True,Ingested at for this security price daily fact.,structural,False
bank_dwh,fact_security_price_daily,fact,wealth,12,updated_at,TIMESTAMPTZ,True,Updated at for this security price daily fact.,structural,False
bank_dwh,fact_security_price_daily,fact,wealth,13,record_hash,VARCHAR(100),True,Record hash for this security price daily fact.,structural,False
bank_dwh,fact_security_price_daily,fact,wealth,14,data_quality_status_code,VARCHAR(50),True,Data quality status code for this security price daily fact.,structural,False
bank_dwh,fact_security_price_daily,fact,wealth,15,load_batch_id,VARCHAR(100),True,Load batch id for this security price daily fact.,structural,False
bank_dwh,fact_security_price_daily,fact,wealth,16,event_id,VARCHAR(100),True,Event id for this security price daily fact.,structural,False
bank_dwh,fact_security_price_daily,fact,wealth,17,event_status_code,VARCHAR(50),True,Event status code for this security price daily fact.,structural,False
bank_dwh,fact_security_price_daily,fact,wealth,18,currency_code,VARCHAR(50),True,Currency code for this security price daily fact.,structural,False
bank_dwh,fact_security_price_daily,fact,wealth,19,instrument_id,VARCHAR(100),True,Synthetic instrument id for security price daily.,synthetic_extension,False
bank_dwh,fact_security_price_daily,fact,wealth,20,portfolio_id,VARCHAR(100),True,Synthetic portfolio id for security price daily.,synthetic_extension,False
bank_dwh,fact_security_price_daily,fact,wealth,21,trade_id,VARCHAR(100),True,Synthetic trade id for security price daily.,synthetic_extension,False
bank_dwh,fact_security_price_daily,fact,wealth,22,position_id,VARCHAR(100),True,Synthetic position id for security price daily.,synthetic_extension,False
bank_dwh,fact_security_price_daily,fact,wealth,23,market_id,VARCHAR(100),True,Synthetic market id for security price daily.,synthetic_extension,False
bank_dwh,fact_security_price_daily,fact,wealth,24,quantity,"NUMERIC(20,4)",True,Synthetic quantity for security price daily.,synthetic_extension,False
bank_dwh,fact_security_price_daily,fact,wealth,25,units_count,BIGINT,True,Synthetic units count for security price daily.,synthetic_extension,False
bank_dwh,fact_security_price_daily,fact,wealth,26,unit_price_amount,"NUMERIC(20,4)",True,Synthetic unit price amount for security price daily.,synthetic_extension,False
bank_dwh,fact_security_price_daily,fact,wealth,27,trade_price_amount,"NUMERIC(20,4)",True,Synthetic trade price amount for security price daily.,synthetic_extension,False
bank_dwh,fact_security_price_daily,fact,wealth,28,market_price_amount,"NUMERIC(20,4)",True,Synthetic market price amount for security price daily.,synthetic_extension,False
bank_dwh,fact_security_price_daily,fact,wealth,29,market_value_amount,"NUMERIC(20,4)",True,Synthetic market value amount for security price daily.,synthetic_extension,False
bank_dwh,fact_security_price_daily,fact,wealth,30,book_value_amount,"NUMERIC(20,4)",True,Synthetic book value amount for security price daily.,synthetic_extension,False
bank_dwh,fact_security_price_daily,fact,wealth,31,cost_basis_amount,"NUMERIC(20,4)",True,Synthetic cost basis amount for security price daily.,synthetic_extension,False
bank_dwh,fact_security_price_daily,fact,wealth,32,realized_gain_amount,"NUMERIC(20,4)",True,Synthetic realized gain amount for security price daily.,synthetic_extension,False
bank_dwh,fact_security_price_daily,fact,wealth,33,unrealized_gain_amount,"NUMERIC(20,4)",True,Synthetic unrealized gain amount for security price daily.,synthetic_extension,False
bank_dwh,fact_security_price_daily,fact,wealth,34,dividend_amount,"NUMERIC(20,4)",True,Synthetic dividend amount for security price daily.,synthetic_extension,False
bank_dwh,fact_security_price_daily,fact,wealth,35,coupon_amount,"NUMERIC(20,4)",True,Synthetic coupon amount for security price daily.,synthetic_extension,False
bank_dwh,fact_security_price_daily,fact,wealth,36,accrued_income_amount,"NUMERIC(20,4)",True,Synthetic accrued income amount for security price daily.,synthetic_extension,False
bank_dwh,fact_security_price_daily,fact,wealth,37,fee_amount,"NUMERIC(20,4)",True,Synthetic fee amount for security price daily.,synthetic_extension,False
bank_dwh,fact_security_price_daily,fact,wealth,38,tax_amount,"NUMERIC(20,4)",True,Synthetic tax amount for security price daily.,synthetic_extension,False
bank_dwh,fact_security_price_daily,fact,wealth,39,net_asset_value_amount,"NUMERIC(20,4)",True,Synthetic net asset value amount for security price daily.,synthetic_extension,False
bank_dwh,fact_security_price_daily,fact,wealth,40,notional_amount,"NUMERIC(20,4)",True,Synthetic notional amount for security price daily.,synthetic_extension,False
bank_dwh,fact_security_price_daily,fact,wealth,41,trade_date_key,BIGINT,True,Synthetic trade date key for security price daily.,synthetic_extension,False
bank_dwh,fact_security_price_daily,fact,wealth,42,settlement_date_key,BIGINT,True,Synthetic settlement date key for security price daily.,synthetic_extension,False
bank_dwh,fact_security_price_daily,fact,wealth,43,price_date_key,BIGINT,True,Synthetic price date key for security price daily.,synthetic_extension,False
bank_dwh,fact_security_price_daily,fact,wealth,44,exchange_rate,"NUMERIC(14,8)",True,Synthetic exchange rate for security price daily.,synthetic_extension,False
bank_dwh,fact_security_price_daily,fact,wealth,45,market_currency_code,VARCHAR(50),True,Synthetic market currency code for security price daily.,synthetic_extension,False
bank_dwh,fact_security_price_daily,fact,wealth,46,custody_account_id,VARCHAR(100),True,Synthetic custody account id for security price daily.,synthetic_extension,False
bank_dwh,fact_security_price_daily,fact,wealth,47,trade_side_code,VARCHAR(50),True,Synthetic trade side code for security price daily.,synthetic_extension,False
bank_dwh,fact_security_price_daily,fact,wealth,48,execution_venue_code,VARCHAR(50),True,Synthetic execution venue code for security price daily.,synthetic_extension,False
bank_dwh,fact_security_price_daily,fact,wealth,49,valuation_method_code,VARCHAR(50),True,Synthetic valuation method code for security price daily.,synthetic_extension,False
bank_dwh,fact_security_price_daily,fact,wealth,50,pricing_source_code,VARCHAR(50),True,Synthetic pricing source code for security price daily.,synthetic_extension,False
bank_dwh,fact_security_price_daily,fact,wealth,51,is_estimated_price,BOOLEAN,True,Synthetic is estimated price for security price daily.,synthetic_extension,False
bank_dwh,fact_security_price_daily,fact,wealth,52,is_corporate_action_adjusted,BOOLEAN,True,Synthetic is corporate action adjusted for security price daily.,synthetic_extension,False
bank_dwh,fact_security_price_daily,fact,wealth,53,event_type_code,VARCHAR(50),True,Synthetic event type code for security price daily.,synthetic_extension,False
bank_dwh,fact_security_price_daily,fact,wealth,54,event_subtype_code,VARCHAR(50),True,Synthetic event subtype code for security price daily.,synthetic_extension,False
bank_dwh,fact_portfolio_valuation_daily,fact,wealth,1,portfolio_valuation_daily_fact_key,BIGINT,False,Synthetic surrogate key for fact_portfolio_valuation_daily.,structural,True
bank_dwh,fact_portfolio_valuation_daily,fact,wealth,2,business_date_key,BIGINT,False,Business date of this fact row.,structural,False
bank_dwh,fact_portfolio_valuation_daily,fact,wealth,3,customer_key,BIGINT,True,Optional key to dim_customer.,relationship,False
bank_dwh,fact_portfolio_valuation_daily,fact,wealth,4,account_key,BIGINT,True,Optional key to dim_account.,relationship,False
bank_dwh,fact_portfolio_valuation_daily,fact,wealth,5,portfolio_key,BIGINT,True,Optional key to dim_portfolio.,relationship,False
bank_dwh,fact_portfolio_valuation_daily,fact,wealth,6,security_key,BIGINT,True,Optional key to dim_security.,relationship,False
bank_dwh,fact_portfolio_valuation_daily,fact,wealth,7,instrument_type_key,BIGINT,True,Optional key to dim_instrument_type.,relationship,False
bank_dwh,fact_portfolio_valuation_daily,fact,wealth,8,market_key,BIGINT,True,Optional key to dim_market.,relationship,False
bank_dwh,fact_portfolio_valuation_daily,fact,wealth,9,currency_key,BIGINT,True,Optional key to dim_currency.,relationship,False
bank_dwh,fact_portfolio_valuation_daily,fact,wealth,10,benchmark_key,BIGINT,True,Optional key to dim_benchmark.,relationship,False
bank_dwh,fact_portfolio_valuation_daily,fact,wealth,11,source_system_code,VARCHAR(50),True,Source system code for this portfolio valuation daily fact.,structural,False
bank_dwh,fact_portfolio_valuation_daily,fact,wealth,12,source_record_id,VARCHAR(100),True,Source record id for this portfolio valuation daily fact.,structural,False
bank_dwh,fact_portfolio_valuation_daily,fact,wealth,13,ingested_at,TIMESTAMPTZ,True,Ingested at for this portfolio valuation daily fact.,structural,False
bank_dwh,fact_portfolio_valuation_daily,fact,wealth,14,updated_at,TIMESTAMPTZ,True,Updated at for this portfolio valuation daily fact.,structural,False
bank_dwh,fact_portfolio_valuation_daily,fact,wealth,15,record_hash,VARCHAR(100),True,Record hash for this portfolio valuation daily fact.,structural,False
bank_dwh,fact_portfolio_valuation_daily,fact,wealth,16,data_quality_status_code,VARCHAR(50),True,Data quality status code for this portfolio valuation daily fact.,structural,False
bank_dwh,fact_portfolio_valuation_daily,fact,wealth,17,load_batch_id,VARCHAR(100),True,Load batch id for this portfolio valuation daily fact.,structural,False
bank_dwh,fact_portfolio_valuation_daily,fact,wealth,18,event_id,VARCHAR(100),True,Event id for this portfolio valuation daily fact.,structural,False
bank_dwh,fact_portfolio_valuation_daily,fact,wealth,19,event_status_code,VARCHAR(50),True,Event status code for this portfolio valuation daily fact.,structural,False
bank_dwh,fact_portfolio_valuation_daily,fact,wealth,20,currency_code,VARCHAR(50),True,Currency code for this portfolio valuation daily fact.,structural,False
bank_dwh,fact_portfolio_valuation_daily,fact,wealth,21,instrument_id,VARCHAR(100),True,Synthetic instrument id for portfolio valuation daily.,synthetic_extension,False
bank_dwh,fact_portfolio_valuation_daily,fact,wealth,22,portfolio_id,VARCHAR(100),True,Synthetic portfolio id for portfolio valuation daily.,synthetic_extension,False
bank_dwh,fact_portfolio_valuation_daily,fact,wealth,23,trade_id,VARCHAR(100),True,Synthetic trade id for portfolio valuation daily.,synthetic_extension,False
bank_dwh,fact_portfolio_valuation_daily,fact,wealth,24,position_id,VARCHAR(100),True,Synthetic position id for portfolio valuation daily.,synthetic_extension,False
bank_dwh,fact_portfolio_valuation_daily,fact,wealth,25,market_id,VARCHAR(100),True,Synthetic market id for portfolio valuation daily.,synthetic_extension,False
bank_dwh,fact_portfolio_valuation_daily,fact,wealth,26,quantity,"NUMERIC(20,4)",True,Synthetic quantity for portfolio valuation daily.,synthetic_extension,False
bank_dwh,fact_portfolio_valuation_daily,fact,wealth,27,units_count,BIGINT,True,Synthetic units count for portfolio valuation daily.,synthetic_extension,False
bank_dwh,fact_portfolio_valuation_daily,fact,wealth,28,unit_price_amount,"NUMERIC(20,4)",True,Synthetic unit price amount for portfolio valuation daily.,synthetic_extension,False
bank_dwh,fact_portfolio_valuation_daily,fact,wealth,29,trade_price_amount,"NUMERIC(20,4)",True,Synthetic trade price amount for portfolio valuation daily.,synthetic_extension,False
bank_dwh,fact_portfolio_valuation_daily,fact,wealth,30,market_price_amount,"NUMERIC(20,4)",True,Synthetic market price amount for portfolio valuation daily.,synthetic_extension,False
bank_dwh,fact_portfolio_valuation_daily,fact,wealth,31,market_value_amount,"NUMERIC(20,4)",True,Synthetic market value amount for portfolio valuation daily.,synthetic_extension,False
bank_dwh,fact_portfolio_valuation_daily,fact,wealth,32,book_value_amount,"NUMERIC(20,4)",True,Synthetic book value amount for portfolio valuation daily.,synthetic_extension,False
bank_dwh,fact_portfolio_valuation_daily,fact,wealth,33,cost_basis_amount,"NUMERIC(20,4)",True,Synthetic cost basis amount for portfolio valuation daily.,synthetic_extension,False
bank_dwh,fact_portfolio_valuation_daily,fact,wealth,34,realized_gain_amount,"NUMERIC(20,4)",True,Synthetic realized gain amount for portfolio valuation daily.,synthetic_extension,False
bank_dwh,fact_portfolio_valuation_daily,fact,wealth,35,unrealized_gain_amount,"NUMERIC(20,4)",True,Synthetic unrealized gain amount for portfolio valuation daily.,synthetic_extension,False
bank_dwh,fact_portfolio_valuation_daily,fact,wealth,36,dividend_amount,"NUMERIC(20,4)",True,Synthetic dividend amount for portfolio valuation daily.,synthetic_extension,False
bank_dwh,fact_portfolio_valuation_daily,fact,wealth,37,coupon_amount,"NUMERIC(20,4)",True,Synthetic coupon amount for portfolio valuation daily.,synthetic_extension,False
bank_dwh,fact_portfolio_valuation_daily,fact,wealth,38,accrued_income_amount,"NUMERIC(20,4)",True,Synthetic accrued income amount for portfolio valuation daily.,synthetic_extension,False
bank_dwh,fact_portfolio_valuation_daily,fact,wealth,39,fee_amount,"NUMERIC(20,4)",True,Synthetic fee amount for portfolio valuation daily.,synthetic_extension,False
bank_dwh,fact_portfolio_valuation_daily,fact,wealth,40,tax_amount,"NUMERIC(20,4)",True,Synthetic tax amount for portfolio valuation daily.,synthetic_extension,False
bank_dwh,fact_portfolio_valuation_daily,fact,wealth,41,net_asset_value_amount,"NUMERIC(20,4)",True,Synthetic net asset value amount for portfolio valuation daily.,synthetic_extension,False
bank_dwh,fact_portfolio_valuation_daily,fact,wealth,42,notional_amount,"NUMERIC(20,4)",True,Synthetic notional amount for portfolio valuation daily.,synthetic_extension,False
bank_dwh,fact_portfolio_valuation_daily,fact,wealth,43,trade_date_key,BIGINT,True,Synthetic trade date key for portfolio valuation daily.,synthetic_extension,False
bank_dwh,fact_portfolio_valuation_daily,fact,wealth,44,settlement_date_key,BIGINT,True,Synthetic settlement date key for portfolio valuation daily.,synthetic_extension,False
bank_dwh,fact_portfolio_valuation_daily,fact,wealth,45,price_date_key,BIGINT,True,Synthetic price date key for portfolio valuation daily.,synthetic_extension,False
bank_dwh,fact_portfolio_valuation_daily,fact,wealth,46,exchange_rate,"NUMERIC(14,8)",True,Synthetic exchange rate for portfolio valuation daily.,synthetic_extension,False
bank_dwh,fact_portfolio_valuation_daily,fact,wealth,47,market_currency_code,VARCHAR(50),True,Synthetic market currency code for portfolio valuation daily.,synthetic_extension,False
bank_dwh,fact_portfolio_valuation_daily,fact,wealth,48,custody_account_id,VARCHAR(100),True,Synthetic custody account id for portfolio valuation daily.,synthetic_extension,False
bank_dwh,fact_portfolio_valuation_daily,fact,wealth,49,trade_side_code,VARCHAR(50),True,Synthetic trade side code for portfolio valuation daily.,synthetic_extension,False
bank_dwh,fact_portfolio_valuation_daily,fact,wealth,50,execution_venue_code,VARCHAR(50),True,Synthetic execution venue code for portfolio valuation daily.,synthetic_extension,False
bank_dwh,fact_portfolio_valuation_daily,fact,wealth,51,valuation_method_code,VARCHAR(50),True,Synthetic valuation method code for portfolio valuation daily.,synthetic_extension,False
bank_dwh,fact_portfolio_valuation_daily,fact,wealth,52,pricing_source_code,VARCHAR(50),True,Synthetic pricing source code for portfolio valuation daily.,synthetic_extension,False
bank_dwh,fact_portfolio_valuation_daily,fact,wealth,53,is_estimated_price,BOOLEAN,True,Synthetic is estimated price for portfolio valuation daily.,synthetic_extension,False
bank_dwh,fact_portfolio_valuation_daily,fact,wealth,54,is_corporate_action_adjusted,BOOLEAN,True,Synthetic is corporate action adjusted for portfolio valuation daily.,synthetic_extension,False
bank_dwh,fact_investment_fee,fact,wealth,1,investment_fee_fact_key,BIGINT,False,Synthetic surrogate key for fact_investment_fee.,structural,True
bank_dwh,fact_investment_fee,fact,wealth,2,business_date_key,BIGINT,False,Business date of this fact row.,structural,False
bank_dwh,fact_investment_fee,fact,wealth,3,customer_key,BIGINT,True,Optional key to dim_customer.,relationship,False
bank_dwh,fact_investment_fee,fact,wealth,4,account_key,BIGINT,True,Optional key to dim_account.,relationship,False
bank_dwh,fact_investment_fee,fact,wealth,5,portfolio_key,BIGINT,True,Optional key to dim_portfolio.,relationship,False
bank_dwh,fact_investment_fee,fact,wealth,6,security_key,BIGINT,True,Optional key to dim_security.,relationship,False
bank_dwh,fact_investment_fee,fact,wealth,7,instrument_type_key,BIGINT,True,Optional key to dim_instrument_type.,relationship,False
bank_dwh,fact_investment_fee,fact,wealth,8,market_key,BIGINT,True,Optional key to dim_market.,relationship,False
bank_dwh,fact_investment_fee,fact,wealth,9,currency_key,BIGINT,True,Optional key to dim_currency.,relationship,False
bank_dwh,fact_investment_fee,fact,wealth,10,benchmark_key,BIGINT,True,Optional key to dim_benchmark.,relationship,False
bank_dwh,fact_investment_fee,fact,wealth,11,source_system_code,VARCHAR(50),True,Source system code for this investment fee fact.,structural,False
bank_dwh,fact_investment_fee,fact,wealth,12,source_record_id,VARCHAR(100),True,Source record id for this investment fee fact.,structural,False
bank_dwh,fact_investment_fee,fact,wealth,13,ingested_at,TIMESTAMPTZ,True,Ingested at for this investment fee fact.,structural,False
bank_dwh,fact_investment_fee,fact,wealth,14,updated_at,TIMESTAMPTZ,True,Updated at for this investment fee fact.,structural,False
bank_dwh,fact_investment_fee,fact,wealth,15,record_hash,VARCHAR(100),True,Record hash for this investment fee fact.,structural,False
bank_dwh,fact_investment_fee,fact,wealth,16,data_quality_status_code,VARCHAR(50),True,Data quality status code for this investment fee fact.,structural,False
bank_dwh,fact_investment_fee,fact,wealth,17,load_batch_id,VARCHAR(100),True,Load batch id for this investment fee fact.,structural,False
bank_dwh,fact_investment_fee,fact,wealth,18,event_id,VARCHAR(100),True,Event id for this investment fee fact.,structural,False
bank_dwh,fact_investment_fee,fact,wealth,19,event_status_code,VARCHAR(50),True,Event status code for this investment fee fact.,structural,False
bank_dwh,fact_investment_fee,fact,wealth,20,currency_code,VARCHAR(50),True,Currency code for this investment fee fact.,structural,False
bank_dwh,fact_investment_fee,fact,wealth,21,instrument_id,VARCHAR(100),True,Synthetic instrument id for investment fee.,synthetic_extension,False
bank_dwh,fact_investment_fee,fact,wealth,22,portfolio_id,VARCHAR(100),True,Synthetic portfolio id for investment fee.,synthetic_extension,False
bank_dwh,fact_investment_fee,fact,wealth,23,trade_id,VARCHAR(100),True,Synthetic trade id for investment fee.,synthetic_extension,False
bank_dwh,fact_investment_fee,fact,wealth,24,position_id,VARCHAR(100),True,Synthetic position id for investment fee.,synthetic_extension,False
bank_dwh,fact_investment_fee,fact,wealth,25,market_id,VARCHAR(100),True,Synthetic market id for investment fee.,synthetic_extension,False
bank_dwh,fact_investment_fee,fact,wealth,26,quantity,"NUMERIC(20,4)",True,Synthetic quantity for investment fee.,synthetic_extension,False
bank_dwh,fact_investment_fee,fact,wealth,27,units_count,BIGINT,True,Synthetic units count for investment fee.,synthetic_extension,False
bank_dwh,fact_investment_fee,fact,wealth,28,unit_price_amount,"NUMERIC(20,4)",True,Synthetic unit price amount for investment fee.,synthetic_extension,False
bank_dwh,fact_investment_fee,fact,wealth,29,trade_price_amount,"NUMERIC(20,4)",True,Synthetic trade price amount for investment fee.,synthetic_extension,False
bank_dwh,fact_investment_fee,fact,wealth,30,market_price_amount,"NUMERIC(20,4)",True,Synthetic market price amount for investment fee.,synthetic_extension,False
bank_dwh,fact_investment_fee,fact,wealth,31,market_value_amount,"NUMERIC(20,4)",True,Synthetic market value amount for investment fee.,synthetic_extension,False
bank_dwh,fact_investment_fee,fact,wealth,32,book_value_amount,"NUMERIC(20,4)",True,Synthetic book value amount for investment fee.,synthetic_extension,False
bank_dwh,fact_investment_fee,fact,wealth,33,cost_basis_amount,"NUMERIC(20,4)",True,Synthetic cost basis amount for investment fee.,synthetic_extension,False
bank_dwh,fact_investment_fee,fact,wealth,34,realized_gain_amount,"NUMERIC(20,4)",True,Synthetic realized gain amount for investment fee.,synthetic_extension,False
bank_dwh,fact_investment_fee,fact,wealth,35,unrealized_gain_amount,"NUMERIC(20,4)",True,Synthetic unrealized gain amount for investment fee.,synthetic_extension,False
bank_dwh,fact_investment_fee,fact,wealth,36,dividend_amount,"NUMERIC(20,4)",True,Synthetic dividend amount for investment fee.,synthetic_extension,False
bank_dwh,fact_investment_fee,fact,wealth,37,coupon_amount,"NUMERIC(20,4)",True,Synthetic coupon amount for investment fee.,synthetic_extension,False
bank_dwh,fact_investment_fee,fact,wealth,38,accrued_income_amount,"NUMERIC(20,4)",True,Synthetic accrued income amount for investment fee.,synthetic_extension,False
bank_dwh,fact_investment_fee,fact,wealth,39,fee_amount,"NUMERIC(20,4)",True,Synthetic fee amount for investment fee.,synthetic_extension,False
bank_dwh,fact_investment_fee,fact,wealth,40,tax_amount,"NUMERIC(20,4)",True,Synthetic tax amount for investment fee.,synthetic_extension,False
bank_dwh,fact_investment_fee,fact,wealth,41,net_asset_value_amount,"NUMERIC(20,4)",True,Synthetic net asset value amount for investment fee.,synthetic_extension,False
bank_dwh,fact_investment_fee,fact,wealth,42,notional_amount,"NUMERIC(20,4)",True,Synthetic notional amount for investment fee.,synthetic_extension,False
bank_dwh,fact_investment_fee,fact,wealth,43,trade_date_key,BIGINT,True,Synthetic trade date key for investment fee.,synthetic_extension,False
bank_dwh,fact_investment_fee,fact,wealth,44,settlement_date_key,BIGINT,True,Synthetic settlement date key for investment fee.,synthetic_extension,False
bank_dwh,fact_investment_fee,fact,wealth,45,price_date_key,BIGINT,True,Synthetic price date key for investment fee.,synthetic_extension,False
bank_dwh,fact_investment_fee,fact,wealth,46,exchange_rate,"NUMERIC(14,8)",True,Synthetic exchange rate for investment fee.,synthetic_extension,False
bank_dwh,fact_investment_fee,fact,wealth,47,market_currency_code,VARCHAR(50),True,Synthetic market currency code for investment fee.,synthetic_extension,False
bank_dwh,fact_investment_fee,fact,wealth,48,custody_account_id,VARCHAR(100),True,Synthetic custody account id for investment fee.,synthetic_extension,False
bank_dwh,fact_investment_fee,fact,wealth,49,trade_side_code,VARCHAR(50),True,Synthetic trade side code for investment fee.,synthetic_extension,False
bank_dwh,fact_investment_fee,fact,wealth,50,execution_venue_code,VARCHAR(50),True,Synthetic execution venue code for investment fee.,synthetic_extension,False
bank_dwh,fact_investment_fee,fact,wealth,51,valuation_method_code,VARCHAR(50),True,Synthetic valuation method code for investment fee.,synthetic_extension,False
bank_dwh,fact_investment_fee,fact,wealth,52,pricing_source_code,VARCHAR(50),True,Synthetic pricing source code for investment fee.,synthetic_extension,False
bank_dwh,fact_investment_fee,fact,wealth,53,is_estimated_price,BOOLEAN,True,Synthetic is estimated price for investment fee.,synthetic_extension,False
bank_dwh,fact_investment_fee,fact,wealth,54,is_corporate_action_adjusted,BOOLEAN,True,Synthetic is corporate action adjusted for investment fee.,synthetic_extension,False
bank_dwh,fact_corporate_action,fact,wealth,1,corporate_action_fact_key,BIGINT,False,Synthetic surrogate key for fact_corporate_action.,structural,True
bank_dwh,fact_corporate_action,fact,wealth,2,business_date_key,BIGINT,False,Business date of this fact row.,structural,False
bank_dwh,fact_corporate_action,fact,wealth,3,customer_key,BIGINT,True,Optional key to dim_customer.,relationship,False
bank_dwh,fact_corporate_action,fact,wealth,4,account_key,BIGINT,True,Optional key to dim_account.,relationship,False
bank_dwh,fact_corporate_action,fact,wealth,5,portfolio_key,BIGINT,True,Optional key to dim_portfolio.,relationship,False
bank_dwh,fact_corporate_action,fact,wealth,6,security_key,BIGINT,True,Optional key to dim_security.,relationship,False
bank_dwh,fact_corporate_action,fact,wealth,7,instrument_type_key,BIGINT,True,Optional key to dim_instrument_type.,relationship,False
bank_dwh,fact_corporate_action,fact,wealth,8,market_key,BIGINT,True,Optional key to dim_market.,relationship,False
bank_dwh,fact_corporate_action,fact,wealth,9,currency_key,BIGINT,True,Optional key to dim_currency.,relationship,False
bank_dwh,fact_corporate_action,fact,wealth,10,benchmark_key,BIGINT,True,Optional key to dim_benchmark.,relationship,False
bank_dwh,fact_corporate_action,fact,wealth,11,source_system_code,VARCHAR(50),True,Source system code for this corporate action fact.,structural,False
bank_dwh,fact_corporate_action,fact,wealth,12,source_record_id,VARCHAR(100),True,Source record id for this corporate action fact.,structural,False
bank_dwh,fact_corporate_action,fact,wealth,13,ingested_at,TIMESTAMPTZ,True,Ingested at for this corporate action fact.,structural,False
bank_dwh,fact_corporate_action,fact,wealth,14,updated_at,TIMESTAMPTZ,True,Updated at for this corporate action fact.,structural,False
bank_dwh,fact_corporate_action,fact,wealth,15,record_hash,VARCHAR(100),True,Record hash for this corporate action fact.,structural,False
bank_dwh,fact_corporate_action,fact,wealth,16,data_quality_status_code,VARCHAR(50),True,Data quality status code for this corporate action fact.,structural,False
bank_dwh,fact_corporate_action,fact,wealth,17,load_batch_id,VARCHAR(100),True,Load batch id for this corporate action fact.,structural,False
bank_dwh,fact_corporate_action,fact,wealth,18,event_id,VARCHAR(100),True,Event id for this corporate action fact.,structural,False
bank_dwh,fact_corporate_action,fact,wealth,19,event_status_code,VARCHAR(50),True,Event status code for this corporate action fact.,structural,False
bank_dwh,fact_corporate_action,fact,wealth,20,currency_code,VARCHAR(50),True,Currency code for this corporate action fact.,structural,False
bank_dwh,fact_corporate_action,fact,wealth,21,instrument_id,VARCHAR(100),True,Synthetic instrument id for corporate action.,synthetic_extension,False
bank_dwh,fact_corporate_action,fact,wealth,22,portfolio_id,VARCHAR(100),True,Synthetic portfolio id for corporate action.,synthetic_extension,False
bank_dwh,fact_corporate_action,fact,wealth,23,trade_id,VARCHAR(100),True,Synthetic trade id for corporate action.,synthetic_extension,False
bank_dwh,fact_corporate_action,fact,wealth,24,position_id,VARCHAR(100),True,Synthetic position id for corporate action.,synthetic_extension,False
bank_dwh,fact_corporate_action,fact,wealth,25,market_id,VARCHAR(100),True,Synthetic market id for corporate action.,synthetic_extension,False
bank_dwh,fact_corporate_action,fact,wealth,26,quantity,"NUMERIC(20,4)",True,Synthetic quantity for corporate action.,synthetic_extension,False
bank_dwh,fact_corporate_action,fact,wealth,27,units_count,BIGINT,True,Synthetic units count for corporate action.,synthetic_extension,False
bank_dwh,fact_corporate_action,fact,wealth,28,unit_price_amount,"NUMERIC(20,4)",True,Synthetic unit price amount for corporate action.,synthetic_extension,False
bank_dwh,fact_corporate_action,fact,wealth,29,trade_price_amount,"NUMERIC(20,4)",True,Synthetic trade price amount for corporate action.,synthetic_extension,False
bank_dwh,fact_corporate_action,fact,wealth,30,market_price_amount,"NUMERIC(20,4)",True,Synthetic market price amount for corporate action.,synthetic_extension,False
bank_dwh,fact_corporate_action,fact,wealth,31,market_value_amount,"NUMERIC(20,4)",True,Synthetic market value amount for corporate action.,synthetic_extension,False
bank_dwh,fact_corporate_action,fact,wealth,32,book_value_amount,"NUMERIC(20,4)",True,Synthetic book value amount for corporate action.,synthetic_extension,False
bank_dwh,fact_corporate_action,fact,wealth,33,cost_basis_amount,"NUMERIC(20,4)",True,Synthetic cost basis amount for corporate action.,synthetic_extension,False
bank_dwh,fact_corporate_action,fact,wealth,34,realized_gain_amount,"NUMERIC(20,4)",True,Synthetic realized gain amount for corporate action.,synthetic_extension,False
bank_dwh,fact_corporate_action,fact,wealth,35,unrealized_gain_amount,"NUMERIC(20,4)",True,Synthetic unrealized gain amount for corporate action.,synthetic_extension,False
bank_dwh,fact_corporate_action,fact,wealth,36,dividend_amount,"NUMERIC(20,4)",True,Synthetic dividend amount for corporate action.,synthetic_extension,False
bank_dwh,fact_corporate_action,fact,wealth,37,coupon_amount,"NUMERIC(20,4)",True,Synthetic coupon amount for corporate action.,synthetic_extension,False
bank_dwh,fact_corporate_action,fact,wealth,38,accrued_income_amount,"NUMERIC(20,4)",True,Synthetic accrued income amount for corporate action.,synthetic_extension,False
bank_dwh,fact_corporate_action,fact,wealth,39,fee_amount,"NUMERIC(20,4)",True,Synthetic fee amount for corporate action.,synthetic_extension,False
bank_dwh,fact_corporate_action,fact,wealth,40,tax_amount,"NUMERIC(20,4)",True,Synthetic tax amount for corporate action.,synthetic_extension,False
bank_dwh,fact_corporate_action,fact,wealth,41,net_asset_value_amount,"NUMERIC(20,4)",True,Synthetic net asset value amount for corporate action.,synthetic_extension,False
bank_dwh,fact_corporate_action,fact,wealth,42,notional_amount,"NUMERIC(20,4)",True,Synthetic notional amount for corporate action.,synthetic_extension,False
bank_dwh,fact_corporate_action,fact,wealth,43,trade_date_key,BIGINT,True,Synthetic trade date key for corporate action.,synthetic_extension,False
bank_dwh,fact_corporate_action,fact,wealth,44,settlement_date_key,BIGINT,True,Synthetic settlement date key for corporate action.,synthetic_extension,False
bank_dwh,fact_corporate_action,fact,wealth,45,price_date_key,BIGINT,True,Synthetic price date key for corporate action.,synthetic_extension,False
bank_dwh,fact_corporate_action,fact,wealth,46,exchange_rate,"NUMERIC(14,8)",True,Synthetic exchange rate for corporate action.,synthetic_extension,False
bank_dwh,fact_corporate_action,fact,wealth,47,market_currency_code,VARCHAR(50),True,Synthetic market currency code for corporate action.,synthetic_extension,False
bank_dwh,fact_corporate_action,fact,wealth,48,custody_account_id,VARCHAR(100),True,Synthetic custody account id for corporate action.,synthetic_extension,False
bank_dwh,fact_corporate_action,fact,wealth,49,trade_side_code,VARCHAR(50),True,Synthetic trade side code for corporate action.,synthetic_extension,False
bank_dwh,fact_corporate_action,fact,wealth,50,execution_venue_code,VARCHAR(50),True,Synthetic execution venue code for corporate action.,synthetic_extension,False
bank_dwh,fact_corporate_action,fact,wealth,51,valuation_method_code,VARCHAR(50),True,Synthetic valuation method code for corporate action.,synthetic_extension,False
bank_dwh,fact_corporate_action,fact,wealth,52,pricing_source_code,VARCHAR(50),True,Synthetic pricing source code for corporate action.,synthetic_extension,False
bank_dwh,fact_corporate_action,fact,wealth,53,is_estimated_price,BOOLEAN,True,Synthetic is estimated price for corporate action.,synthetic_extension,False
bank_dwh,fact_corporate_action,fact,wealth,54,is_corporate_action_adjusted,BOOLEAN,True,Synthetic is corporate action adjusted for corporate action.,synthetic_extension,False
bank_dwh,fact_fx_trade,fact,treasury_finance,1,fx_trade_fact_key,BIGINT,False,Synthetic surrogate key for fact_fx_trade.,structural,True
bank_dwh,fact_fx_trade,fact,treasury_finance,2,business_date_key,BIGINT,False,Business date of this fact row.,structural,False
bank_dwh,fact_fx_trade,fact,treasury_finance,3,organization_key,BIGINT,True,Optional key to dim_organization.,relationship,False
bank_dwh,fact_fx_trade,fact,treasury_finance,4,branch_key,BIGINT,True,Optional key to dim_branch.,relationship,False
bank_dwh,fact_fx_trade,fact,treasury_finance,5,currency_key,BIGINT,True,Optional key to dim_currency.,relationship,False
bank_dwh,fact_fx_trade,fact,treasury_finance,6,product_key,BIGINT,True,Optional key to dim_product.,relationship,False
bank_dwh,fact_fx_trade,fact,treasury_finance,7,market_key,BIGINT,True,Optional key to dim_market.,relationship,False
bank_dwh,fact_fx_trade,fact,treasury_finance,8,source_system_code,VARCHAR(50),True,Source system code for this fx trade fact.,structural,False
bank_dwh,fact_fx_trade,fact,treasury_finance,9,source_record_id,VARCHAR(100),True,Source record id for this fx trade fact.,structural,False
bank_dwh,fact_fx_trade,fact,treasury_finance,10,ingested_at,TIMESTAMPTZ,True,Ingested at for this fx trade fact.,structural,False
bank_dwh,fact_fx_trade,fact,treasury_finance,11,updated_at,TIMESTAMPTZ,True,Updated at for this fx trade fact.,structural,False
bank_dwh,fact_fx_trade,fact,treasury_finance,12,record_hash,VARCHAR(100),True,Record hash for this fx trade fact.,structural,False
bank_dwh,fact_fx_trade,fact,treasury_finance,13,data_quality_status_code,VARCHAR(50),True,Data quality status code for this fx trade fact.,structural,False
bank_dwh,fact_fx_trade,fact,treasury_finance,14,load_batch_id,VARCHAR(100),True,Load batch id for this fx trade fact.,structural,False
bank_dwh,fact_fx_trade,fact,treasury_finance,15,event_id,VARCHAR(100),True,Event id for this fx trade fact.,structural,False
bank_dwh,fact_fx_trade,fact,treasury_finance,16,event_status_code,VARCHAR(50),True,Event status code for this fx trade fact.,structural,False
bank_dwh,fact_fx_trade,fact,treasury_finance,17,currency_code,VARCHAR(50),True,Currency code for this fx trade fact.,structural,False
bank_dwh,fact_fx_trade,fact,treasury_finance,18,trade_id,VARCHAR(100),True,Synthetic trade id for fx trade.,synthetic_extension,False
bank_dwh,fact_fx_trade,fact,treasury_finance,19,position_id,VARCHAR(100),True,Synthetic position id for fx trade.,synthetic_extension,False
bank_dwh,fact_fx_trade,fact,treasury_finance,20,counterparty_id,VARCHAR(100),True,Synthetic counterparty id for fx trade.,synthetic_extension,False
bank_dwh,fact_fx_trade,fact,treasury_finance,21,trading_book_code,VARCHAR(50),True,Synthetic trading book code for fx trade.,synthetic_extension,False
bank_dwh,fact_fx_trade,fact,treasury_finance,22,legal_entity_code,VARCHAR(50),True,Synthetic legal entity code for fx trade.,synthetic_extension,False
bank_dwh,fact_fx_trade,fact,treasury_finance,23,general_ledger_account_code,VARCHAR(50),True,Synthetic general ledger account code for fx trade.,synthetic_extension,False
bank_dwh,fact_fx_trade,fact,treasury_finance,24,cost_center_code,VARCHAR(50),True,Synthetic cost center code for fx trade.,synthetic_extension,False
bank_dwh,fact_fx_trade,fact,treasury_finance,25,transaction_currency_code,VARCHAR(50),True,Synthetic transaction currency code for fx trade.,synthetic_extension,False
bank_dwh,fact_fx_trade,fact,treasury_finance,26,reporting_currency_code,VARCHAR(50),True,Synthetic reporting currency code for fx trade.,synthetic_extension,False
bank_dwh,fact_fx_trade,fact,treasury_finance,27,notional_amount,"NUMERIC(20,4)",True,Synthetic notional amount for fx trade.,synthetic_extension,False
bank_dwh,fact_fx_trade,fact,treasury_finance,28,market_value_amount,"NUMERIC(20,4)",True,Synthetic market value amount for fx trade.,synthetic_extension,False
bank_dwh,fact_fx_trade,fact,treasury_finance,29,book_value_amount,"NUMERIC(20,4)",True,Synthetic book value amount for fx trade.,synthetic_extension,False
bank_dwh,fact_fx_trade,fact,treasury_finance,30,pnl_amount,"NUMERIC(20,4)",True,Synthetic pnl amount for fx trade.,synthetic_extension,False
bank_dwh,fact_fx_trade,fact,treasury_finance,31,realized_pnl_amount,"NUMERIC(20,4)",True,Synthetic realized pnl amount for fx trade.,synthetic_extension,False
bank_dwh,fact_fx_trade,fact,treasury_finance,32,unrealized_pnl_amount,"NUMERIC(20,4)",True,Synthetic unrealized pnl amount for fx trade.,synthetic_extension,False
bank_dwh,fact_fx_trade,fact,treasury_finance,33,cash_flow_amount,"NUMERIC(20,4)",True,Synthetic cash flow amount for fx trade.,synthetic_extension,False
bank_dwh,fact_fx_trade,fact,treasury_finance,34,funding_amount,"NUMERIC(20,4)",True,Synthetic funding amount for fx trade.,synthetic_extension,False
bank_dwh,fact_fx_trade,fact,treasury_finance,35,reserve_amount,"NUMERIC(20,4)",True,Synthetic reserve amount for fx trade.,synthetic_extension,False
bank_dwh,fact_fx_trade,fact,treasury_finance,36,liquidity_buffer_amount,"NUMERIC(20,4)",True,Synthetic liquidity buffer amount for fx trade.,synthetic_extension,False
bank_dwh,fact_fx_trade,fact,treasury_finance,37,exchange_rate,"NUMERIC(14,8)",True,Synthetic exchange rate for fx trade.,synthetic_extension,False
bank_dwh,fact_fx_trade,fact,treasury_finance,38,reference_rate,"NUMERIC(14,8)",True,Synthetic reference rate for fx trade.,synthetic_extension,False
bank_dwh,fact_fx_trade,fact,treasury_finance,39,margin_rate,"NUMERIC(14,8)",True,Synthetic margin rate for fx trade.,synthetic_extension,False
bank_dwh,fact_fx_trade,fact,treasury_finance,40,effective_date_key,BIGINT,True,Synthetic effective date key for fx trade.,synthetic_extension,False
bank_dwh,fact_fx_trade,fact,treasury_finance,41,maturity_date_key,BIGINT,True,Synthetic maturity date key for fx trade.,synthetic_extension,False
bank_dwh,fact_fx_trade,fact,treasury_finance,42,settlement_date_key,BIGINT,True,Synthetic settlement date key for fx trade.,synthetic_extension,False
bank_dwh,fact_fx_trade,fact,treasury_finance,43,accounting_period_code,VARCHAR(50),True,Synthetic accounting period code for fx trade.,synthetic_extension,False
bank_dwh,fact_fx_trade,fact,treasury_finance,44,posting_status_code,VARCHAR(50),True,Synthetic posting status code for fx trade.,synthetic_extension,False
bank_dwh,fact_fx_trade,fact,treasury_finance,45,hedge_designation_code,VARCHAR(50),True,Synthetic hedge designation code for fx trade.,synthetic_extension,False
bank_dwh,fact_fx_trade,fact,treasury_finance,46,liquidity_bucket_code,VARCHAR(50),True,Synthetic liquidity bucket code for fx trade.,synthetic_extension,False
bank_dwh,fact_fx_trade,fact,treasury_finance,47,maturity_bucket_code,VARCHAR(50),True,Synthetic maturity bucket code for fx trade.,synthetic_extension,False
bank_dwh,fact_fx_trade,fact,treasury_finance,48,accounting_standard_code,VARCHAR(50),True,Synthetic accounting standard code for fx trade.,synthetic_extension,False
bank_dwh,fact_fx_trade,fact,treasury_finance,49,is_intercompany,BOOLEAN,True,Synthetic is intercompany for fx trade.,synthetic_extension,False
bank_dwh,fact_fx_trade,fact,treasury_finance,50,is_hedged,BOOLEAN,True,Synthetic is hedged for fx trade.,synthetic_extension,False
bank_dwh,fact_fx_trade,fact,treasury_finance,51,is_reconciled,BOOLEAN,True,Synthetic is reconciled for fx trade.,synthetic_extension,False
bank_dwh,fact_fx_trade,fact,treasury_finance,52,event_type_code,VARCHAR(50),True,Synthetic event type code for fx trade.,synthetic_extension,False
bank_dwh,fact_fx_trade,fact,treasury_finance,53,event_subtype_code,VARCHAR(50),True,Synthetic event subtype code for fx trade.,synthetic_extension,False
bank_dwh,fact_fx_trade,fact,treasury_finance,54,lifecycle_status_code,VARCHAR(50),True,Synthetic lifecycle status code for fx trade.,synthetic_extension,False
bank_dwh,fact_fx_trade,fact,treasury_finance,55,source_event_id,VARCHAR(100),True,Synthetic source event id for fx trade.,synthetic_extension,False
bank_dwh,fact_fx_trade,fact,treasury_finance,56,source_file_id,VARCHAR(100),True,Synthetic source file id for fx trade.,synthetic_extension,False
bank_dwh,fact_fx_trade,fact,treasury_finance,57,batch_sequence_number,BIGINT,True,Synthetic batch sequence number for fx trade.,synthetic_extension,False
bank_dwh,fact_fx_rate_daily,fact,treasury_finance,1,fx_rate_daily_fact_key,BIGINT,False,Synthetic surrogate key for fact_fx_rate_daily.,structural,True
bank_dwh,fact_fx_rate_daily,fact,treasury_finance,2,business_date_key,BIGINT,False,Business date of this fact row.,structural,False
bank_dwh,fact_fx_rate_daily,fact,treasury_finance,3,organization_key,BIGINT,True,Optional key to dim_organization.,relationship,False
bank_dwh,fact_fx_rate_daily,fact,treasury_finance,4,branch_key,BIGINT,True,Optional key to dim_branch.,relationship,False
bank_dwh,fact_fx_rate_daily,fact,treasury_finance,5,currency_key,BIGINT,True,Optional key to dim_currency.,relationship,False
bank_dwh,fact_fx_rate_daily,fact,treasury_finance,6,product_key,BIGINT,True,Optional key to dim_product.,relationship,False
bank_dwh,fact_fx_rate_daily,fact,treasury_finance,7,market_key,BIGINT,True,Optional key to dim_market.,relationship,False
bank_dwh,fact_fx_rate_daily,fact,treasury_finance,8,source_system_code,VARCHAR(50),True,Source system code for this fx rate daily fact.,structural,False
bank_dwh,fact_fx_rate_daily,fact,treasury_finance,9,source_record_id,VARCHAR(100),True,Source record id for this fx rate daily fact.,structural,False
bank_dwh,fact_fx_rate_daily,fact,treasury_finance,10,ingested_at,TIMESTAMPTZ,True,Ingested at for this fx rate daily fact.,structural,False
bank_dwh,fact_fx_rate_daily,fact,treasury_finance,11,updated_at,TIMESTAMPTZ,True,Updated at for this fx rate daily fact.,structural,False
bank_dwh,fact_fx_rate_daily,fact,treasury_finance,12,record_hash,VARCHAR(100),True,Record hash for this fx rate daily fact.,structural,False
bank_dwh,fact_fx_rate_daily,fact,treasury_finance,13,data_quality_status_code,VARCHAR(50),True,Data quality status code for this fx rate daily fact.,structural,False
bank_dwh,fact_fx_rate_daily,fact,treasury_finance,14,load_batch_id,VARCHAR(100),True,Load batch id for this fx rate daily fact.,structural,False
bank_dwh,fact_fx_rate_daily,fact,treasury_finance,15,event_id,VARCHAR(100),True,Event id for this fx rate daily fact.,structural,False
bank_dwh,fact_fx_rate_daily,fact,treasury_finance,16,event_status_code,VARCHAR(50),True,Event status code for this fx rate daily fact.,structural,False
bank_dwh,fact_fx_rate_daily,fact,treasury_finance,17,currency_code,VARCHAR(50),True,Currency code for this fx rate daily fact.,structural,False
bank_dwh,fact_fx_rate_daily,fact,treasury_finance,18,base_currency_code,VARCHAR(50),True,Synthetic base currency code for fx rate daily.,synthetic_extension,False
bank_dwh,fact_fx_rate_daily,fact,treasury_finance,19,quote_currency_code,VARCHAR(50),True,Synthetic quote currency code for fx rate daily.,synthetic_extension,False
bank_dwh,fact_fx_rate_daily,fact,treasury_finance,20,currency_pair_code,VARCHAR(50),True,Synthetic currency pair code for fx rate daily.,synthetic_extension,False
bank_dwh,fact_fx_rate_daily,fact,treasury_finance,21,market_code,VARCHAR(50),True,Synthetic market code for fx rate daily.,synthetic_extension,False
bank_dwh,fact_fx_rate_daily,fact,treasury_finance,22,rate_type_code,VARCHAR(50),True,Synthetic rate type code for fx rate daily.,synthetic_extension,False
bank_dwh,fact_fx_rate_daily,fact,treasury_finance,23,rate_source_code,VARCHAR(50),True,Synthetic rate source code for fx rate daily.,synthetic_extension,False
bank_dwh,fact_fx_rate_daily,fact,treasury_finance,24,rate_fixing_code,VARCHAR(50),True,Synthetic rate fixing code for fx rate daily.,synthetic_extension,False
bank_dwh,fact_fx_rate_daily,fact,treasury_finance,25,rate_date_key,BIGINT,True,Synthetic rate date key for fx rate daily.,synthetic_extension,False
bank_dwh,fact_fx_rate_daily,fact,treasury_finance,26,effective_date_key,BIGINT,True,Synthetic effective date key for fx rate daily.,synthetic_extension,False
bank_dwh,fact_fx_rate_daily,fact,treasury_finance,27,expiry_date_key,BIGINT,True,Synthetic expiry date key for fx rate daily.,synthetic_extension,False
bank_dwh,fact_fx_rate_daily,fact,treasury_finance,28,bid_rate,"NUMERIC(14,8)",True,Synthetic bid rate for fx rate daily.,synthetic_extension,False
bank_dwh,fact_fx_rate_daily,fact,treasury_finance,29,ask_rate,"NUMERIC(14,8)",True,Synthetic ask rate for fx rate daily.,synthetic_extension,False
bank_dwh,fact_fx_rate_daily,fact,treasury_finance,30,mid_rate,"NUMERIC(14,8)",True,Synthetic mid rate for fx rate daily.,synthetic_extension,False
bank_dwh,fact_fx_rate_daily,fact,treasury_finance,31,spot_rate,"NUMERIC(14,8)",True,Synthetic spot rate for fx rate daily.,synthetic_extension,False
bank_dwh,fact_fx_rate_daily,fact,treasury_finance,32,forward_rate,"NUMERIC(14,8)",True,Synthetic forward rate for fx rate daily.,synthetic_extension,False
bank_dwh,fact_fx_rate_daily,fact,treasury_finance,33,reference_rate,"NUMERIC(14,8)",True,Synthetic reference rate for fx rate daily.,synthetic_extension,False
bank_dwh,fact_fx_rate_daily,fact,treasury_finance,34,official_rate,"NUMERIC(14,8)",True,Synthetic official rate for fx rate daily.,synthetic_extension,False
bank_dwh,fact_fx_rate_daily,fact,treasury_finance,35,opening_rate,"NUMERIC(14,8)",True,Synthetic opening rate for fx rate daily.,synthetic_extension,False
bank_dwh,fact_fx_rate_daily,fact,treasury_finance,36,closing_rate,"NUMERIC(14,8)",True,Synthetic closing rate for fx rate daily.,synthetic_extension,False
bank_dwh,fact_fx_rate_daily,fact,treasury_finance,37,high_rate,"NUMERIC(14,8)",True,Synthetic high rate for fx rate daily.,synthetic_extension,False
bank_dwh,fact_fx_rate_daily,fact,treasury_finance,38,low_rate,"NUMERIC(14,8)",True,Synthetic low rate for fx rate daily.,synthetic_extension,False
bank_dwh,fact_fx_rate_daily,fact,treasury_finance,39,average_rate,"NUMERIC(14,8)",True,Synthetic average rate for fx rate daily.,synthetic_extension,False
bank_dwh,fact_fx_rate_daily,fact,treasury_finance,40,previous_close_rate,"NUMERIC(14,8)",True,Synthetic previous close rate for fx rate daily.,synthetic_extension,False
bank_dwh,fact_fx_rate_daily,fact,treasury_finance,41,rate_change_amount,"NUMERIC(20,4)",True,Synthetic rate change amount for fx rate daily.,synthetic_extension,False
bank_dwh,fact_fx_rate_daily,fact,treasury_finance,42,rate_change_ratio,"NUMERIC(14,8)",True,Synthetic rate change ratio for fx rate daily.,synthetic_extension,False
bank_dwh,fact_fx_rate_daily,fact,treasury_finance,43,quote_precision_count,BIGINT,True,Synthetic quote precision count for fx rate daily.,synthetic_extension,False
bank_dwh,fact_fx_rate_daily,fact,treasury_finance,44,spread_rate,"NUMERIC(14,8)",True,Synthetic spread rate for fx rate daily.,synthetic_extension,False
bank_dwh,fact_fx_rate_daily,fact,treasury_finance,45,forward_points_amount,"NUMERIC(20,4)",True,Synthetic forward points amount for fx rate daily.,synthetic_extension,False
bank_dwh,fact_fx_rate_daily,fact,treasury_finance,46,tenor_days_count,BIGINT,True,Synthetic tenor days count for fx rate daily.,synthetic_extension,False
bank_dwh,fact_fx_rate_daily,fact,treasury_finance,47,fixing_time_code,VARCHAR(50),True,Synthetic fixing time code for fx rate daily.,synthetic_extension,False
bank_dwh,fact_fx_rate_daily,fact,treasury_finance,48,publication_at,TIMESTAMPTZ,True,Synthetic publication at for fx rate daily.,synthetic_extension,False
bank_dwh,fact_fx_rate_daily,fact,treasury_finance,49,effective_at,TIMESTAMPTZ,True,Synthetic effective at for fx rate daily.,synthetic_extension,False
bank_dwh,fact_fx_rate_daily,fact,treasury_finance,50,source_timestamp,TIMESTAMPTZ,True,Synthetic source timestamp for fx rate daily.,synthetic_extension,False
bank_dwh,fact_fx_rate_daily,fact,treasury_finance,51,is_official,BOOLEAN,True,Synthetic is official for fx rate daily.,synthetic_extension,False
bank_dwh,fact_fx_rate_daily,fact,treasury_finance,52,is_estimated,BOOLEAN,True,Synthetic is estimated for fx rate daily.,synthetic_extension,False
bank_dwh,fact_fx_rate_daily,fact,treasury_finance,53,is_interpolated,BOOLEAN,True,Synthetic is interpolated for fx rate daily.,synthetic_extension,False
bank_dwh,fact_fx_rate_daily,fact,treasury_finance,54,is_market_open,BOOLEAN,True,Synthetic is market open for fx rate daily.,synthetic_extension,False
bank_dwh,fact_liquidity_position_daily,fact,treasury_finance,1,liquidity_position_daily_fact_key,BIGINT,False,Synthetic surrogate key for fact_liquidity_position_daily.,structural,True
bank_dwh,fact_liquidity_position_daily,fact,treasury_finance,2,business_date_key,BIGINT,False,Business date of this fact row.,structural,False
bank_dwh,fact_liquidity_position_daily,fact,treasury_finance,3,organization_key,BIGINT,True,Optional key to dim_organization.,relationship,False
bank_dwh,fact_liquidity_position_daily,fact,treasury_finance,4,branch_key,BIGINT,True,Optional key to dim_branch.,relationship,False
bank_dwh,fact_liquidity_position_daily,fact,treasury_finance,5,currency_key,BIGINT,True,Optional key to dim_currency.,relationship,False
bank_dwh,fact_liquidity_position_daily,fact,treasury_finance,6,product_key,BIGINT,True,Optional key to dim_product.,relationship,False
bank_dwh,fact_liquidity_position_daily,fact,treasury_finance,7,market_key,BIGINT,True,Optional key to dim_market.,relationship,False
bank_dwh,fact_liquidity_position_daily,fact,treasury_finance,8,source_system_code,VARCHAR(50),True,Source system code for this liquidity position daily fact.,structural,False
bank_dwh,fact_liquidity_position_daily,fact,treasury_finance,9,source_record_id,VARCHAR(100),True,Source record id for this liquidity position daily fact.,structural,False
bank_dwh,fact_liquidity_position_daily,fact,treasury_finance,10,ingested_at,TIMESTAMPTZ,True,Ingested at for this liquidity position daily fact.,structural,False
bank_dwh,fact_liquidity_position_daily,fact,treasury_finance,11,updated_at,TIMESTAMPTZ,True,Updated at for this liquidity position daily fact.,structural,False
bank_dwh,fact_liquidity_position_daily,fact,treasury_finance,12,record_hash,VARCHAR(100),True,Record hash for this liquidity position daily fact.,structural,False
bank_dwh,fact_liquidity_position_daily,fact,treasury_finance,13,data_quality_status_code,VARCHAR(50),True,Data quality status code for this liquidity position daily fact.,structural,False
bank_dwh,fact_liquidity_position_daily,fact,treasury_finance,14,load_batch_id,VARCHAR(100),True,Load batch id for this liquidity position daily fact.,structural,False
bank_dwh,fact_liquidity_position_daily,fact,treasury_finance,15,event_id,VARCHAR(100),True,Event id for this liquidity position daily fact.,structural,False
bank_dwh,fact_liquidity_position_daily,fact,treasury_finance,16,event_status_code,VARCHAR(50),True,Event status code for this liquidity position daily fact.,structural,False
bank_dwh,fact_liquidity_position_daily,fact,treasury_finance,17,currency_code,VARCHAR(50),True,Currency code for this liquidity position daily fact.,structural,False
bank_dwh,fact_liquidity_position_daily,fact,treasury_finance,18,trade_id,VARCHAR(100),True,Synthetic trade id for liquidity position daily.,synthetic_extension,False
bank_dwh,fact_liquidity_position_daily,fact,treasury_finance,19,position_id,VARCHAR(100),True,Synthetic position id for liquidity position daily.,synthetic_extension,False
bank_dwh,fact_liquidity_position_daily,fact,treasury_finance,20,counterparty_id,VARCHAR(100),True,Synthetic counterparty id for liquidity position daily.,synthetic_extension,False
bank_dwh,fact_liquidity_position_daily,fact,treasury_finance,21,trading_book_code,VARCHAR(50),True,Synthetic trading book code for liquidity position daily.,synthetic_extension,False
bank_dwh,fact_liquidity_position_daily,fact,treasury_finance,22,legal_entity_code,VARCHAR(50),True,Synthetic legal entity code for liquidity position daily.,synthetic_extension,False
bank_dwh,fact_liquidity_position_daily,fact,treasury_finance,23,general_ledger_account_code,VARCHAR(50),True,Synthetic general ledger account code for liquidity position daily.,synthetic_extension,False
bank_dwh,fact_liquidity_position_daily,fact,treasury_finance,24,cost_center_code,VARCHAR(50),True,Synthetic cost center code for liquidity position daily.,synthetic_extension,False
bank_dwh,fact_liquidity_position_daily,fact,treasury_finance,25,transaction_currency_code,VARCHAR(50),True,Synthetic transaction currency code for liquidity position daily.,synthetic_extension,False
bank_dwh,fact_liquidity_position_daily,fact,treasury_finance,26,reporting_currency_code,VARCHAR(50),True,Synthetic reporting currency code for liquidity position daily.,synthetic_extension,False
bank_dwh,fact_liquidity_position_daily,fact,treasury_finance,27,notional_amount,"NUMERIC(20,4)",True,Synthetic notional amount for liquidity position daily.,synthetic_extension,False
bank_dwh,fact_liquidity_position_daily,fact,treasury_finance,28,market_value_amount,"NUMERIC(20,4)",True,Synthetic market value amount for liquidity position daily.,synthetic_extension,False
bank_dwh,fact_liquidity_position_daily,fact,treasury_finance,29,book_value_amount,"NUMERIC(20,4)",True,Synthetic book value amount for liquidity position daily.,synthetic_extension,False
bank_dwh,fact_liquidity_position_daily,fact,treasury_finance,30,pnl_amount,"NUMERIC(20,4)",True,Synthetic pnl amount for liquidity position daily.,synthetic_extension,False
bank_dwh,fact_liquidity_position_daily,fact,treasury_finance,31,realized_pnl_amount,"NUMERIC(20,4)",True,Synthetic realized pnl amount for liquidity position daily.,synthetic_extension,False
bank_dwh,fact_liquidity_position_daily,fact,treasury_finance,32,unrealized_pnl_amount,"NUMERIC(20,4)",True,Synthetic unrealized pnl amount for liquidity position daily.,synthetic_extension,False
bank_dwh,fact_liquidity_position_daily,fact,treasury_finance,33,cash_flow_amount,"NUMERIC(20,4)",True,Synthetic cash flow amount for liquidity position daily.,synthetic_extension,False
bank_dwh,fact_liquidity_position_daily,fact,treasury_finance,34,funding_amount,"NUMERIC(20,4)",True,Synthetic funding amount for liquidity position daily.,synthetic_extension,False
bank_dwh,fact_liquidity_position_daily,fact,treasury_finance,35,reserve_amount,"NUMERIC(20,4)",True,Synthetic reserve amount for liquidity position daily.,synthetic_extension,False
bank_dwh,fact_liquidity_position_daily,fact,treasury_finance,36,liquidity_buffer_amount,"NUMERIC(20,4)",True,Synthetic liquidity buffer amount for liquidity position daily.,synthetic_extension,False
bank_dwh,fact_liquidity_position_daily,fact,treasury_finance,37,exchange_rate,"NUMERIC(14,8)",True,Synthetic exchange rate for liquidity position daily.,synthetic_extension,False
bank_dwh,fact_liquidity_position_daily,fact,treasury_finance,38,reference_rate,"NUMERIC(14,8)",True,Synthetic reference rate for liquidity position daily.,synthetic_extension,False
bank_dwh,fact_liquidity_position_daily,fact,treasury_finance,39,margin_rate,"NUMERIC(14,8)",True,Synthetic margin rate for liquidity position daily.,synthetic_extension,False
bank_dwh,fact_liquidity_position_daily,fact,treasury_finance,40,effective_date_key,BIGINT,True,Synthetic effective date key for liquidity position daily.,synthetic_extension,False
bank_dwh,fact_liquidity_position_daily,fact,treasury_finance,41,maturity_date_key,BIGINT,True,Synthetic maturity date key for liquidity position daily.,synthetic_extension,False
bank_dwh,fact_liquidity_position_daily,fact,treasury_finance,42,settlement_date_key,BIGINT,True,Synthetic settlement date key for liquidity position daily.,synthetic_extension,False
bank_dwh,fact_liquidity_position_daily,fact,treasury_finance,43,accounting_period_code,VARCHAR(50),True,Synthetic accounting period code for liquidity position daily.,synthetic_extension,False
bank_dwh,fact_liquidity_position_daily,fact,treasury_finance,44,posting_status_code,VARCHAR(50),True,Synthetic posting status code for liquidity position daily.,synthetic_extension,False
bank_dwh,fact_liquidity_position_daily,fact,treasury_finance,45,hedge_designation_code,VARCHAR(50),True,Synthetic hedge designation code for liquidity position daily.,synthetic_extension,False
bank_dwh,fact_liquidity_position_daily,fact,treasury_finance,46,liquidity_bucket_code,VARCHAR(50),True,Synthetic liquidity bucket code for liquidity position daily.,synthetic_extension,False
bank_dwh,fact_liquidity_position_daily,fact,treasury_finance,47,maturity_bucket_code,VARCHAR(50),True,Synthetic maturity bucket code for liquidity position daily.,synthetic_extension,False
bank_dwh,fact_liquidity_position_daily,fact,treasury_finance,48,accounting_standard_code,VARCHAR(50),True,Synthetic accounting standard code for liquidity position daily.,synthetic_extension,False
bank_dwh,fact_liquidity_position_daily,fact,treasury_finance,49,is_intercompany,BOOLEAN,True,Synthetic is intercompany for liquidity position daily.,synthetic_extension,False
bank_dwh,fact_liquidity_position_daily,fact,treasury_finance,50,is_hedged,BOOLEAN,True,Synthetic is hedged for liquidity position daily.,synthetic_extension,False
bank_dwh,fact_liquidity_position_daily,fact,treasury_finance,51,is_reconciled,BOOLEAN,True,Synthetic is reconciled for liquidity position daily.,synthetic_extension,False
bank_dwh,fact_liquidity_position_daily,fact,treasury_finance,52,event_type_code,VARCHAR(50),True,Synthetic event type code for liquidity position daily.,synthetic_extension,False
bank_dwh,fact_liquidity_position_daily,fact,treasury_finance,53,event_subtype_code,VARCHAR(50),True,Synthetic event subtype code for liquidity position daily.,synthetic_extension,False
bank_dwh,fact_liquidity_position_daily,fact,treasury_finance,54,lifecycle_status_code,VARCHAR(50),True,Synthetic lifecycle status code for liquidity position daily.,synthetic_extension,False
bank_dwh,fact_treasury_position_daily,fact,treasury_finance,1,treasury_position_daily_fact_key,BIGINT,False,Synthetic surrogate key for fact_treasury_position_daily.,structural,True
bank_dwh,fact_treasury_position_daily,fact,treasury_finance,2,business_date_key,BIGINT,False,Business date of this fact row.,structural,False
bank_dwh,fact_treasury_position_daily,fact,treasury_finance,3,organization_key,BIGINT,True,Optional key to dim_organization.,relationship,False
bank_dwh,fact_treasury_position_daily,fact,treasury_finance,4,branch_key,BIGINT,True,Optional key to dim_branch.,relationship,False
bank_dwh,fact_treasury_position_daily,fact,treasury_finance,5,currency_key,BIGINT,True,Optional key to dim_currency.,relationship,False
bank_dwh,fact_treasury_position_daily,fact,treasury_finance,6,product_key,BIGINT,True,Optional key to dim_product.,relationship,False
bank_dwh,fact_treasury_position_daily,fact,treasury_finance,7,market_key,BIGINT,True,Optional key to dim_market.,relationship,False
bank_dwh,fact_treasury_position_daily,fact,treasury_finance,8,source_system_code,VARCHAR(50),True,Source system code for this treasury position daily fact.,structural,False
bank_dwh,fact_treasury_position_daily,fact,treasury_finance,9,source_record_id,VARCHAR(100),True,Source record id for this treasury position daily fact.,structural,False
bank_dwh,fact_treasury_position_daily,fact,treasury_finance,10,ingested_at,TIMESTAMPTZ,True,Ingested at for this treasury position daily fact.,structural,False
bank_dwh,fact_treasury_position_daily,fact,treasury_finance,11,updated_at,TIMESTAMPTZ,True,Updated at for this treasury position daily fact.,structural,False
bank_dwh,fact_treasury_position_daily,fact,treasury_finance,12,record_hash,VARCHAR(100),True,Record hash for this treasury position daily fact.,structural,False
bank_dwh,fact_treasury_position_daily,fact,treasury_finance,13,data_quality_status_code,VARCHAR(50),True,Data quality status code for this treasury position daily fact.,structural,False
bank_dwh,fact_treasury_position_daily,fact,treasury_finance,14,load_batch_id,VARCHAR(100),True,Load batch id for this treasury position daily fact.,structural,False
bank_dwh,fact_treasury_position_daily,fact,treasury_finance,15,event_id,VARCHAR(100),True,Event id for this treasury position daily fact.,structural,False
bank_dwh,fact_treasury_position_daily,fact,treasury_finance,16,event_status_code,VARCHAR(50),True,Event status code for this treasury position daily fact.,structural,False
bank_dwh,fact_treasury_position_daily,fact,treasury_finance,17,currency_code,VARCHAR(50),True,Currency code for this treasury position daily fact.,structural,False
bank_dwh,fact_treasury_position_daily,fact,treasury_finance,18,trade_id,VARCHAR(100),True,Synthetic trade id for treasury position daily.,synthetic_extension,False
bank_dwh,fact_treasury_position_daily,fact,treasury_finance,19,position_id,VARCHAR(100),True,Synthetic position id for treasury position daily.,synthetic_extension,False
bank_dwh,fact_treasury_position_daily,fact,treasury_finance,20,counterparty_id,VARCHAR(100),True,Synthetic counterparty id for treasury position daily.,synthetic_extension,False
bank_dwh,fact_treasury_position_daily,fact,treasury_finance,21,trading_book_code,VARCHAR(50),True,Synthetic trading book code for treasury position daily.,synthetic_extension,False
bank_dwh,fact_treasury_position_daily,fact,treasury_finance,22,legal_entity_code,VARCHAR(50),True,Synthetic legal entity code for treasury position daily.,synthetic_extension,False
bank_dwh,fact_treasury_position_daily,fact,treasury_finance,23,general_ledger_account_code,VARCHAR(50),True,Synthetic general ledger account code for treasury position daily.,synthetic_extension,False
bank_dwh,fact_treasury_position_daily,fact,treasury_finance,24,cost_center_code,VARCHAR(50),True,Synthetic cost center code for treasury position daily.,synthetic_extension,False
bank_dwh,fact_treasury_position_daily,fact,treasury_finance,25,transaction_currency_code,VARCHAR(50),True,Synthetic transaction currency code for treasury position daily.,synthetic_extension,False
bank_dwh,fact_treasury_position_daily,fact,treasury_finance,26,reporting_currency_code,VARCHAR(50),True,Synthetic reporting currency code for treasury position daily.,synthetic_extension,False
bank_dwh,fact_treasury_position_daily,fact,treasury_finance,27,notional_amount,"NUMERIC(20,4)",True,Synthetic notional amount for treasury position daily.,synthetic_extension,False
bank_dwh,fact_treasury_position_daily,fact,treasury_finance,28,market_value_amount,"NUMERIC(20,4)",True,Synthetic market value amount for treasury position daily.,synthetic_extension,False
bank_dwh,fact_treasury_position_daily,fact,treasury_finance,29,book_value_amount,"NUMERIC(20,4)",True,Synthetic book value amount for treasury position daily.,synthetic_extension,False
bank_dwh,fact_treasury_position_daily,fact,treasury_finance,30,pnl_amount,"NUMERIC(20,4)",True,Synthetic pnl amount for treasury position daily.,synthetic_extension,False
bank_dwh,fact_treasury_position_daily,fact,treasury_finance,31,realized_pnl_amount,"NUMERIC(20,4)",True,Synthetic realized pnl amount for treasury position daily.,synthetic_extension,False
bank_dwh,fact_treasury_position_daily,fact,treasury_finance,32,unrealized_pnl_amount,"NUMERIC(20,4)",True,Synthetic unrealized pnl amount for treasury position daily.,synthetic_extension,False
bank_dwh,fact_treasury_position_daily,fact,treasury_finance,33,cash_flow_amount,"NUMERIC(20,4)",True,Synthetic cash flow amount for treasury position daily.,synthetic_extension,False
bank_dwh,fact_treasury_position_daily,fact,treasury_finance,34,funding_amount,"NUMERIC(20,4)",True,Synthetic funding amount for treasury position daily.,synthetic_extension,False
bank_dwh,fact_treasury_position_daily,fact,treasury_finance,35,reserve_amount,"NUMERIC(20,4)",True,Synthetic reserve amount for treasury position daily.,synthetic_extension,False
bank_dwh,fact_treasury_position_daily,fact,treasury_finance,36,liquidity_buffer_amount,"NUMERIC(20,4)",True,Synthetic liquidity buffer amount for treasury position daily.,synthetic_extension,False
bank_dwh,fact_treasury_position_daily,fact,treasury_finance,37,exchange_rate,"NUMERIC(14,8)",True,Synthetic exchange rate for treasury position daily.,synthetic_extension,False
bank_dwh,fact_treasury_position_daily,fact,treasury_finance,38,reference_rate,"NUMERIC(14,8)",True,Synthetic reference rate for treasury position daily.,synthetic_extension,False
bank_dwh,fact_treasury_position_daily,fact,treasury_finance,39,margin_rate,"NUMERIC(14,8)",True,Synthetic margin rate for treasury position daily.,synthetic_extension,False
bank_dwh,fact_treasury_position_daily,fact,treasury_finance,40,effective_date_key,BIGINT,True,Synthetic effective date key for treasury position daily.,synthetic_extension,False
bank_dwh,fact_treasury_position_daily,fact,treasury_finance,41,maturity_date_key,BIGINT,True,Synthetic maturity date key for treasury position daily.,synthetic_extension,False
bank_dwh,fact_treasury_position_daily,fact,treasury_finance,42,settlement_date_key,BIGINT,True,Synthetic settlement date key for treasury position daily.,synthetic_extension,False
bank_dwh,fact_treasury_position_daily,fact,treasury_finance,43,accounting_period_code,VARCHAR(50),True,Synthetic accounting period code for treasury position daily.,synthetic_extension,False
bank_dwh,fact_treasury_position_daily,fact,treasury_finance,44,posting_status_code,VARCHAR(50),True,Synthetic posting status code for treasury position daily.,synthetic_extension,False
bank_dwh,fact_treasury_position_daily,fact,treasury_finance,45,hedge_designation_code,VARCHAR(50),True,Synthetic hedge designation code for treasury position daily.,synthetic_extension,False
bank_dwh,fact_treasury_position_daily,fact,treasury_finance,46,liquidity_bucket_code,VARCHAR(50),True,Synthetic liquidity bucket code for treasury position daily.,synthetic_extension,False
bank_dwh,fact_treasury_position_daily,fact,treasury_finance,47,maturity_bucket_code,VARCHAR(50),True,Synthetic maturity bucket code for treasury position daily.,synthetic_extension,False
bank_dwh,fact_treasury_position_daily,fact,treasury_finance,48,accounting_standard_code,VARCHAR(50),True,Synthetic accounting standard code for treasury position daily.,synthetic_extension,False
bank_dwh,fact_treasury_position_daily,fact,treasury_finance,49,is_intercompany,BOOLEAN,True,Synthetic is intercompany for treasury position daily.,synthetic_extension,False
bank_dwh,fact_treasury_position_daily,fact,treasury_finance,50,is_hedged,BOOLEAN,True,Synthetic is hedged for treasury position daily.,synthetic_extension,False
bank_dwh,fact_treasury_position_daily,fact,treasury_finance,51,is_reconciled,BOOLEAN,True,Synthetic is reconciled for treasury position daily.,synthetic_extension,False
bank_dwh,fact_treasury_position_daily,fact,treasury_finance,52,event_type_code,VARCHAR(50),True,Synthetic event type code for treasury position daily.,synthetic_extension,False
bank_dwh,fact_treasury_position_daily,fact,treasury_finance,53,event_subtype_code,VARCHAR(50),True,Synthetic event subtype code for treasury position daily.,synthetic_extension,False
bank_dwh,fact_treasury_position_daily,fact,treasury_finance,54,lifecycle_status_code,VARCHAR(50),True,Synthetic lifecycle status code for treasury position daily.,synthetic_extension,False
bank_dwh,fact_general_ledger_entry,fact,treasury_finance,1,general_ledger_entry_fact_key,BIGINT,False,Synthetic surrogate key for fact_general_ledger_entry.,structural,True
bank_dwh,fact_general_ledger_entry,fact,treasury_finance,2,business_date_key,BIGINT,False,Business date of this fact row.,structural,False
bank_dwh,fact_general_ledger_entry,fact,treasury_finance,3,organization_key,BIGINT,True,Optional key to dim_organization.,relationship,False
bank_dwh,fact_general_ledger_entry,fact,treasury_finance,4,branch_key,BIGINT,True,Optional key to dim_branch.,relationship,False
bank_dwh,fact_general_ledger_entry,fact,treasury_finance,5,currency_key,BIGINT,True,Optional key to dim_currency.,relationship,False
bank_dwh,fact_general_ledger_entry,fact,treasury_finance,6,product_key,BIGINT,True,Optional key to dim_product.,relationship,False
bank_dwh,fact_general_ledger_entry,fact,treasury_finance,7,market_key,BIGINT,True,Optional key to dim_market.,relationship,False
bank_dwh,fact_general_ledger_entry,fact,treasury_finance,8,source_system_code,VARCHAR(50),True,Source system code for this general ledger entry fact.,structural,False
bank_dwh,fact_general_ledger_entry,fact,treasury_finance,9,source_record_id,VARCHAR(100),True,Source record id for this general ledger entry fact.,structural,False
bank_dwh,fact_general_ledger_entry,fact,treasury_finance,10,ingested_at,TIMESTAMPTZ,True,Ingested at for this general ledger entry fact.,structural,False
bank_dwh,fact_general_ledger_entry,fact,treasury_finance,11,updated_at,TIMESTAMPTZ,True,Updated at for this general ledger entry fact.,structural,False
bank_dwh,fact_general_ledger_entry,fact,treasury_finance,12,record_hash,VARCHAR(100),True,Record hash for this general ledger entry fact.,structural,False
bank_dwh,fact_general_ledger_entry,fact,treasury_finance,13,data_quality_status_code,VARCHAR(50),True,Data quality status code for this general ledger entry fact.,structural,False
bank_dwh,fact_general_ledger_entry,fact,treasury_finance,14,load_batch_id,VARCHAR(100),True,Load batch id for this general ledger entry fact.,structural,False
bank_dwh,fact_general_ledger_entry,fact,treasury_finance,15,event_id,VARCHAR(100),True,Event id for this general ledger entry fact.,structural,False
bank_dwh,fact_general_ledger_entry,fact,treasury_finance,16,event_status_code,VARCHAR(50),True,Event status code for this general ledger entry fact.,structural,False
bank_dwh,fact_general_ledger_entry,fact,treasury_finance,17,currency_code,VARCHAR(50),True,Currency code for this general ledger entry fact.,structural,False
bank_dwh,fact_general_ledger_entry,fact,treasury_finance,18,trade_id,VARCHAR(100),True,Synthetic trade id for general ledger entry.,synthetic_extension,False
bank_dwh,fact_general_ledger_entry,fact,treasury_finance,19,position_id,VARCHAR(100),True,Synthetic position id for general ledger entry.,synthetic_extension,False
bank_dwh,fact_general_ledger_entry,fact,treasury_finance,20,counterparty_id,VARCHAR(100),True,Synthetic counterparty id for general ledger entry.,synthetic_extension,False
bank_dwh,fact_general_ledger_entry,fact,treasury_finance,21,trading_book_code,VARCHAR(50),True,Synthetic trading book code for general ledger entry.,synthetic_extension,False
bank_dwh,fact_general_ledger_entry,fact,treasury_finance,22,legal_entity_code,VARCHAR(50),True,Synthetic legal entity code for general ledger entry.,synthetic_extension,False
bank_dwh,fact_general_ledger_entry,fact,treasury_finance,23,general_ledger_account_code,VARCHAR(50),True,Synthetic general ledger account code for general ledger entry.,synthetic_extension,False
bank_dwh,fact_general_ledger_entry,fact,treasury_finance,24,cost_center_code,VARCHAR(50),True,Synthetic cost center code for general ledger entry.,synthetic_extension,False
bank_dwh,fact_general_ledger_entry,fact,treasury_finance,25,transaction_currency_code,VARCHAR(50),True,Synthetic transaction currency code for general ledger entry.,synthetic_extension,False
bank_dwh,fact_general_ledger_entry,fact,treasury_finance,26,reporting_currency_code,VARCHAR(50),True,Synthetic reporting currency code for general ledger entry.,synthetic_extension,False
bank_dwh,fact_general_ledger_entry,fact,treasury_finance,27,notional_amount,"NUMERIC(20,4)",True,Synthetic notional amount for general ledger entry.,synthetic_extension,False
bank_dwh,fact_general_ledger_entry,fact,treasury_finance,28,market_value_amount,"NUMERIC(20,4)",True,Synthetic market value amount for general ledger entry.,synthetic_extension,False
bank_dwh,fact_general_ledger_entry,fact,treasury_finance,29,book_value_amount,"NUMERIC(20,4)",True,Synthetic book value amount for general ledger entry.,synthetic_extension,False
bank_dwh,fact_general_ledger_entry,fact,treasury_finance,30,pnl_amount,"NUMERIC(20,4)",True,Synthetic pnl amount for general ledger entry.,synthetic_extension,False
bank_dwh,fact_general_ledger_entry,fact,treasury_finance,31,realized_pnl_amount,"NUMERIC(20,4)",True,Synthetic realized pnl amount for general ledger entry.,synthetic_extension,False
bank_dwh,fact_general_ledger_entry,fact,treasury_finance,32,unrealized_pnl_amount,"NUMERIC(20,4)",True,Synthetic unrealized pnl amount for general ledger entry.,synthetic_extension,False
bank_dwh,fact_general_ledger_entry,fact,treasury_finance,33,cash_flow_amount,"NUMERIC(20,4)",True,Synthetic cash flow amount for general ledger entry.,synthetic_extension,False
bank_dwh,fact_general_ledger_entry,fact,treasury_finance,34,funding_amount,"NUMERIC(20,4)",True,Synthetic funding amount for general ledger entry.,synthetic_extension,False
bank_dwh,fact_general_ledger_entry,fact,treasury_finance,35,reserve_amount,"NUMERIC(20,4)",True,Synthetic reserve amount for general ledger entry.,synthetic_extension,False
bank_dwh,fact_general_ledger_entry,fact,treasury_finance,36,liquidity_buffer_amount,"NUMERIC(20,4)",True,Synthetic liquidity buffer amount for general ledger entry.,synthetic_extension,False
bank_dwh,fact_general_ledger_entry,fact,treasury_finance,37,exchange_rate,"NUMERIC(14,8)",True,Synthetic exchange rate for general ledger entry.,synthetic_extension,False
bank_dwh,fact_general_ledger_entry,fact,treasury_finance,38,reference_rate,"NUMERIC(14,8)",True,Synthetic reference rate for general ledger entry.,synthetic_extension,False
bank_dwh,fact_general_ledger_entry,fact,treasury_finance,39,margin_rate,"NUMERIC(14,8)",True,Synthetic margin rate for general ledger entry.,synthetic_extension,False
bank_dwh,fact_general_ledger_entry,fact,treasury_finance,40,effective_date_key,BIGINT,True,Synthetic effective date key for general ledger entry.,synthetic_extension,False
bank_dwh,fact_general_ledger_entry,fact,treasury_finance,41,maturity_date_key,BIGINT,True,Synthetic maturity date key for general ledger entry.,synthetic_extension,False
bank_dwh,fact_general_ledger_entry,fact,treasury_finance,42,settlement_date_key,BIGINT,True,Synthetic settlement date key for general ledger entry.,synthetic_extension,False
bank_dwh,fact_general_ledger_entry,fact,treasury_finance,43,accounting_period_code,VARCHAR(50),True,Synthetic accounting period code for general ledger entry.,synthetic_extension,False
bank_dwh,fact_general_ledger_entry,fact,treasury_finance,44,posting_status_code,VARCHAR(50),True,Synthetic posting status code for general ledger entry.,synthetic_extension,False
bank_dwh,fact_general_ledger_entry,fact,treasury_finance,45,hedge_designation_code,VARCHAR(50),True,Synthetic hedge designation code for general ledger entry.,synthetic_extension,False
bank_dwh,fact_general_ledger_entry,fact,treasury_finance,46,liquidity_bucket_code,VARCHAR(50),True,Synthetic liquidity bucket code for general ledger entry.,synthetic_extension,False
bank_dwh,fact_general_ledger_entry,fact,treasury_finance,47,maturity_bucket_code,VARCHAR(50),True,Synthetic maturity bucket code for general ledger entry.,synthetic_extension,False
bank_dwh,fact_general_ledger_entry,fact,treasury_finance,48,accounting_standard_code,VARCHAR(50),True,Synthetic accounting standard code for general ledger entry.,synthetic_extension,False
bank_dwh,fact_general_ledger_entry,fact,treasury_finance,49,is_intercompany,BOOLEAN,True,Synthetic is intercompany for general ledger entry.,synthetic_extension,False
bank_dwh,fact_general_ledger_entry,fact,treasury_finance,50,is_hedged,BOOLEAN,True,Synthetic is hedged for general ledger entry.,synthetic_extension,False
bank_dwh,fact_general_ledger_entry,fact,treasury_finance,51,is_reconciled,BOOLEAN,True,Synthetic is reconciled for general ledger entry.,synthetic_extension,False
bank_dwh,fact_general_ledger_entry,fact,treasury_finance,52,event_type_code,VARCHAR(50),True,Synthetic event type code for general ledger entry.,synthetic_extension,False
bank_dwh,fact_general_ledger_entry,fact,treasury_finance,53,event_subtype_code,VARCHAR(50),True,Synthetic event subtype code for general ledger entry.,synthetic_extension,False
bank_dwh,fact_general_ledger_entry,fact,treasury_finance,54,lifecycle_status_code,VARCHAR(50),True,Synthetic lifecycle status code for general ledger entry.,synthetic_extension,False
bank_dwh,fact_gl_balance_monthly,fact,treasury_finance,1,gl_balance_monthly_fact_key,BIGINT,False,Synthetic surrogate key for fact_gl_balance_monthly.,structural,True
bank_dwh,fact_gl_balance_monthly,fact,treasury_finance,2,business_date_key,BIGINT,False,Business date of this fact row.,structural,False
bank_dwh,fact_gl_balance_monthly,fact,treasury_finance,3,organization_key,BIGINT,True,Optional key to dim_organization.,relationship,False
bank_dwh,fact_gl_balance_monthly,fact,treasury_finance,4,branch_key,BIGINT,True,Optional key to dim_branch.,relationship,False
bank_dwh,fact_gl_balance_monthly,fact,treasury_finance,5,currency_key,BIGINT,True,Optional key to dim_currency.,relationship,False
bank_dwh,fact_gl_balance_monthly,fact,treasury_finance,6,product_key,BIGINT,True,Optional key to dim_product.,relationship,False
bank_dwh,fact_gl_balance_monthly,fact,treasury_finance,7,market_key,BIGINT,True,Optional key to dim_market.,relationship,False
bank_dwh,fact_gl_balance_monthly,fact,treasury_finance,8,source_system_code,VARCHAR(50),True,Source system code for this gl balance monthly fact.,structural,False
bank_dwh,fact_gl_balance_monthly,fact,treasury_finance,9,source_record_id,VARCHAR(100),True,Source record id for this gl balance monthly fact.,structural,False
bank_dwh,fact_gl_balance_monthly,fact,treasury_finance,10,ingested_at,TIMESTAMPTZ,True,Ingested at for this gl balance monthly fact.,structural,False
bank_dwh,fact_gl_balance_monthly,fact,treasury_finance,11,updated_at,TIMESTAMPTZ,True,Updated at for this gl balance monthly fact.,structural,False
bank_dwh,fact_gl_balance_monthly,fact,treasury_finance,12,record_hash,VARCHAR(100),True,Record hash for this gl balance monthly fact.,structural,False
bank_dwh,fact_gl_balance_monthly,fact,treasury_finance,13,data_quality_status_code,VARCHAR(50),True,Data quality status code for this gl balance monthly fact.,structural,False
bank_dwh,fact_gl_balance_monthly,fact,treasury_finance,14,load_batch_id,VARCHAR(100),True,Load batch id for this gl balance monthly fact.,structural,False
bank_dwh,fact_gl_balance_monthly,fact,treasury_finance,15,event_id,VARCHAR(100),True,Event id for this gl balance monthly fact.,structural,False
bank_dwh,fact_gl_balance_monthly,fact,treasury_finance,16,event_status_code,VARCHAR(50),True,Event status code for this gl balance monthly fact.,structural,False
bank_dwh,fact_gl_balance_monthly,fact,treasury_finance,17,currency_code,VARCHAR(50),True,Currency code for this gl balance monthly fact.,structural,False
bank_dwh,fact_gl_balance_monthly,fact,treasury_finance,18,trade_id,VARCHAR(100),True,Synthetic trade id for gl balance monthly.,synthetic_extension,False
bank_dwh,fact_gl_balance_monthly,fact,treasury_finance,19,position_id,VARCHAR(100),True,Synthetic position id for gl balance monthly.,synthetic_extension,False
bank_dwh,fact_gl_balance_monthly,fact,treasury_finance,20,counterparty_id,VARCHAR(100),True,Synthetic counterparty id for gl balance monthly.,synthetic_extension,False
bank_dwh,fact_gl_balance_monthly,fact,treasury_finance,21,trading_book_code,VARCHAR(50),True,Synthetic trading book code for gl balance monthly.,synthetic_extension,False
bank_dwh,fact_gl_balance_monthly,fact,treasury_finance,22,legal_entity_code,VARCHAR(50),True,Synthetic legal entity code for gl balance monthly.,synthetic_extension,False
bank_dwh,fact_gl_balance_monthly,fact,treasury_finance,23,general_ledger_account_code,VARCHAR(50),True,Synthetic general ledger account code for gl balance monthly.,synthetic_extension,False
bank_dwh,fact_gl_balance_monthly,fact,treasury_finance,24,cost_center_code,VARCHAR(50),True,Synthetic cost center code for gl balance monthly.,synthetic_extension,False
bank_dwh,fact_gl_balance_monthly,fact,treasury_finance,25,transaction_currency_code,VARCHAR(50),True,Synthetic transaction currency code for gl balance monthly.,synthetic_extension,False
bank_dwh,fact_gl_balance_monthly,fact,treasury_finance,26,reporting_currency_code,VARCHAR(50),True,Synthetic reporting currency code for gl balance monthly.,synthetic_extension,False
bank_dwh,fact_gl_balance_monthly,fact,treasury_finance,27,notional_amount,"NUMERIC(20,4)",True,Synthetic notional amount for gl balance monthly.,synthetic_extension,False
bank_dwh,fact_gl_balance_monthly,fact,treasury_finance,28,market_value_amount,"NUMERIC(20,4)",True,Synthetic market value amount for gl balance monthly.,synthetic_extension,False
bank_dwh,fact_gl_balance_monthly,fact,treasury_finance,29,book_value_amount,"NUMERIC(20,4)",True,Synthetic book value amount for gl balance monthly.,synthetic_extension,False
bank_dwh,fact_gl_balance_monthly,fact,treasury_finance,30,pnl_amount,"NUMERIC(20,4)",True,Synthetic pnl amount for gl balance monthly.,synthetic_extension,False
bank_dwh,fact_gl_balance_monthly,fact,treasury_finance,31,realized_pnl_amount,"NUMERIC(20,4)",True,Synthetic realized pnl amount for gl balance monthly.,synthetic_extension,False
bank_dwh,fact_gl_balance_monthly,fact,treasury_finance,32,unrealized_pnl_amount,"NUMERIC(20,4)",True,Synthetic unrealized pnl amount for gl balance monthly.,synthetic_extension,False
bank_dwh,fact_gl_balance_monthly,fact,treasury_finance,33,cash_flow_amount,"NUMERIC(20,4)",True,Synthetic cash flow amount for gl balance monthly.,synthetic_extension,False
bank_dwh,fact_gl_balance_monthly,fact,treasury_finance,34,funding_amount,"NUMERIC(20,4)",True,Synthetic funding amount for gl balance monthly.,synthetic_extension,False
bank_dwh,fact_gl_balance_monthly,fact,treasury_finance,35,reserve_amount,"NUMERIC(20,4)",True,Synthetic reserve amount for gl balance monthly.,synthetic_extension,False
bank_dwh,fact_gl_balance_monthly,fact,treasury_finance,36,liquidity_buffer_amount,"NUMERIC(20,4)",True,Synthetic liquidity buffer amount for gl balance monthly.,synthetic_extension,False
bank_dwh,fact_gl_balance_monthly,fact,treasury_finance,37,exchange_rate,"NUMERIC(14,8)",True,Synthetic exchange rate for gl balance monthly.,synthetic_extension,False
bank_dwh,fact_gl_balance_monthly,fact,treasury_finance,38,reference_rate,"NUMERIC(14,8)",True,Synthetic reference rate for gl balance monthly.,synthetic_extension,False
bank_dwh,fact_gl_balance_monthly,fact,treasury_finance,39,margin_rate,"NUMERIC(14,8)",True,Synthetic margin rate for gl balance monthly.,synthetic_extension,False
bank_dwh,fact_gl_balance_monthly,fact,treasury_finance,40,effective_date_key,BIGINT,True,Synthetic effective date key for gl balance monthly.,synthetic_extension,False
bank_dwh,fact_gl_balance_monthly,fact,treasury_finance,41,maturity_date_key,BIGINT,True,Synthetic maturity date key for gl balance monthly.,synthetic_extension,False
bank_dwh,fact_gl_balance_monthly,fact,treasury_finance,42,settlement_date_key,BIGINT,True,Synthetic settlement date key for gl balance monthly.,synthetic_extension,False
bank_dwh,fact_gl_balance_monthly,fact,treasury_finance,43,accounting_period_code,VARCHAR(50),True,Synthetic accounting period code for gl balance monthly.,synthetic_extension,False
bank_dwh,fact_gl_balance_monthly,fact,treasury_finance,44,posting_status_code,VARCHAR(50),True,Synthetic posting status code for gl balance monthly.,synthetic_extension,False
bank_dwh,fact_gl_balance_monthly,fact,treasury_finance,45,hedge_designation_code,VARCHAR(50),True,Synthetic hedge designation code for gl balance monthly.,synthetic_extension,False
bank_dwh,fact_gl_balance_monthly,fact,treasury_finance,46,liquidity_bucket_code,VARCHAR(50),True,Synthetic liquidity bucket code for gl balance monthly.,synthetic_extension,False
bank_dwh,fact_gl_balance_monthly,fact,treasury_finance,47,maturity_bucket_code,VARCHAR(50),True,Synthetic maturity bucket code for gl balance monthly.,synthetic_extension,False
bank_dwh,fact_gl_balance_monthly,fact,treasury_finance,48,accounting_standard_code,VARCHAR(50),True,Synthetic accounting standard code for gl balance monthly.,synthetic_extension,False
bank_dwh,fact_gl_balance_monthly,fact,treasury_finance,49,is_intercompany,BOOLEAN,True,Synthetic is intercompany for gl balance monthly.,synthetic_extension,False
bank_dwh,fact_gl_balance_monthly,fact,treasury_finance,50,is_hedged,BOOLEAN,True,Synthetic is hedged for gl balance monthly.,synthetic_extension,False
bank_dwh,fact_gl_balance_monthly,fact,treasury_finance,51,is_reconciled,BOOLEAN,True,Synthetic is reconciled for gl balance monthly.,synthetic_extension,False
bank_dwh,fact_gl_balance_monthly,fact,treasury_finance,52,event_type_code,VARCHAR(50),True,Synthetic event type code for gl balance monthly.,synthetic_extension,False
bank_dwh,fact_gl_balance_monthly,fact,treasury_finance,53,event_subtype_code,VARCHAR(50),True,Synthetic event subtype code for gl balance monthly.,synthetic_extension,False
bank_dwh,fact_gl_balance_monthly,fact,treasury_finance,54,lifecycle_status_code,VARCHAR(50),True,Synthetic lifecycle status code for gl balance monthly.,synthetic_extension,False
bank_dwh,fact_gl_balance_monthly,fact,treasury_finance,55,source_event_id,VARCHAR(100),True,Synthetic source event id for gl balance monthly.,synthetic_extension,False
bank_dwh,fact_gl_balance_monthly,fact,treasury_finance,56,source_file_id,VARCHAR(100),True,Synthetic source file id for gl balance monthly.,synthetic_extension,False
bank_dwh,fact_gl_balance_monthly,fact,treasury_finance,57,batch_sequence_number,BIGINT,True,Synthetic batch sequence number for gl balance monthly.,synthetic_extension,False
bank_dwh,fact_cost_allocation,fact,treasury_finance,1,cost_allocation_fact_key,BIGINT,False,Synthetic surrogate key for fact_cost_allocation.,structural,True
bank_dwh,fact_cost_allocation,fact,treasury_finance,2,business_date_key,BIGINT,False,Business date of this fact row.,structural,False
bank_dwh,fact_cost_allocation,fact,treasury_finance,3,organization_key,BIGINT,True,Optional key to dim_organization.,relationship,False
bank_dwh,fact_cost_allocation,fact,treasury_finance,4,branch_key,BIGINT,True,Optional key to dim_branch.,relationship,False
bank_dwh,fact_cost_allocation,fact,treasury_finance,5,currency_key,BIGINT,True,Optional key to dim_currency.,relationship,False
bank_dwh,fact_cost_allocation,fact,treasury_finance,6,product_key,BIGINT,True,Optional key to dim_product.,relationship,False
bank_dwh,fact_cost_allocation,fact,treasury_finance,7,market_key,BIGINT,True,Optional key to dim_market.,relationship,False
bank_dwh,fact_cost_allocation,fact,treasury_finance,8,source_system_code,VARCHAR(50),True,Source system code for this cost allocation fact.,structural,False
bank_dwh,fact_cost_allocation,fact,treasury_finance,9,source_record_id,VARCHAR(100),True,Source record id for this cost allocation fact.,structural,False
bank_dwh,fact_cost_allocation,fact,treasury_finance,10,ingested_at,TIMESTAMPTZ,True,Ingested at for this cost allocation fact.,structural,False
bank_dwh,fact_cost_allocation,fact,treasury_finance,11,updated_at,TIMESTAMPTZ,True,Updated at for this cost allocation fact.,structural,False
bank_dwh,fact_cost_allocation,fact,treasury_finance,12,record_hash,VARCHAR(100),True,Record hash for this cost allocation fact.,structural,False
bank_dwh,fact_cost_allocation,fact,treasury_finance,13,data_quality_status_code,VARCHAR(50),True,Data quality status code for this cost allocation fact.,structural,False
bank_dwh,fact_cost_allocation,fact,treasury_finance,14,load_batch_id,VARCHAR(100),True,Load batch id for this cost allocation fact.,structural,False
bank_dwh,fact_cost_allocation,fact,treasury_finance,15,event_id,VARCHAR(100),True,Event id for this cost allocation fact.,structural,False
bank_dwh,fact_cost_allocation,fact,treasury_finance,16,event_status_code,VARCHAR(50),True,Event status code for this cost allocation fact.,structural,False
bank_dwh,fact_cost_allocation,fact,treasury_finance,17,currency_code,VARCHAR(50),True,Currency code for this cost allocation fact.,structural,False
bank_dwh,fact_cost_allocation,fact,treasury_finance,18,trade_id,VARCHAR(100),True,Synthetic trade id for cost allocation.,synthetic_extension,False
bank_dwh,fact_cost_allocation,fact,treasury_finance,19,position_id,VARCHAR(100),True,Synthetic position id for cost allocation.,synthetic_extension,False
bank_dwh,fact_cost_allocation,fact,treasury_finance,20,counterparty_id,VARCHAR(100),True,Synthetic counterparty id for cost allocation.,synthetic_extension,False
bank_dwh,fact_cost_allocation,fact,treasury_finance,21,trading_book_code,VARCHAR(50),True,Synthetic trading book code for cost allocation.,synthetic_extension,False
bank_dwh,fact_cost_allocation,fact,treasury_finance,22,legal_entity_code,VARCHAR(50),True,Synthetic legal entity code for cost allocation.,synthetic_extension,False
bank_dwh,fact_cost_allocation,fact,treasury_finance,23,general_ledger_account_code,VARCHAR(50),True,Synthetic general ledger account code for cost allocation.,synthetic_extension,False
bank_dwh,fact_cost_allocation,fact,treasury_finance,24,cost_center_code,VARCHAR(50),True,Synthetic cost center code for cost allocation.,synthetic_extension,False
bank_dwh,fact_cost_allocation,fact,treasury_finance,25,transaction_currency_code,VARCHAR(50),True,Synthetic transaction currency code for cost allocation.,synthetic_extension,False
bank_dwh,fact_cost_allocation,fact,treasury_finance,26,reporting_currency_code,VARCHAR(50),True,Synthetic reporting currency code for cost allocation.,synthetic_extension,False
bank_dwh,fact_cost_allocation,fact,treasury_finance,27,notional_amount,"NUMERIC(20,4)",True,Synthetic notional amount for cost allocation.,synthetic_extension,False
bank_dwh,fact_cost_allocation,fact,treasury_finance,28,market_value_amount,"NUMERIC(20,4)",True,Synthetic market value amount for cost allocation.,synthetic_extension,False
bank_dwh,fact_cost_allocation,fact,treasury_finance,29,book_value_amount,"NUMERIC(20,4)",True,Synthetic book value amount for cost allocation.,synthetic_extension,False
bank_dwh,fact_cost_allocation,fact,treasury_finance,30,pnl_amount,"NUMERIC(20,4)",True,Synthetic pnl amount for cost allocation.,synthetic_extension,False
bank_dwh,fact_cost_allocation,fact,treasury_finance,31,realized_pnl_amount,"NUMERIC(20,4)",True,Synthetic realized pnl amount for cost allocation.,synthetic_extension,False
bank_dwh,fact_cost_allocation,fact,treasury_finance,32,unrealized_pnl_amount,"NUMERIC(20,4)",True,Synthetic unrealized pnl amount for cost allocation.,synthetic_extension,False
bank_dwh,fact_cost_allocation,fact,treasury_finance,33,cash_flow_amount,"NUMERIC(20,4)",True,Synthetic cash flow amount for cost allocation.,synthetic_extension,False
bank_dwh,fact_cost_allocation,fact,treasury_finance,34,funding_amount,"NUMERIC(20,4)",True,Synthetic funding amount for cost allocation.,synthetic_extension,False
bank_dwh,fact_cost_allocation,fact,treasury_finance,35,reserve_amount,"NUMERIC(20,4)",True,Synthetic reserve amount for cost allocation.,synthetic_extension,False
bank_dwh,fact_cost_allocation,fact,treasury_finance,36,liquidity_buffer_amount,"NUMERIC(20,4)",True,Synthetic liquidity buffer amount for cost allocation.,synthetic_extension,False
bank_dwh,fact_cost_allocation,fact,treasury_finance,37,exchange_rate,"NUMERIC(14,8)",True,Synthetic exchange rate for cost allocation.,synthetic_extension,False
bank_dwh,fact_cost_allocation,fact,treasury_finance,38,reference_rate,"NUMERIC(14,8)",True,Synthetic reference rate for cost allocation.,synthetic_extension,False
bank_dwh,fact_cost_allocation,fact,treasury_finance,39,margin_rate,"NUMERIC(14,8)",True,Synthetic margin rate for cost allocation.,synthetic_extension,False
bank_dwh,fact_cost_allocation,fact,treasury_finance,40,effective_date_key,BIGINT,True,Synthetic effective date key for cost allocation.,synthetic_extension,False
bank_dwh,fact_cost_allocation,fact,treasury_finance,41,maturity_date_key,BIGINT,True,Synthetic maturity date key for cost allocation.,synthetic_extension,False
bank_dwh,fact_cost_allocation,fact,treasury_finance,42,settlement_date_key,BIGINT,True,Synthetic settlement date key for cost allocation.,synthetic_extension,False
bank_dwh,fact_cost_allocation,fact,treasury_finance,43,accounting_period_code,VARCHAR(50),True,Synthetic accounting period code for cost allocation.,synthetic_extension,False
bank_dwh,fact_cost_allocation,fact,treasury_finance,44,posting_status_code,VARCHAR(50),True,Synthetic posting status code for cost allocation.,synthetic_extension,False
bank_dwh,fact_cost_allocation,fact,treasury_finance,45,hedge_designation_code,VARCHAR(50),True,Synthetic hedge designation code for cost allocation.,synthetic_extension,False
bank_dwh,fact_cost_allocation,fact,treasury_finance,46,liquidity_bucket_code,VARCHAR(50),True,Synthetic liquidity bucket code for cost allocation.,synthetic_extension,False
bank_dwh,fact_cost_allocation,fact,treasury_finance,47,maturity_bucket_code,VARCHAR(50),True,Synthetic maturity bucket code for cost allocation.,synthetic_extension,False
bank_dwh,fact_cost_allocation,fact,treasury_finance,48,accounting_standard_code,VARCHAR(50),True,Synthetic accounting standard code for cost allocation.,synthetic_extension,False
bank_dwh,fact_cost_allocation,fact,treasury_finance,49,is_intercompany,BOOLEAN,True,Synthetic is intercompany for cost allocation.,synthetic_extension,False
bank_dwh,fact_cost_allocation,fact,treasury_finance,50,is_hedged,BOOLEAN,True,Synthetic is hedged for cost allocation.,synthetic_extension,False
bank_dwh,fact_cost_allocation,fact,treasury_finance,51,is_reconciled,BOOLEAN,True,Synthetic is reconciled for cost allocation.,synthetic_extension,False
bank_dwh,fact_cost_allocation,fact,treasury_finance,52,event_type_code,VARCHAR(50),True,Synthetic event type code for cost allocation.,synthetic_extension,False
bank_dwh,fact_cost_allocation,fact,treasury_finance,53,event_subtype_code,VARCHAR(50),True,Synthetic event subtype code for cost allocation.,synthetic_extension,False
bank_dwh,fact_cost_allocation,fact,treasury_finance,54,lifecycle_status_code,VARCHAR(50),True,Synthetic lifecycle status code for cost allocation.,synthetic_extension,False
bank_dwh,fact_credit_risk_exposure_daily,fact,risk_compliance,1,credit_risk_exposure_daily_fact_key,BIGINT,False,Synthetic surrogate key for fact_credit_risk_exposure_daily.,structural,True
bank_dwh,fact_credit_risk_exposure_daily,fact,risk_compliance,2,business_date_key,BIGINT,False,Business date of this fact row.,structural,False
bank_dwh,fact_credit_risk_exposure_daily,fact,risk_compliance,3,customer_key,BIGINT,True,Optional key to dim_customer.,relationship,False
bank_dwh,fact_credit_risk_exposure_daily,fact,risk_compliance,4,account_key,BIGINT,True,Optional key to dim_account.,relationship,False
bank_dwh,fact_credit_risk_exposure_daily,fact,risk_compliance,5,organization_key,BIGINT,True,Optional key to dim_organization.,relationship,False
bank_dwh,fact_credit_risk_exposure_daily,fact,risk_compliance,6,jurisdiction_key,BIGINT,True,Optional key to dim_jurisdiction.,relationship,False
bank_dwh,fact_credit_risk_exposure_daily,fact,risk_compliance,7,risk_model_key,BIGINT,True,Optional key to dim_risk_model.,relationship,False
bank_dwh,fact_credit_risk_exposure_daily,fact,risk_compliance,8,currency_key,BIGINT,True,Optional key to dim_currency.,relationship,False
bank_dwh,fact_credit_risk_exposure_daily,fact,risk_compliance,9,branch_key,BIGINT,True,Optional key to dim_branch.,relationship,False
bank_dwh,fact_credit_risk_exposure_daily,fact,risk_compliance,10,source_system_code,VARCHAR(50),True,Source system code for this credit risk exposure daily fact.,structural,False
bank_dwh,fact_credit_risk_exposure_daily,fact,risk_compliance,11,source_record_id,VARCHAR(100),True,Source record id for this credit risk exposure daily fact.,structural,False
bank_dwh,fact_credit_risk_exposure_daily,fact,risk_compliance,12,ingested_at,TIMESTAMPTZ,True,Ingested at for this credit risk exposure daily fact.,structural,False
bank_dwh,fact_credit_risk_exposure_daily,fact,risk_compliance,13,updated_at,TIMESTAMPTZ,True,Updated at for this credit risk exposure daily fact.,structural,False
bank_dwh,fact_credit_risk_exposure_daily,fact,risk_compliance,14,record_hash,VARCHAR(100),True,Record hash for this credit risk exposure daily fact.,structural,False
bank_dwh,fact_credit_risk_exposure_daily,fact,risk_compliance,15,data_quality_status_code,VARCHAR(50),True,Data quality status code for this credit risk exposure daily fact.,structural,False
bank_dwh,fact_credit_risk_exposure_daily,fact,risk_compliance,16,load_batch_id,VARCHAR(100),True,Load batch id for this credit risk exposure daily fact.,structural,False
bank_dwh,fact_credit_risk_exposure_daily,fact,risk_compliance,17,event_id,VARCHAR(100),True,Event id for this credit risk exposure daily fact.,structural,False
bank_dwh,fact_credit_risk_exposure_daily,fact,risk_compliance,18,event_status_code,VARCHAR(50),True,Event status code for this credit risk exposure daily fact.,structural,False
bank_dwh,fact_credit_risk_exposure_daily,fact,risk_compliance,19,currency_code,VARCHAR(50),True,Currency code for this credit risk exposure daily fact.,structural,False
bank_dwh,fact_credit_risk_exposure_daily,fact,risk_compliance,20,risk_event_id,VARCHAR(100),True,Synthetic risk event id for credit risk exposure daily.,synthetic_extension,False
bank_dwh,fact_credit_risk_exposure_daily,fact,risk_compliance,21,exposure_id,VARCHAR(100),True,Synthetic exposure id for credit risk exposure daily.,synthetic_extension,False
bank_dwh,fact_credit_risk_exposure_daily,fact,risk_compliance,22,alert_id,VARCHAR(100),True,Synthetic alert id for credit risk exposure daily.,synthetic_extension,False
bank_dwh,fact_credit_risk_exposure_daily,fact,risk_compliance,23,case_id,VARCHAR(100),True,Synthetic case id for credit risk exposure daily.,synthetic_extension,False
bank_dwh,fact_credit_risk_exposure_daily,fact,risk_compliance,24,model_id,VARCHAR(100),True,Synthetic model id for credit risk exposure daily.,synthetic_extension,False
bank_dwh,fact_credit_risk_exposure_daily,fact,risk_compliance,25,model_version_code,VARCHAR(50),True,Synthetic model version code for credit risk exposure daily.,synthetic_extension,False
bank_dwh,fact_credit_risk_exposure_daily,fact,risk_compliance,26,risk_type_code,VARCHAR(50),True,Synthetic risk type code for credit risk exposure daily.,synthetic_extension,False
bank_dwh,fact_credit_risk_exposure_daily,fact,risk_compliance,27,risk_stage_code,VARCHAR(50),True,Synthetic risk stage code for credit risk exposure daily.,synthetic_extension,False
bank_dwh,fact_credit_risk_exposure_daily,fact,risk_compliance,28,alert_severity_code,VARCHAR(50),True,Synthetic alert severity code for credit risk exposure daily.,synthetic_extension,False
bank_dwh,fact_credit_risk_exposure_daily,fact,risk_compliance,29,investigation_status_code,VARCHAR(50),True,Synthetic investigation status code for credit risk exposure daily.,synthetic_extension,False
bank_dwh,fact_credit_risk_exposure_daily,fact,risk_compliance,30,decision_code,VARCHAR(50),True,Synthetic decision code for credit risk exposure daily.,synthetic_extension,False
bank_dwh,fact_credit_risk_exposure_daily,fact,risk_compliance,31,decision_reason_code,VARCHAR(50),True,Synthetic decision reason code for credit risk exposure daily.,synthetic_extension,False
bank_dwh,fact_credit_risk_exposure_daily,fact,risk_compliance,32,score_value,"NUMERIC(20,4)",True,Synthetic score value for credit risk exposure daily.,synthetic_extension,False
bank_dwh,fact_credit_risk_exposure_daily,fact,risk_compliance,33,probability_of_default_rate,"NUMERIC(14,8)",True,Synthetic probability of default rate for credit risk exposure daily.,synthetic_extension,False
bank_dwh,fact_credit_risk_exposure_daily,fact,risk_compliance,34,loss_given_default_rate,"NUMERIC(14,8)",True,Synthetic loss given default rate for credit risk exposure daily.,synthetic_extension,False
bank_dwh,fact_credit_risk_exposure_daily,fact,risk_compliance,35,exposure_at_default_amount,"NUMERIC(20,4)",True,Synthetic exposure at default amount for credit risk exposure daily.,synthetic_extension,False
bank_dwh,fact_credit_risk_exposure_daily,fact,risk_compliance,36,expected_loss_amount,"NUMERIC(20,4)",True,Synthetic expected loss amount for credit risk exposure daily.,synthetic_extension,False
bank_dwh,fact_credit_risk_exposure_daily,fact,risk_compliance,37,unexpected_loss_amount,"NUMERIC(20,4)",True,Synthetic unexpected loss amount for credit risk exposure daily.,synthetic_extension,False
bank_dwh,fact_credit_risk_exposure_daily,fact,risk_compliance,38,provision_amount,"NUMERIC(20,4)",True,Synthetic provision amount for credit risk exposure daily.,synthetic_extension,False
bank_dwh,fact_credit_risk_exposure_daily,fact,risk_compliance,39,risk_weighted_asset_amount,"NUMERIC(20,4)",True,Synthetic risk weighted asset amount for credit risk exposure daily.,synthetic_extension,False
bank_dwh,fact_credit_risk_exposure_daily,fact,risk_compliance,40,capital_requirement_amount,"NUMERIC(20,4)",True,Synthetic capital requirement amount for credit risk exposure daily.,synthetic_extension,False
bank_dwh,fact_credit_risk_exposure_daily,fact,risk_compliance,41,collateral_value_amount,"NUMERIC(20,4)",True,Synthetic collateral value amount for credit risk exposure daily.,synthetic_extension,False
bank_dwh,fact_credit_risk_exposure_daily,fact,risk_compliance,42,recovered_amount,"NUMERIC(20,4)",True,Synthetic recovered amount for credit risk exposure daily.,synthetic_extension,False
bank_dwh,fact_credit_risk_exposure_daily,fact,risk_compliance,43,operational_loss_amount,"NUMERIC(20,4)",True,Synthetic operational loss amount for credit risk exposure daily.,synthetic_extension,False
bank_dwh,fact_credit_risk_exposure_daily,fact,risk_compliance,44,fraud_loss_amount,"NUMERIC(20,4)",True,Synthetic fraud loss amount for credit risk exposure daily.,synthetic_extension,False
bank_dwh,fact_credit_risk_exposure_daily,fact,risk_compliance,45,stress_loss_amount,"NUMERIC(20,4)",True,Synthetic stress loss amount for credit risk exposure daily.,synthetic_extension,False
bank_dwh,fact_credit_risk_exposure_daily,fact,risk_compliance,46,breach_amount,"NUMERIC(20,4)",True,Synthetic breach amount for credit risk exposure daily.,synthetic_extension,False
bank_dwh,fact_credit_risk_exposure_daily,fact,risk_compliance,47,threshold_amount,"NUMERIC(20,4)",True,Synthetic threshold amount for credit risk exposure daily.,synthetic_extension,False
bank_dwh,fact_credit_risk_exposure_daily,fact,risk_compliance,48,rule_id,VARCHAR(100),True,Synthetic rule id for credit risk exposure daily.,synthetic_extension,False
bank_dwh,fact_credit_risk_exposure_daily,fact,risk_compliance,49,scenario_id,VARCHAR(100),True,Synthetic scenario id for credit risk exposure daily.,synthetic_extension,False
bank_dwh,fact_credit_risk_exposure_daily,fact,risk_compliance,50,report_id,VARCHAR(100),True,Synthetic report id for credit risk exposure daily.,synthetic_extension,False
bank_dwh,fact_credit_risk_exposure_daily,fact,risk_compliance,51,detection_at,TIMESTAMPTZ,True,Synthetic detection at for credit risk exposure daily.,synthetic_extension,False
bank_dwh,fact_credit_risk_exposure_daily,fact,risk_compliance,52,review_at,TIMESTAMPTZ,True,Synthetic review at for credit risk exposure daily.,synthetic_extension,False
bank_dwh,fact_credit_risk_exposure_daily,fact,risk_compliance,53,closure_at,TIMESTAMPTZ,True,Synthetic closure at for credit risk exposure daily.,synthetic_extension,False
bank_dwh,fact_credit_risk_exposure_daily,fact,risk_compliance,54,is_reportable,BOOLEAN,True,Synthetic is reportable for credit risk exposure daily.,synthetic_extension,False
bank_dwh,fact_credit_risk_exposure_daily,fact,risk_compliance,55,is_confirmed,BOOLEAN,True,Synthetic is confirmed for credit risk exposure daily.,synthetic_extension,False
bank_dwh,fact_credit_risk_exposure_daily,fact,risk_compliance,56,is_false_positive,BOOLEAN,True,Synthetic is false positive for credit risk exposure daily.,synthetic_extension,False
bank_dwh,fact_market_risk_measure_daily,fact,risk_compliance,1,market_risk_measure_daily_fact_key,BIGINT,False,Synthetic surrogate key for fact_market_risk_measure_daily.,structural,True
bank_dwh,fact_market_risk_measure_daily,fact,risk_compliance,2,business_date_key,BIGINT,False,Business date of this fact row.,structural,False
bank_dwh,fact_market_risk_measure_daily,fact,risk_compliance,3,customer_key,BIGINT,True,Optional key to dim_customer.,relationship,False
bank_dwh,fact_market_risk_measure_daily,fact,risk_compliance,4,account_key,BIGINT,True,Optional key to dim_account.,relationship,False
bank_dwh,fact_market_risk_measure_daily,fact,risk_compliance,5,organization_key,BIGINT,True,Optional key to dim_organization.,relationship,False
bank_dwh,fact_market_risk_measure_daily,fact,risk_compliance,6,jurisdiction_key,BIGINT,True,Optional key to dim_jurisdiction.,relationship,False
bank_dwh,fact_market_risk_measure_daily,fact,risk_compliance,7,risk_model_key,BIGINT,True,Optional key to dim_risk_model.,relationship,False
bank_dwh,fact_market_risk_measure_daily,fact,risk_compliance,8,currency_key,BIGINT,True,Optional key to dim_currency.,relationship,False
bank_dwh,fact_market_risk_measure_daily,fact,risk_compliance,9,branch_key,BIGINT,True,Optional key to dim_branch.,relationship,False
bank_dwh,fact_market_risk_measure_daily,fact,risk_compliance,10,source_system_code,VARCHAR(50),True,Source system code for this market risk measure daily fact.,structural,False
bank_dwh,fact_market_risk_measure_daily,fact,risk_compliance,11,source_record_id,VARCHAR(100),True,Source record id for this market risk measure daily fact.,structural,False
bank_dwh,fact_market_risk_measure_daily,fact,risk_compliance,12,ingested_at,TIMESTAMPTZ,True,Ingested at for this market risk measure daily fact.,structural,False
bank_dwh,fact_market_risk_measure_daily,fact,risk_compliance,13,updated_at,TIMESTAMPTZ,True,Updated at for this market risk measure daily fact.,structural,False
bank_dwh,fact_market_risk_measure_daily,fact,risk_compliance,14,record_hash,VARCHAR(100),True,Record hash for this market risk measure daily fact.,structural,False
bank_dwh,fact_market_risk_measure_daily,fact,risk_compliance,15,data_quality_status_code,VARCHAR(50),True,Data quality status code for this market risk measure daily fact.,structural,False
bank_dwh,fact_market_risk_measure_daily,fact,risk_compliance,16,load_batch_id,VARCHAR(100),True,Load batch id for this market risk measure daily fact.,structural,False
bank_dwh,fact_market_risk_measure_daily,fact,risk_compliance,17,event_id,VARCHAR(100),True,Event id for this market risk measure daily fact.,structural,False
bank_dwh,fact_market_risk_measure_daily,fact,risk_compliance,18,event_status_code,VARCHAR(50),True,Event status code for this market risk measure daily fact.,structural,False
bank_dwh,fact_market_risk_measure_daily,fact,risk_compliance,19,currency_code,VARCHAR(50),True,Currency code for this market risk measure daily fact.,structural,False
bank_dwh,fact_market_risk_measure_daily,fact,risk_compliance,20,risk_event_id,VARCHAR(100),True,Synthetic risk event id for market risk measure daily.,synthetic_extension,False
bank_dwh,fact_market_risk_measure_daily,fact,risk_compliance,21,exposure_id,VARCHAR(100),True,Synthetic exposure id for market risk measure daily.,synthetic_extension,False
bank_dwh,fact_market_risk_measure_daily,fact,risk_compliance,22,alert_id,VARCHAR(100),True,Synthetic alert id for market risk measure daily.,synthetic_extension,False
bank_dwh,fact_market_risk_measure_daily,fact,risk_compliance,23,case_id,VARCHAR(100),True,Synthetic case id for market risk measure daily.,synthetic_extension,False
bank_dwh,fact_market_risk_measure_daily,fact,risk_compliance,24,model_id,VARCHAR(100),True,Synthetic model id for market risk measure daily.,synthetic_extension,False
bank_dwh,fact_market_risk_measure_daily,fact,risk_compliance,25,model_version_code,VARCHAR(50),True,Synthetic model version code for market risk measure daily.,synthetic_extension,False
bank_dwh,fact_market_risk_measure_daily,fact,risk_compliance,26,risk_type_code,VARCHAR(50),True,Synthetic risk type code for market risk measure daily.,synthetic_extension,False
bank_dwh,fact_market_risk_measure_daily,fact,risk_compliance,27,risk_stage_code,VARCHAR(50),True,Synthetic risk stage code for market risk measure daily.,synthetic_extension,False
bank_dwh,fact_market_risk_measure_daily,fact,risk_compliance,28,alert_severity_code,VARCHAR(50),True,Synthetic alert severity code for market risk measure daily.,synthetic_extension,False
bank_dwh,fact_market_risk_measure_daily,fact,risk_compliance,29,investigation_status_code,VARCHAR(50),True,Synthetic investigation status code for market risk measure daily.,synthetic_extension,False
bank_dwh,fact_market_risk_measure_daily,fact,risk_compliance,30,decision_code,VARCHAR(50),True,Synthetic decision code for market risk measure daily.,synthetic_extension,False
bank_dwh,fact_market_risk_measure_daily,fact,risk_compliance,31,decision_reason_code,VARCHAR(50),True,Synthetic decision reason code for market risk measure daily.,synthetic_extension,False
bank_dwh,fact_market_risk_measure_daily,fact,risk_compliance,32,score_value,"NUMERIC(20,4)",True,Synthetic score value for market risk measure daily.,synthetic_extension,False
bank_dwh,fact_market_risk_measure_daily,fact,risk_compliance,33,probability_of_default_rate,"NUMERIC(14,8)",True,Synthetic probability of default rate for market risk measure daily.,synthetic_extension,False
bank_dwh,fact_market_risk_measure_daily,fact,risk_compliance,34,loss_given_default_rate,"NUMERIC(14,8)",True,Synthetic loss given default rate for market risk measure daily.,synthetic_extension,False
bank_dwh,fact_market_risk_measure_daily,fact,risk_compliance,35,exposure_at_default_amount,"NUMERIC(20,4)",True,Synthetic exposure at default amount for market risk measure daily.,synthetic_extension,False
bank_dwh,fact_market_risk_measure_daily,fact,risk_compliance,36,expected_loss_amount,"NUMERIC(20,4)",True,Synthetic expected loss amount for market risk measure daily.,synthetic_extension,False
bank_dwh,fact_market_risk_measure_daily,fact,risk_compliance,37,unexpected_loss_amount,"NUMERIC(20,4)",True,Synthetic unexpected loss amount for market risk measure daily.,synthetic_extension,False
bank_dwh,fact_market_risk_measure_daily,fact,risk_compliance,38,provision_amount,"NUMERIC(20,4)",True,Synthetic provision amount for market risk measure daily.,synthetic_extension,False
bank_dwh,fact_market_risk_measure_daily,fact,risk_compliance,39,risk_weighted_asset_amount,"NUMERIC(20,4)",True,Synthetic risk weighted asset amount for market risk measure daily.,synthetic_extension,False
bank_dwh,fact_market_risk_measure_daily,fact,risk_compliance,40,capital_requirement_amount,"NUMERIC(20,4)",True,Synthetic capital requirement amount for market risk measure daily.,synthetic_extension,False
bank_dwh,fact_market_risk_measure_daily,fact,risk_compliance,41,collateral_value_amount,"NUMERIC(20,4)",True,Synthetic collateral value amount for market risk measure daily.,synthetic_extension,False
bank_dwh,fact_market_risk_measure_daily,fact,risk_compliance,42,recovered_amount,"NUMERIC(20,4)",True,Synthetic recovered amount for market risk measure daily.,synthetic_extension,False
bank_dwh,fact_market_risk_measure_daily,fact,risk_compliance,43,operational_loss_amount,"NUMERIC(20,4)",True,Synthetic operational loss amount for market risk measure daily.,synthetic_extension,False
bank_dwh,fact_market_risk_measure_daily,fact,risk_compliance,44,fraud_loss_amount,"NUMERIC(20,4)",True,Synthetic fraud loss amount for market risk measure daily.,synthetic_extension,False
bank_dwh,fact_market_risk_measure_daily,fact,risk_compliance,45,stress_loss_amount,"NUMERIC(20,4)",True,Synthetic stress loss amount for market risk measure daily.,synthetic_extension,False
bank_dwh,fact_market_risk_measure_daily,fact,risk_compliance,46,breach_amount,"NUMERIC(20,4)",True,Synthetic breach amount for market risk measure daily.,synthetic_extension,False
bank_dwh,fact_market_risk_measure_daily,fact,risk_compliance,47,threshold_amount,"NUMERIC(20,4)",True,Synthetic threshold amount for market risk measure daily.,synthetic_extension,False
bank_dwh,fact_market_risk_measure_daily,fact,risk_compliance,48,rule_id,VARCHAR(100),True,Synthetic rule id for market risk measure daily.,synthetic_extension,False
bank_dwh,fact_market_risk_measure_daily,fact,risk_compliance,49,scenario_id,VARCHAR(100),True,Synthetic scenario id for market risk measure daily.,synthetic_extension,False
bank_dwh,fact_market_risk_measure_daily,fact,risk_compliance,50,report_id,VARCHAR(100),True,Synthetic report id for market risk measure daily.,synthetic_extension,False
bank_dwh,fact_market_risk_measure_daily,fact,risk_compliance,51,detection_at,TIMESTAMPTZ,True,Synthetic detection at for market risk measure daily.,synthetic_extension,False
bank_dwh,fact_market_risk_measure_daily,fact,risk_compliance,52,review_at,TIMESTAMPTZ,True,Synthetic review at for market risk measure daily.,synthetic_extension,False
bank_dwh,fact_market_risk_measure_daily,fact,risk_compliance,53,closure_at,TIMESTAMPTZ,True,Synthetic closure at for market risk measure daily.,synthetic_extension,False
bank_dwh,fact_market_risk_measure_daily,fact,risk_compliance,54,is_reportable,BOOLEAN,True,Synthetic is reportable for market risk measure daily.,synthetic_extension,False
bank_dwh,fact_market_risk_measure_daily,fact,risk_compliance,55,is_confirmed,BOOLEAN,True,Synthetic is confirmed for market risk measure daily.,synthetic_extension,False
bank_dwh,fact_market_risk_measure_daily,fact,risk_compliance,56,is_false_positive,BOOLEAN,True,Synthetic is false positive for market risk measure daily.,synthetic_extension,False
bank_dwh,fact_operational_loss,fact,risk_compliance,1,operational_loss_fact_key,BIGINT,False,Synthetic surrogate key for fact_operational_loss.,structural,True
bank_dwh,fact_operational_loss,fact,risk_compliance,2,business_date_key,BIGINT,False,Business date of this fact row.,structural,False
bank_dwh,fact_operational_loss,fact,risk_compliance,3,customer_key,BIGINT,True,Optional key to dim_customer.,relationship,False
bank_dwh,fact_operational_loss,fact,risk_compliance,4,account_key,BIGINT,True,Optional key to dim_account.,relationship,False
bank_dwh,fact_operational_loss,fact,risk_compliance,5,organization_key,BIGINT,True,Optional key to dim_organization.,relationship,False
bank_dwh,fact_operational_loss,fact,risk_compliance,6,jurisdiction_key,BIGINT,True,Optional key to dim_jurisdiction.,relationship,False
bank_dwh,fact_operational_loss,fact,risk_compliance,7,risk_model_key,BIGINT,True,Optional key to dim_risk_model.,relationship,False
bank_dwh,fact_operational_loss,fact,risk_compliance,8,currency_key,BIGINT,True,Optional key to dim_currency.,relationship,False
bank_dwh,fact_operational_loss,fact,risk_compliance,9,branch_key,BIGINT,True,Optional key to dim_branch.,relationship,False
bank_dwh,fact_operational_loss,fact,risk_compliance,10,source_system_code,VARCHAR(50),True,Source system code for this operational loss fact.,structural,False
bank_dwh,fact_operational_loss,fact,risk_compliance,11,source_record_id,VARCHAR(100),True,Source record id for this operational loss fact.,structural,False
bank_dwh,fact_operational_loss,fact,risk_compliance,12,ingested_at,TIMESTAMPTZ,True,Ingested at for this operational loss fact.,structural,False
bank_dwh,fact_operational_loss,fact,risk_compliance,13,updated_at,TIMESTAMPTZ,True,Updated at for this operational loss fact.,structural,False
bank_dwh,fact_operational_loss,fact,risk_compliance,14,record_hash,VARCHAR(100),True,Record hash for this operational loss fact.,structural,False
bank_dwh,fact_operational_loss,fact,risk_compliance,15,data_quality_status_code,VARCHAR(50),True,Data quality status code for this operational loss fact.,structural,False
bank_dwh,fact_operational_loss,fact,risk_compliance,16,load_batch_id,VARCHAR(100),True,Load batch id for this operational loss fact.,structural,False
bank_dwh,fact_operational_loss,fact,risk_compliance,17,event_id,VARCHAR(100),True,Event id for this operational loss fact.,structural,False
bank_dwh,fact_operational_loss,fact,risk_compliance,18,event_status_code,VARCHAR(50),True,Event status code for this operational loss fact.,structural,False
bank_dwh,fact_operational_loss,fact,risk_compliance,19,currency_code,VARCHAR(50),True,Currency code for this operational loss fact.,structural,False
bank_dwh,fact_operational_loss,fact,risk_compliance,20,risk_event_id,VARCHAR(100),True,Synthetic risk event id for operational loss.,synthetic_extension,False
bank_dwh,fact_operational_loss,fact,risk_compliance,21,exposure_id,VARCHAR(100),True,Synthetic exposure id for operational loss.,synthetic_extension,False
bank_dwh,fact_operational_loss,fact,risk_compliance,22,alert_id,VARCHAR(100),True,Synthetic alert id for operational loss.,synthetic_extension,False
bank_dwh,fact_operational_loss,fact,risk_compliance,23,case_id,VARCHAR(100),True,Synthetic case id for operational loss.,synthetic_extension,False
bank_dwh,fact_operational_loss,fact,risk_compliance,24,model_id,VARCHAR(100),True,Synthetic model id for operational loss.,synthetic_extension,False
bank_dwh,fact_operational_loss,fact,risk_compliance,25,model_version_code,VARCHAR(50),True,Synthetic model version code for operational loss.,synthetic_extension,False
bank_dwh,fact_operational_loss,fact,risk_compliance,26,risk_type_code,VARCHAR(50),True,Synthetic risk type code for operational loss.,synthetic_extension,False
bank_dwh,fact_operational_loss,fact,risk_compliance,27,risk_stage_code,VARCHAR(50),True,Synthetic risk stage code for operational loss.,synthetic_extension,False
bank_dwh,fact_operational_loss,fact,risk_compliance,28,alert_severity_code,VARCHAR(50),True,Synthetic alert severity code for operational loss.,synthetic_extension,False
bank_dwh,fact_operational_loss,fact,risk_compliance,29,investigation_status_code,VARCHAR(50),True,Synthetic investigation status code for operational loss.,synthetic_extension,False
bank_dwh,fact_operational_loss,fact,risk_compliance,30,decision_code,VARCHAR(50),True,Synthetic decision code for operational loss.,synthetic_extension,False
bank_dwh,fact_operational_loss,fact,risk_compliance,31,decision_reason_code,VARCHAR(50),True,Synthetic decision reason code for operational loss.,synthetic_extension,False
bank_dwh,fact_operational_loss,fact,risk_compliance,32,score_value,"NUMERIC(20,4)",True,Synthetic score value for operational loss.,synthetic_extension,False
bank_dwh,fact_operational_loss,fact,risk_compliance,33,probability_of_default_rate,"NUMERIC(14,8)",True,Synthetic probability of default rate for operational loss.,synthetic_extension,False
bank_dwh,fact_operational_loss,fact,risk_compliance,34,loss_given_default_rate,"NUMERIC(14,8)",True,Synthetic loss given default rate for operational loss.,synthetic_extension,False
bank_dwh,fact_operational_loss,fact,risk_compliance,35,exposure_at_default_amount,"NUMERIC(20,4)",True,Synthetic exposure at default amount for operational loss.,synthetic_extension,False
bank_dwh,fact_operational_loss,fact,risk_compliance,36,expected_loss_amount,"NUMERIC(20,4)",True,Synthetic expected loss amount for operational loss.,synthetic_extension,False
bank_dwh,fact_operational_loss,fact,risk_compliance,37,unexpected_loss_amount,"NUMERIC(20,4)",True,Synthetic unexpected loss amount for operational loss.,synthetic_extension,False
bank_dwh,fact_operational_loss,fact,risk_compliance,38,provision_amount,"NUMERIC(20,4)",True,Synthetic provision amount for operational loss.,synthetic_extension,False
bank_dwh,fact_operational_loss,fact,risk_compliance,39,risk_weighted_asset_amount,"NUMERIC(20,4)",True,Synthetic risk weighted asset amount for operational loss.,synthetic_extension,False
bank_dwh,fact_operational_loss,fact,risk_compliance,40,capital_requirement_amount,"NUMERIC(20,4)",True,Synthetic capital requirement amount for operational loss.,synthetic_extension,False
bank_dwh,fact_operational_loss,fact,risk_compliance,41,collateral_value_amount,"NUMERIC(20,4)",True,Synthetic collateral value amount for operational loss.,synthetic_extension,False
bank_dwh,fact_operational_loss,fact,risk_compliance,42,recovered_amount,"NUMERIC(20,4)",True,Synthetic recovered amount for operational loss.,synthetic_extension,False
bank_dwh,fact_operational_loss,fact,risk_compliance,43,operational_loss_amount,"NUMERIC(20,4)",True,Synthetic operational loss amount for operational loss.,synthetic_extension,False
bank_dwh,fact_operational_loss,fact,risk_compliance,44,fraud_loss_amount,"NUMERIC(20,4)",True,Synthetic fraud loss amount for operational loss.,synthetic_extension,False
bank_dwh,fact_operational_loss,fact,risk_compliance,45,stress_loss_amount,"NUMERIC(20,4)",True,Synthetic stress loss amount for operational loss.,synthetic_extension,False
bank_dwh,fact_operational_loss,fact,risk_compliance,46,breach_amount,"NUMERIC(20,4)",True,Synthetic breach amount for operational loss.,synthetic_extension,False
bank_dwh,fact_operational_loss,fact,risk_compliance,47,threshold_amount,"NUMERIC(20,4)",True,Synthetic threshold amount for operational loss.,synthetic_extension,False
bank_dwh,fact_operational_loss,fact,risk_compliance,48,rule_id,VARCHAR(100),True,Synthetic rule id for operational loss.,synthetic_extension,False
bank_dwh,fact_operational_loss,fact,risk_compliance,49,scenario_id,VARCHAR(100),True,Synthetic scenario id for operational loss.,synthetic_extension,False
bank_dwh,fact_operational_loss,fact,risk_compliance,50,report_id,VARCHAR(100),True,Synthetic report id for operational loss.,synthetic_extension,False
bank_dwh,fact_operational_loss,fact,risk_compliance,51,detection_at,TIMESTAMPTZ,True,Synthetic detection at for operational loss.,synthetic_extension,False
bank_dwh,fact_operational_loss,fact,risk_compliance,52,review_at,TIMESTAMPTZ,True,Synthetic review at for operational loss.,synthetic_extension,False
bank_dwh,fact_operational_loss,fact,risk_compliance,53,closure_at,TIMESTAMPTZ,True,Synthetic closure at for operational loss.,synthetic_extension,False
bank_dwh,fact_fraud_alert,fact,risk_compliance,1,fraud_alert_fact_key,BIGINT,False,Synthetic surrogate key for fact_fraud_alert.,structural,True
bank_dwh,fact_fraud_alert,fact,risk_compliance,2,business_date_key,BIGINT,False,Business date of this fact row.,structural,False
bank_dwh,fact_fraud_alert,fact,risk_compliance,3,customer_key,BIGINT,True,Optional key to dim_customer.,relationship,False
bank_dwh,fact_fraud_alert,fact,risk_compliance,4,account_key,BIGINT,True,Optional key to dim_account.,relationship,False
bank_dwh,fact_fraud_alert,fact,risk_compliance,5,organization_key,BIGINT,True,Optional key to dim_organization.,relationship,False
bank_dwh,fact_fraud_alert,fact,risk_compliance,6,jurisdiction_key,BIGINT,True,Optional key to dim_jurisdiction.,relationship,False
bank_dwh,fact_fraud_alert,fact,risk_compliance,7,risk_model_key,BIGINT,True,Optional key to dim_risk_model.,relationship,False
bank_dwh,fact_fraud_alert,fact,risk_compliance,8,currency_key,BIGINT,True,Optional key to dim_currency.,relationship,False
bank_dwh,fact_fraud_alert,fact,risk_compliance,9,branch_key,BIGINT,True,Optional key to dim_branch.,relationship,False
bank_dwh,fact_fraud_alert,fact,risk_compliance,10,fraud_rule_key,BIGINT,True,Optional key to dim_fraud_rule.,relationship,False
bank_dwh,fact_fraud_alert,fact,risk_compliance,11,source_system_code,VARCHAR(50),True,Source system code for this fraud alert fact.,structural,False
bank_dwh,fact_fraud_alert,fact,risk_compliance,12,source_record_id,VARCHAR(100),True,Source record id for this fraud alert fact.,structural,False
bank_dwh,fact_fraud_alert,fact,risk_compliance,13,ingested_at,TIMESTAMPTZ,True,Ingested at for this fraud alert fact.,structural,False
bank_dwh,fact_fraud_alert,fact,risk_compliance,14,updated_at,TIMESTAMPTZ,True,Updated at for this fraud alert fact.,structural,False
bank_dwh,fact_fraud_alert,fact,risk_compliance,15,record_hash,VARCHAR(100),True,Record hash for this fraud alert fact.,structural,False
bank_dwh,fact_fraud_alert,fact,risk_compliance,16,data_quality_status_code,VARCHAR(50),True,Data quality status code for this fraud alert fact.,structural,False
bank_dwh,fact_fraud_alert,fact,risk_compliance,17,load_batch_id,VARCHAR(100),True,Load batch id for this fraud alert fact.,structural,False
bank_dwh,fact_fraud_alert,fact,risk_compliance,18,event_id,VARCHAR(100),True,Event id for this fraud alert fact.,structural,False
bank_dwh,fact_fraud_alert,fact,risk_compliance,19,event_status_code,VARCHAR(50),True,Event status code for this fraud alert fact.,structural,False
bank_dwh,fact_fraud_alert,fact,risk_compliance,20,currency_code,VARCHAR(50),True,Currency code for this fraud alert fact.,structural,False
bank_dwh,fact_fraud_alert,fact,risk_compliance,21,risk_event_id,VARCHAR(100),True,Synthetic risk event id for fraud alert.,synthetic_extension,False
bank_dwh,fact_fraud_alert,fact,risk_compliance,22,exposure_id,VARCHAR(100),True,Synthetic exposure id for fraud alert.,synthetic_extension,False
bank_dwh,fact_fraud_alert,fact,risk_compliance,23,alert_id,VARCHAR(100),True,Synthetic alert id for fraud alert.,synthetic_extension,False
bank_dwh,fact_fraud_alert,fact,risk_compliance,24,case_id,VARCHAR(100),True,Synthetic case id for fraud alert.,synthetic_extension,False
bank_dwh,fact_fraud_alert,fact,risk_compliance,25,model_id,VARCHAR(100),True,Synthetic model id for fraud alert.,synthetic_extension,False
bank_dwh,fact_fraud_alert,fact,risk_compliance,26,model_version_code,VARCHAR(50),True,Synthetic model version code for fraud alert.,synthetic_extension,False
bank_dwh,fact_fraud_alert,fact,risk_compliance,27,risk_type_code,VARCHAR(50),True,Synthetic risk type code for fraud alert.,synthetic_extension,False
bank_dwh,fact_fraud_alert,fact,risk_compliance,28,risk_stage_code,VARCHAR(50),True,Synthetic risk stage code for fraud alert.,synthetic_extension,False
bank_dwh,fact_fraud_alert,fact,risk_compliance,29,alert_severity_code,VARCHAR(50),True,Synthetic alert severity code for fraud alert.,synthetic_extension,False
bank_dwh,fact_fraud_alert,fact,risk_compliance,30,investigation_status_code,VARCHAR(50),True,Synthetic investigation status code for fraud alert.,synthetic_extension,False
bank_dwh,fact_fraud_alert,fact,risk_compliance,31,decision_code,VARCHAR(50),True,Synthetic decision code for fraud alert.,synthetic_extension,False
bank_dwh,fact_fraud_alert,fact,risk_compliance,32,decision_reason_code,VARCHAR(50),True,Synthetic decision reason code for fraud alert.,synthetic_extension,False
bank_dwh,fact_fraud_alert,fact,risk_compliance,33,score_value,"NUMERIC(20,4)",True,Synthetic score value for fraud alert.,synthetic_extension,False
bank_dwh,fact_fraud_alert,fact,risk_compliance,34,probability_of_default_rate,"NUMERIC(14,8)",True,Synthetic probability of default rate for fraud alert.,synthetic_extension,False
bank_dwh,fact_fraud_alert,fact,risk_compliance,35,loss_given_default_rate,"NUMERIC(14,8)",True,Synthetic loss given default rate for fraud alert.,synthetic_extension,False
bank_dwh,fact_fraud_alert,fact,risk_compliance,36,exposure_at_default_amount,"NUMERIC(20,4)",True,Synthetic exposure at default amount for fraud alert.,synthetic_extension,False
bank_dwh,fact_fraud_alert,fact,risk_compliance,37,expected_loss_amount,"NUMERIC(20,4)",True,Synthetic expected loss amount for fraud alert.,synthetic_extension,False
bank_dwh,fact_fraud_alert,fact,risk_compliance,38,unexpected_loss_amount,"NUMERIC(20,4)",True,Synthetic unexpected loss amount for fraud alert.,synthetic_extension,False
bank_dwh,fact_fraud_alert,fact,risk_compliance,39,provision_amount,"NUMERIC(20,4)",True,Synthetic provision amount for fraud alert.,synthetic_extension,False
bank_dwh,fact_fraud_alert,fact,risk_compliance,40,risk_weighted_asset_amount,"NUMERIC(20,4)",True,Synthetic risk weighted asset amount for fraud alert.,synthetic_extension,False
bank_dwh,fact_fraud_alert,fact,risk_compliance,41,capital_requirement_amount,"NUMERIC(20,4)",True,Synthetic capital requirement amount for fraud alert.,synthetic_extension,False
bank_dwh,fact_fraud_alert,fact,risk_compliance,42,collateral_value_amount,"NUMERIC(20,4)",True,Synthetic collateral value amount for fraud alert.,synthetic_extension,False
bank_dwh,fact_fraud_alert,fact,risk_compliance,43,recovered_amount,"NUMERIC(20,4)",True,Synthetic recovered amount for fraud alert.,synthetic_extension,False
bank_dwh,fact_fraud_alert,fact,risk_compliance,44,operational_loss_amount,"NUMERIC(20,4)",True,Synthetic operational loss amount for fraud alert.,synthetic_extension,False
bank_dwh,fact_fraud_alert,fact,risk_compliance,45,fraud_loss_amount,"NUMERIC(20,4)",True,Synthetic fraud loss amount for fraud alert.,synthetic_extension,False
bank_dwh,fact_fraud_alert,fact,risk_compliance,46,stress_loss_amount,"NUMERIC(20,4)",True,Synthetic stress loss amount for fraud alert.,synthetic_extension,False
bank_dwh,fact_fraud_alert,fact,risk_compliance,47,breach_amount,"NUMERIC(20,4)",True,Synthetic breach amount for fraud alert.,synthetic_extension,False
bank_dwh,fact_fraud_alert,fact,risk_compliance,48,threshold_amount,"NUMERIC(20,4)",True,Synthetic threshold amount for fraud alert.,synthetic_extension,False
bank_dwh,fact_fraud_alert,fact,risk_compliance,49,rule_id,VARCHAR(100),True,Synthetic rule id for fraud alert.,synthetic_extension,False
bank_dwh,fact_fraud_alert,fact,risk_compliance,50,scenario_id,VARCHAR(100),True,Synthetic scenario id for fraud alert.,synthetic_extension,False
bank_dwh,fact_fraud_alert,fact,risk_compliance,51,report_id,VARCHAR(100),True,Synthetic report id for fraud alert.,synthetic_extension,False
bank_dwh,fact_fraud_alert,fact,risk_compliance,52,detection_at,TIMESTAMPTZ,True,Synthetic detection at for fraud alert.,synthetic_extension,False
bank_dwh,fact_fraud_alert,fact,risk_compliance,53,review_at,TIMESTAMPTZ,True,Synthetic review at for fraud alert.,synthetic_extension,False
bank_dwh,fact_aml_alert,fact,risk_compliance,1,aml_alert_fact_key,BIGINT,False,Synthetic surrogate key for fact_aml_alert.,structural,True
bank_dwh,fact_aml_alert,fact,risk_compliance,2,business_date_key,BIGINT,False,Business date of this fact row.,structural,False
bank_dwh,fact_aml_alert,fact,risk_compliance,3,customer_key,BIGINT,True,Optional key to dim_customer.,relationship,False
bank_dwh,fact_aml_alert,fact,risk_compliance,4,account_key,BIGINT,True,Optional key to dim_account.,relationship,False
bank_dwh,fact_aml_alert,fact,risk_compliance,5,organization_key,BIGINT,True,Optional key to dim_organization.,relationship,False
bank_dwh,fact_aml_alert,fact,risk_compliance,6,jurisdiction_key,BIGINT,True,Optional key to dim_jurisdiction.,relationship,False
bank_dwh,fact_aml_alert,fact,risk_compliance,7,risk_model_key,BIGINT,True,Optional key to dim_risk_model.,relationship,False
bank_dwh,fact_aml_alert,fact,risk_compliance,8,currency_key,BIGINT,True,Optional key to dim_currency.,relationship,False
bank_dwh,fact_aml_alert,fact,risk_compliance,9,branch_key,BIGINT,True,Optional key to dim_branch.,relationship,False
bank_dwh,fact_aml_alert,fact,risk_compliance,10,aml_scenario_key,BIGINT,True,Optional key to dim_aml_scenario.,relationship,False
bank_dwh,fact_aml_alert,fact,risk_compliance,11,source_system_code,VARCHAR(50),True,Source system code for this aml alert fact.,structural,False
bank_dwh,fact_aml_alert,fact,risk_compliance,12,source_record_id,VARCHAR(100),True,Source record id for this aml alert fact.,structural,False
bank_dwh,fact_aml_alert,fact,risk_compliance,13,ingested_at,TIMESTAMPTZ,True,Ingested at for this aml alert fact.,structural,False
bank_dwh,fact_aml_alert,fact,risk_compliance,14,updated_at,TIMESTAMPTZ,True,Updated at for this aml alert fact.,structural,False
bank_dwh,fact_aml_alert,fact,risk_compliance,15,record_hash,VARCHAR(100),True,Record hash for this aml alert fact.,structural,False
bank_dwh,fact_aml_alert,fact,risk_compliance,16,data_quality_status_code,VARCHAR(50),True,Data quality status code for this aml alert fact.,structural,False
bank_dwh,fact_aml_alert,fact,risk_compliance,17,load_batch_id,VARCHAR(100),True,Load batch id for this aml alert fact.,structural,False
bank_dwh,fact_aml_alert,fact,risk_compliance,18,event_id,VARCHAR(100),True,Event id for this aml alert fact.,structural,False
bank_dwh,fact_aml_alert,fact,risk_compliance,19,event_status_code,VARCHAR(50),True,Event status code for this aml alert fact.,structural,False
bank_dwh,fact_aml_alert,fact,risk_compliance,20,currency_code,VARCHAR(50),True,Currency code for this aml alert fact.,structural,False
bank_dwh,fact_aml_alert,fact,risk_compliance,21,risk_event_id,VARCHAR(100),True,Synthetic risk event id for aml alert.,synthetic_extension,False
bank_dwh,fact_aml_alert,fact,risk_compliance,22,exposure_id,VARCHAR(100),True,Synthetic exposure id for aml alert.,synthetic_extension,False
bank_dwh,fact_aml_alert,fact,risk_compliance,23,alert_id,VARCHAR(100),True,Synthetic alert id for aml alert.,synthetic_extension,False
bank_dwh,fact_aml_alert,fact,risk_compliance,24,case_id,VARCHAR(100),True,Synthetic case id for aml alert.,synthetic_extension,False
bank_dwh,fact_aml_alert,fact,risk_compliance,25,model_id,VARCHAR(100),True,Synthetic model id for aml alert.,synthetic_extension,False
bank_dwh,fact_aml_alert,fact,risk_compliance,26,model_version_code,VARCHAR(50),True,Synthetic model version code for aml alert.,synthetic_extension,False
bank_dwh,fact_aml_alert,fact,risk_compliance,27,risk_type_code,VARCHAR(50),True,Synthetic risk type code for aml alert.,synthetic_extension,False
bank_dwh,fact_aml_alert,fact,risk_compliance,28,risk_stage_code,VARCHAR(50),True,Synthetic risk stage code for aml alert.,synthetic_extension,False
bank_dwh,fact_aml_alert,fact,risk_compliance,29,alert_severity_code,VARCHAR(50),True,Synthetic alert severity code for aml alert.,synthetic_extension,False
bank_dwh,fact_aml_alert,fact,risk_compliance,30,investigation_status_code,VARCHAR(50),True,Synthetic investigation status code for aml alert.,synthetic_extension,False
bank_dwh,fact_aml_alert,fact,risk_compliance,31,decision_code,VARCHAR(50),True,Synthetic decision code for aml alert.,synthetic_extension,False
bank_dwh,fact_aml_alert,fact,risk_compliance,32,decision_reason_code,VARCHAR(50),True,Synthetic decision reason code for aml alert.,synthetic_extension,False
bank_dwh,fact_aml_alert,fact,risk_compliance,33,score_value,"NUMERIC(20,4)",True,Synthetic score value for aml alert.,synthetic_extension,False
bank_dwh,fact_aml_alert,fact,risk_compliance,34,probability_of_default_rate,"NUMERIC(14,8)",True,Synthetic probability of default rate for aml alert.,synthetic_extension,False
bank_dwh,fact_aml_alert,fact,risk_compliance,35,loss_given_default_rate,"NUMERIC(14,8)",True,Synthetic loss given default rate for aml alert.,synthetic_extension,False
bank_dwh,fact_aml_alert,fact,risk_compliance,36,exposure_at_default_amount,"NUMERIC(20,4)",True,Synthetic exposure at default amount for aml alert.,synthetic_extension,False
bank_dwh,fact_aml_alert,fact,risk_compliance,37,expected_loss_amount,"NUMERIC(20,4)",True,Synthetic expected loss amount for aml alert.,synthetic_extension,False
bank_dwh,fact_aml_alert,fact,risk_compliance,38,unexpected_loss_amount,"NUMERIC(20,4)",True,Synthetic unexpected loss amount for aml alert.,synthetic_extension,False
bank_dwh,fact_aml_alert,fact,risk_compliance,39,provision_amount,"NUMERIC(20,4)",True,Synthetic provision amount for aml alert.,synthetic_extension,False
bank_dwh,fact_aml_alert,fact,risk_compliance,40,risk_weighted_asset_amount,"NUMERIC(20,4)",True,Synthetic risk weighted asset amount for aml alert.,synthetic_extension,False
bank_dwh,fact_aml_alert,fact,risk_compliance,41,capital_requirement_amount,"NUMERIC(20,4)",True,Synthetic capital requirement amount for aml alert.,synthetic_extension,False
bank_dwh,fact_aml_alert,fact,risk_compliance,42,collateral_value_amount,"NUMERIC(20,4)",True,Synthetic collateral value amount for aml alert.,synthetic_extension,False
bank_dwh,fact_aml_alert,fact,risk_compliance,43,recovered_amount,"NUMERIC(20,4)",True,Synthetic recovered amount for aml alert.,synthetic_extension,False
bank_dwh,fact_aml_alert,fact,risk_compliance,44,operational_loss_amount,"NUMERIC(20,4)",True,Synthetic operational loss amount for aml alert.,synthetic_extension,False
bank_dwh,fact_aml_alert,fact,risk_compliance,45,fraud_loss_amount,"NUMERIC(20,4)",True,Synthetic fraud loss amount for aml alert.,synthetic_extension,False
bank_dwh,fact_aml_alert,fact,risk_compliance,46,stress_loss_amount,"NUMERIC(20,4)",True,Synthetic stress loss amount for aml alert.,synthetic_extension,False
bank_dwh,fact_aml_alert,fact,risk_compliance,47,breach_amount,"NUMERIC(20,4)",True,Synthetic breach amount for aml alert.,synthetic_extension,False
bank_dwh,fact_aml_alert,fact,risk_compliance,48,threshold_amount,"NUMERIC(20,4)",True,Synthetic threshold amount for aml alert.,synthetic_extension,False
bank_dwh,fact_aml_alert,fact,risk_compliance,49,rule_id,VARCHAR(100),True,Synthetic rule id for aml alert.,synthetic_extension,False
bank_dwh,fact_aml_alert,fact,risk_compliance,50,scenario_id,VARCHAR(100),True,Synthetic scenario id for aml alert.,synthetic_extension,False
bank_dwh,fact_aml_alert,fact,risk_compliance,51,report_id,VARCHAR(100),True,Synthetic report id for aml alert.,synthetic_extension,False
bank_dwh,fact_aml_alert,fact,risk_compliance,52,detection_at,TIMESTAMPTZ,True,Synthetic detection at for aml alert.,synthetic_extension,False
bank_dwh,fact_aml_alert,fact,risk_compliance,53,review_at,TIMESTAMPTZ,True,Synthetic review at for aml alert.,synthetic_extension,False
bank_dwh,fact_kyc_review,fact,risk_compliance,1,kyc_review_fact_key,BIGINT,False,Synthetic surrogate key for fact_kyc_review.,structural,True
bank_dwh,fact_kyc_review,fact,risk_compliance,2,business_date_key,BIGINT,False,Business date of this fact row.,structural,False
bank_dwh,fact_kyc_review,fact,risk_compliance,3,customer_key,BIGINT,True,Optional key to dim_customer.,relationship,False
bank_dwh,fact_kyc_review,fact,risk_compliance,4,account_key,BIGINT,True,Optional key to dim_account.,relationship,False
bank_dwh,fact_kyc_review,fact,risk_compliance,5,organization_key,BIGINT,True,Optional key to dim_organization.,relationship,False
bank_dwh,fact_kyc_review,fact,risk_compliance,6,jurisdiction_key,BIGINT,True,Optional key to dim_jurisdiction.,relationship,False
bank_dwh,fact_kyc_review,fact,risk_compliance,7,risk_model_key,BIGINT,True,Optional key to dim_risk_model.,relationship,False
bank_dwh,fact_kyc_review,fact,risk_compliance,8,currency_key,BIGINT,True,Optional key to dim_currency.,relationship,False
bank_dwh,fact_kyc_review,fact,risk_compliance,9,branch_key,BIGINT,True,Optional key to dim_branch.,relationship,False
bank_dwh,fact_kyc_review,fact,risk_compliance,10,source_system_code,VARCHAR(50),True,Source system code for this kyc review fact.,structural,False
bank_dwh,fact_kyc_review,fact,risk_compliance,11,source_record_id,VARCHAR(100),True,Source record id for this kyc review fact.,structural,False
bank_dwh,fact_kyc_review,fact,risk_compliance,12,ingested_at,TIMESTAMPTZ,True,Ingested at for this kyc review fact.,structural,False
bank_dwh,fact_kyc_review,fact,risk_compliance,13,updated_at,TIMESTAMPTZ,True,Updated at for this kyc review fact.,structural,False
bank_dwh,fact_kyc_review,fact,risk_compliance,14,record_hash,VARCHAR(100),True,Record hash for this kyc review fact.,structural,False
bank_dwh,fact_kyc_review,fact,risk_compliance,15,data_quality_status_code,VARCHAR(50),True,Data quality status code for this kyc review fact.,structural,False
bank_dwh,fact_kyc_review,fact,risk_compliance,16,load_batch_id,VARCHAR(100),True,Load batch id for this kyc review fact.,structural,False
bank_dwh,fact_kyc_review,fact,risk_compliance,17,event_id,VARCHAR(100),True,Event id for this kyc review fact.,structural,False
bank_dwh,fact_kyc_review,fact,risk_compliance,18,event_status_code,VARCHAR(50),True,Event status code for this kyc review fact.,structural,False
bank_dwh,fact_kyc_review,fact,risk_compliance,19,currency_code,VARCHAR(50),True,Currency code for this kyc review fact.,structural,False
bank_dwh,fact_kyc_review,fact,risk_compliance,20,risk_event_id,VARCHAR(100),True,Synthetic risk event id for kyc review.,synthetic_extension,False
bank_dwh,fact_kyc_review,fact,risk_compliance,21,exposure_id,VARCHAR(100),True,Synthetic exposure id for kyc review.,synthetic_extension,False
bank_dwh,fact_kyc_review,fact,risk_compliance,22,alert_id,VARCHAR(100),True,Synthetic alert id for kyc review.,synthetic_extension,False
bank_dwh,fact_kyc_review,fact,risk_compliance,23,case_id,VARCHAR(100),True,Synthetic case id for kyc review.,synthetic_extension,False
bank_dwh,fact_kyc_review,fact,risk_compliance,24,model_id,VARCHAR(100),True,Synthetic model id for kyc review.,synthetic_extension,False
bank_dwh,fact_kyc_review,fact,risk_compliance,25,model_version_code,VARCHAR(50),True,Synthetic model version code for kyc review.,synthetic_extension,False
bank_dwh,fact_kyc_review,fact,risk_compliance,26,risk_type_code,VARCHAR(50),True,Synthetic risk type code for kyc review.,synthetic_extension,False
bank_dwh,fact_kyc_review,fact,risk_compliance,27,risk_stage_code,VARCHAR(50),True,Synthetic risk stage code for kyc review.,synthetic_extension,False
bank_dwh,fact_kyc_review,fact,risk_compliance,28,alert_severity_code,VARCHAR(50),True,Synthetic alert severity code for kyc review.,synthetic_extension,False
bank_dwh,fact_kyc_review,fact,risk_compliance,29,investigation_status_code,VARCHAR(50),True,Synthetic investigation status code for kyc review.,synthetic_extension,False
bank_dwh,fact_kyc_review,fact,risk_compliance,30,decision_code,VARCHAR(50),True,Synthetic decision code for kyc review.,synthetic_extension,False
bank_dwh,fact_kyc_review,fact,risk_compliance,31,decision_reason_code,VARCHAR(50),True,Synthetic decision reason code for kyc review.,synthetic_extension,False
bank_dwh,fact_kyc_review,fact,risk_compliance,32,score_value,"NUMERIC(20,4)",True,Synthetic score value for kyc review.,synthetic_extension,False
bank_dwh,fact_kyc_review,fact,risk_compliance,33,probability_of_default_rate,"NUMERIC(14,8)",True,Synthetic probability of default rate for kyc review.,synthetic_extension,False
bank_dwh,fact_kyc_review,fact,risk_compliance,34,loss_given_default_rate,"NUMERIC(14,8)",True,Synthetic loss given default rate for kyc review.,synthetic_extension,False
bank_dwh,fact_kyc_review,fact,risk_compliance,35,exposure_at_default_amount,"NUMERIC(20,4)",True,Synthetic exposure at default amount for kyc review.,synthetic_extension,False
bank_dwh,fact_kyc_review,fact,risk_compliance,36,expected_loss_amount,"NUMERIC(20,4)",True,Synthetic expected loss amount for kyc review.,synthetic_extension,False
bank_dwh,fact_kyc_review,fact,risk_compliance,37,unexpected_loss_amount,"NUMERIC(20,4)",True,Synthetic unexpected loss amount for kyc review.,synthetic_extension,False
bank_dwh,fact_kyc_review,fact,risk_compliance,38,provision_amount,"NUMERIC(20,4)",True,Synthetic provision amount for kyc review.,synthetic_extension,False
bank_dwh,fact_kyc_review,fact,risk_compliance,39,risk_weighted_asset_amount,"NUMERIC(20,4)",True,Synthetic risk weighted asset amount for kyc review.,synthetic_extension,False
bank_dwh,fact_kyc_review,fact,risk_compliance,40,capital_requirement_amount,"NUMERIC(20,4)",True,Synthetic capital requirement amount for kyc review.,synthetic_extension,False
bank_dwh,fact_kyc_review,fact,risk_compliance,41,collateral_value_amount,"NUMERIC(20,4)",True,Synthetic collateral value amount for kyc review.,synthetic_extension,False
bank_dwh,fact_kyc_review,fact,risk_compliance,42,recovered_amount,"NUMERIC(20,4)",True,Synthetic recovered amount for kyc review.,synthetic_extension,False
bank_dwh,fact_kyc_review,fact,risk_compliance,43,operational_loss_amount,"NUMERIC(20,4)",True,Synthetic operational loss amount for kyc review.,synthetic_extension,False
bank_dwh,fact_kyc_review,fact,risk_compliance,44,fraud_loss_amount,"NUMERIC(20,4)",True,Synthetic fraud loss amount for kyc review.,synthetic_extension,False
bank_dwh,fact_kyc_review,fact,risk_compliance,45,stress_loss_amount,"NUMERIC(20,4)",True,Synthetic stress loss amount for kyc review.,synthetic_extension,False
bank_dwh,fact_kyc_review,fact,risk_compliance,46,breach_amount,"NUMERIC(20,4)",True,Synthetic breach amount for kyc review.,synthetic_extension,False
bank_dwh,fact_kyc_review,fact,risk_compliance,47,threshold_amount,"NUMERIC(20,4)",True,Synthetic threshold amount for kyc review.,synthetic_extension,False
bank_dwh,fact_kyc_review,fact,risk_compliance,48,rule_id,VARCHAR(100),True,Synthetic rule id for kyc review.,synthetic_extension,False
bank_dwh,fact_kyc_review,fact,risk_compliance,49,scenario_id,VARCHAR(100),True,Synthetic scenario id for kyc review.,synthetic_extension,False
bank_dwh,fact_kyc_review,fact,risk_compliance,50,report_id,VARCHAR(100),True,Synthetic report id for kyc review.,synthetic_extension,False
bank_dwh,fact_kyc_review,fact,risk_compliance,51,detection_at,TIMESTAMPTZ,True,Synthetic detection at for kyc review.,synthetic_extension,False
bank_dwh,fact_kyc_review,fact,risk_compliance,52,review_at,TIMESTAMPTZ,True,Synthetic review at for kyc review.,synthetic_extension,False
bank_dwh,fact_kyc_review,fact,risk_compliance,53,closure_at,TIMESTAMPTZ,True,Synthetic closure at for kyc review.,synthetic_extension,False
bank_dwh,fact_sanctions_screening,fact,risk_compliance,1,sanctions_screening_fact_key,BIGINT,False,Synthetic surrogate key for fact_sanctions_screening.,structural,True
bank_dwh,fact_sanctions_screening,fact,risk_compliance,2,business_date_key,BIGINT,False,Business date of this fact row.,structural,False
bank_dwh,fact_sanctions_screening,fact,risk_compliance,3,customer_key,BIGINT,True,Optional key to dim_customer.,relationship,False
bank_dwh,fact_sanctions_screening,fact,risk_compliance,4,account_key,BIGINT,True,Optional key to dim_account.,relationship,False
bank_dwh,fact_sanctions_screening,fact,risk_compliance,5,organization_key,BIGINT,True,Optional key to dim_organization.,relationship,False
bank_dwh,fact_sanctions_screening,fact,risk_compliance,6,jurisdiction_key,BIGINT,True,Optional key to dim_jurisdiction.,relationship,False
bank_dwh,fact_sanctions_screening,fact,risk_compliance,7,risk_model_key,BIGINT,True,Optional key to dim_risk_model.,relationship,False
bank_dwh,fact_sanctions_screening,fact,risk_compliance,8,currency_key,BIGINT,True,Optional key to dim_currency.,relationship,False
bank_dwh,fact_sanctions_screening,fact,risk_compliance,9,branch_key,BIGINT,True,Optional key to dim_branch.,relationship,False
bank_dwh,fact_sanctions_screening,fact,risk_compliance,10,source_system_code,VARCHAR(50),True,Source system code for this sanctions screening fact.,structural,False
bank_dwh,fact_sanctions_screening,fact,risk_compliance,11,source_record_id,VARCHAR(100),True,Source record id for this sanctions screening fact.,structural,False
bank_dwh,fact_sanctions_screening,fact,risk_compliance,12,ingested_at,TIMESTAMPTZ,True,Ingested at for this sanctions screening fact.,structural,False
bank_dwh,fact_sanctions_screening,fact,risk_compliance,13,updated_at,TIMESTAMPTZ,True,Updated at for this sanctions screening fact.,structural,False
bank_dwh,fact_sanctions_screening,fact,risk_compliance,14,record_hash,VARCHAR(100),True,Record hash for this sanctions screening fact.,structural,False
bank_dwh,fact_sanctions_screening,fact,risk_compliance,15,data_quality_status_code,VARCHAR(50),True,Data quality status code for this sanctions screening fact.,structural,False
bank_dwh,fact_sanctions_screening,fact,risk_compliance,16,load_batch_id,VARCHAR(100),True,Load batch id for this sanctions screening fact.,structural,False
bank_dwh,fact_sanctions_screening,fact,risk_compliance,17,event_id,VARCHAR(100),True,Event id for this sanctions screening fact.,structural,False
bank_dwh,fact_sanctions_screening,fact,risk_compliance,18,event_status_code,VARCHAR(50),True,Event status code for this sanctions screening fact.,structural,False
bank_dwh,fact_sanctions_screening,fact,risk_compliance,19,currency_code,VARCHAR(50),True,Currency code for this sanctions screening fact.,structural,False
bank_dwh,fact_sanctions_screening,fact,risk_compliance,20,risk_event_id,VARCHAR(100),True,Synthetic risk event id for sanctions screening.,synthetic_extension,False
bank_dwh,fact_sanctions_screening,fact,risk_compliance,21,exposure_id,VARCHAR(100),True,Synthetic exposure id for sanctions screening.,synthetic_extension,False
bank_dwh,fact_sanctions_screening,fact,risk_compliance,22,alert_id,VARCHAR(100),True,Synthetic alert id for sanctions screening.,synthetic_extension,False
bank_dwh,fact_sanctions_screening,fact,risk_compliance,23,case_id,VARCHAR(100),True,Synthetic case id for sanctions screening.,synthetic_extension,False
bank_dwh,fact_sanctions_screening,fact,risk_compliance,24,model_id,VARCHAR(100),True,Synthetic model id for sanctions screening.,synthetic_extension,False
bank_dwh,fact_sanctions_screening,fact,risk_compliance,25,model_version_code,VARCHAR(50),True,Synthetic model version code for sanctions screening.,synthetic_extension,False
bank_dwh,fact_sanctions_screening,fact,risk_compliance,26,risk_type_code,VARCHAR(50),True,Synthetic risk type code for sanctions screening.,synthetic_extension,False
bank_dwh,fact_sanctions_screening,fact,risk_compliance,27,risk_stage_code,VARCHAR(50),True,Synthetic risk stage code for sanctions screening.,synthetic_extension,False
bank_dwh,fact_sanctions_screening,fact,risk_compliance,28,alert_severity_code,VARCHAR(50),True,Synthetic alert severity code for sanctions screening.,synthetic_extension,False
bank_dwh,fact_sanctions_screening,fact,risk_compliance,29,investigation_status_code,VARCHAR(50),True,Synthetic investigation status code for sanctions screening.,synthetic_extension,False
bank_dwh,fact_sanctions_screening,fact,risk_compliance,30,decision_code,VARCHAR(50),True,Synthetic decision code for sanctions screening.,synthetic_extension,False
bank_dwh,fact_sanctions_screening,fact,risk_compliance,31,decision_reason_code,VARCHAR(50),True,Synthetic decision reason code for sanctions screening.,synthetic_extension,False
bank_dwh,fact_sanctions_screening,fact,risk_compliance,32,score_value,"NUMERIC(20,4)",True,Synthetic score value for sanctions screening.,synthetic_extension,False
bank_dwh,fact_sanctions_screening,fact,risk_compliance,33,probability_of_default_rate,"NUMERIC(14,8)",True,Synthetic probability of default rate for sanctions screening.,synthetic_extension,False
bank_dwh,fact_sanctions_screening,fact,risk_compliance,34,loss_given_default_rate,"NUMERIC(14,8)",True,Synthetic loss given default rate for sanctions screening.,synthetic_extension,False
bank_dwh,fact_sanctions_screening,fact,risk_compliance,35,exposure_at_default_amount,"NUMERIC(20,4)",True,Synthetic exposure at default amount for sanctions screening.,synthetic_extension,False
bank_dwh,fact_sanctions_screening,fact,risk_compliance,36,expected_loss_amount,"NUMERIC(20,4)",True,Synthetic expected loss amount for sanctions screening.,synthetic_extension,False
bank_dwh,fact_sanctions_screening,fact,risk_compliance,37,unexpected_loss_amount,"NUMERIC(20,4)",True,Synthetic unexpected loss amount for sanctions screening.,synthetic_extension,False
bank_dwh,fact_sanctions_screening,fact,risk_compliance,38,provision_amount,"NUMERIC(20,4)",True,Synthetic provision amount for sanctions screening.,synthetic_extension,False
bank_dwh,fact_sanctions_screening,fact,risk_compliance,39,risk_weighted_asset_amount,"NUMERIC(20,4)",True,Synthetic risk weighted asset amount for sanctions screening.,synthetic_extension,False
bank_dwh,fact_sanctions_screening,fact,risk_compliance,40,capital_requirement_amount,"NUMERIC(20,4)",True,Synthetic capital requirement amount for sanctions screening.,synthetic_extension,False
bank_dwh,fact_sanctions_screening,fact,risk_compliance,41,collateral_value_amount,"NUMERIC(20,4)",True,Synthetic collateral value amount for sanctions screening.,synthetic_extension,False
bank_dwh,fact_sanctions_screening,fact,risk_compliance,42,recovered_amount,"NUMERIC(20,4)",True,Synthetic recovered amount for sanctions screening.,synthetic_extension,False
bank_dwh,fact_sanctions_screening,fact,risk_compliance,43,operational_loss_amount,"NUMERIC(20,4)",True,Synthetic operational loss amount for sanctions screening.,synthetic_extension,False
bank_dwh,fact_sanctions_screening,fact,risk_compliance,44,fraud_loss_amount,"NUMERIC(20,4)",True,Synthetic fraud loss amount for sanctions screening.,synthetic_extension,False
bank_dwh,fact_sanctions_screening,fact,risk_compliance,45,stress_loss_amount,"NUMERIC(20,4)",True,Synthetic stress loss amount for sanctions screening.,synthetic_extension,False
bank_dwh,fact_sanctions_screening,fact,risk_compliance,46,breach_amount,"NUMERIC(20,4)",True,Synthetic breach amount for sanctions screening.,synthetic_extension,False
bank_dwh,fact_sanctions_screening,fact,risk_compliance,47,threshold_amount,"NUMERIC(20,4)",True,Synthetic threshold amount for sanctions screening.,synthetic_extension,False
bank_dwh,fact_sanctions_screening,fact,risk_compliance,48,rule_id,VARCHAR(100),True,Synthetic rule id for sanctions screening.,synthetic_extension,False
bank_dwh,fact_sanctions_screening,fact,risk_compliance,49,scenario_id,VARCHAR(100),True,Synthetic scenario id for sanctions screening.,synthetic_extension,False
bank_dwh,fact_sanctions_screening,fact,risk_compliance,50,report_id,VARCHAR(100),True,Synthetic report id for sanctions screening.,synthetic_extension,False
bank_dwh,fact_sanctions_screening,fact,risk_compliance,51,detection_at,TIMESTAMPTZ,True,Synthetic detection at for sanctions screening.,synthetic_extension,False
bank_dwh,fact_sanctions_screening,fact,risk_compliance,52,review_at,TIMESTAMPTZ,True,Synthetic review at for sanctions screening.,synthetic_extension,False
bank_dwh,fact_sanctions_screening,fact,risk_compliance,53,closure_at,TIMESTAMPTZ,True,Synthetic closure at for sanctions screening.,synthetic_extension,False
bank_dwh,fact_regulatory_capital_daily,fact,risk_compliance,1,regulatory_capital_daily_fact_key,BIGINT,False,Synthetic surrogate key for fact_regulatory_capital_daily.,structural,True
bank_dwh,fact_regulatory_capital_daily,fact,risk_compliance,2,business_date_key,BIGINT,False,Business date of this fact row.,structural,False
bank_dwh,fact_regulatory_capital_daily,fact,risk_compliance,3,organization_key,BIGINT,True,Optional key to dim_organization.,relationship,False
bank_dwh,fact_regulatory_capital_daily,fact,risk_compliance,4,jurisdiction_key,BIGINT,True,Optional key to dim_jurisdiction.,relationship,False
bank_dwh,fact_regulatory_capital_daily,fact,risk_compliance,5,risk_model_key,BIGINT,True,Optional key to dim_risk_model.,relationship,False
bank_dwh,fact_regulatory_capital_daily,fact,risk_compliance,6,currency_key,BIGINT,True,Optional key to dim_currency.,relationship,False
bank_dwh,fact_regulatory_capital_daily,fact,risk_compliance,7,branch_key,BIGINT,True,Optional key to dim_branch.,relationship,False
bank_dwh,fact_regulatory_capital_daily,fact,risk_compliance,8,source_system_code,VARCHAR(50),True,Source system code for this regulatory capital daily fact.,structural,False
bank_dwh,fact_regulatory_capital_daily,fact,risk_compliance,9,source_record_id,VARCHAR(100),True,Source record id for this regulatory capital daily fact.,structural,False
bank_dwh,fact_regulatory_capital_daily,fact,risk_compliance,10,ingested_at,TIMESTAMPTZ,True,Ingested at for this regulatory capital daily fact.,structural,False
bank_dwh,fact_regulatory_capital_daily,fact,risk_compliance,11,updated_at,TIMESTAMPTZ,True,Updated at for this regulatory capital daily fact.,structural,False
bank_dwh,fact_regulatory_capital_daily,fact,risk_compliance,12,record_hash,VARCHAR(100),True,Record hash for this regulatory capital daily fact.,structural,False
bank_dwh,fact_regulatory_capital_daily,fact,risk_compliance,13,data_quality_status_code,VARCHAR(50),True,Data quality status code for this regulatory capital daily fact.,structural,False
bank_dwh,fact_regulatory_capital_daily,fact,risk_compliance,14,load_batch_id,VARCHAR(100),True,Load batch id for this regulatory capital daily fact.,structural,False
bank_dwh,fact_regulatory_capital_daily,fact,risk_compliance,15,event_id,VARCHAR(100),True,Event id for this regulatory capital daily fact.,structural,False
bank_dwh,fact_regulatory_capital_daily,fact,risk_compliance,16,event_status_code,VARCHAR(50),True,Event status code for this regulatory capital daily fact.,structural,False
bank_dwh,fact_regulatory_capital_daily,fact,risk_compliance,17,currency_code,VARCHAR(50),True,Currency code for this regulatory capital daily fact.,structural,False
bank_dwh,fact_regulatory_capital_daily,fact,risk_compliance,18,risk_event_id,VARCHAR(100),True,Synthetic risk event id for regulatory capital daily.,synthetic_extension,False
bank_dwh,fact_regulatory_capital_daily,fact,risk_compliance,19,exposure_id,VARCHAR(100),True,Synthetic exposure id for regulatory capital daily.,synthetic_extension,False
bank_dwh,fact_regulatory_capital_daily,fact,risk_compliance,20,alert_id,VARCHAR(100),True,Synthetic alert id for regulatory capital daily.,synthetic_extension,False
bank_dwh,fact_regulatory_capital_daily,fact,risk_compliance,21,case_id,VARCHAR(100),True,Synthetic case id for regulatory capital daily.,synthetic_extension,False
bank_dwh,fact_regulatory_capital_daily,fact,risk_compliance,22,model_id,VARCHAR(100),True,Synthetic model id for regulatory capital daily.,synthetic_extension,False
bank_dwh,fact_regulatory_capital_daily,fact,risk_compliance,23,model_version_code,VARCHAR(50),True,Synthetic model version code for regulatory capital daily.,synthetic_extension,False
bank_dwh,fact_regulatory_capital_daily,fact,risk_compliance,24,risk_type_code,VARCHAR(50),True,Synthetic risk type code for regulatory capital daily.,synthetic_extension,False
bank_dwh,fact_regulatory_capital_daily,fact,risk_compliance,25,risk_stage_code,VARCHAR(50),True,Synthetic risk stage code for regulatory capital daily.,synthetic_extension,False
bank_dwh,fact_regulatory_capital_daily,fact,risk_compliance,26,alert_severity_code,VARCHAR(50),True,Synthetic alert severity code for regulatory capital daily.,synthetic_extension,False
bank_dwh,fact_regulatory_capital_daily,fact,risk_compliance,27,investigation_status_code,VARCHAR(50),True,Synthetic investigation status code for regulatory capital daily.,synthetic_extension,False
bank_dwh,fact_regulatory_capital_daily,fact,risk_compliance,28,decision_code,VARCHAR(50),True,Synthetic decision code for regulatory capital daily.,synthetic_extension,False
bank_dwh,fact_regulatory_capital_daily,fact,risk_compliance,29,decision_reason_code,VARCHAR(50),True,Synthetic decision reason code for regulatory capital daily.,synthetic_extension,False
bank_dwh,fact_regulatory_capital_daily,fact,risk_compliance,30,score_value,"NUMERIC(20,4)",True,Synthetic score value for regulatory capital daily.,synthetic_extension,False
bank_dwh,fact_regulatory_capital_daily,fact,risk_compliance,31,probability_of_default_rate,"NUMERIC(14,8)",True,Synthetic probability of default rate for regulatory capital daily.,synthetic_extension,False
bank_dwh,fact_regulatory_capital_daily,fact,risk_compliance,32,loss_given_default_rate,"NUMERIC(14,8)",True,Synthetic loss given default rate for regulatory capital daily.,synthetic_extension,False
bank_dwh,fact_regulatory_capital_daily,fact,risk_compliance,33,exposure_at_default_amount,"NUMERIC(20,4)",True,Synthetic exposure at default amount for regulatory capital daily.,synthetic_extension,False
bank_dwh,fact_regulatory_capital_daily,fact,risk_compliance,34,expected_loss_amount,"NUMERIC(20,4)",True,Synthetic expected loss amount for regulatory capital daily.,synthetic_extension,False
bank_dwh,fact_regulatory_capital_daily,fact,risk_compliance,35,unexpected_loss_amount,"NUMERIC(20,4)",True,Synthetic unexpected loss amount for regulatory capital daily.,synthetic_extension,False
bank_dwh,fact_regulatory_capital_daily,fact,risk_compliance,36,provision_amount,"NUMERIC(20,4)",True,Synthetic provision amount for regulatory capital daily.,synthetic_extension,False
bank_dwh,fact_regulatory_capital_daily,fact,risk_compliance,37,risk_weighted_asset_amount,"NUMERIC(20,4)",True,Synthetic risk weighted asset amount for regulatory capital daily.,synthetic_extension,False
bank_dwh,fact_regulatory_capital_daily,fact,risk_compliance,38,capital_requirement_amount,"NUMERIC(20,4)",True,Synthetic capital requirement amount for regulatory capital daily.,synthetic_extension,False
bank_dwh,fact_regulatory_capital_daily,fact,risk_compliance,39,collateral_value_amount,"NUMERIC(20,4)",True,Synthetic collateral value amount for regulatory capital daily.,synthetic_extension,False
bank_dwh,fact_regulatory_capital_daily,fact,risk_compliance,40,recovered_amount,"NUMERIC(20,4)",True,Synthetic recovered amount for regulatory capital daily.,synthetic_extension,False
bank_dwh,fact_regulatory_capital_daily,fact,risk_compliance,41,operational_loss_amount,"NUMERIC(20,4)",True,Synthetic operational loss amount for regulatory capital daily.,synthetic_extension,False
bank_dwh,fact_regulatory_capital_daily,fact,risk_compliance,42,fraud_loss_amount,"NUMERIC(20,4)",True,Synthetic fraud loss amount for regulatory capital daily.,synthetic_extension,False
bank_dwh,fact_regulatory_capital_daily,fact,risk_compliance,43,stress_loss_amount,"NUMERIC(20,4)",True,Synthetic stress loss amount for regulatory capital daily.,synthetic_extension,False
bank_dwh,fact_regulatory_capital_daily,fact,risk_compliance,44,breach_amount,"NUMERIC(20,4)",True,Synthetic breach amount for regulatory capital daily.,synthetic_extension,False
bank_dwh,fact_regulatory_capital_daily,fact,risk_compliance,45,threshold_amount,"NUMERIC(20,4)",True,Synthetic threshold amount for regulatory capital daily.,synthetic_extension,False
bank_dwh,fact_regulatory_capital_daily,fact,risk_compliance,46,rule_id,VARCHAR(100),True,Synthetic rule id for regulatory capital daily.,synthetic_extension,False
bank_dwh,fact_regulatory_capital_daily,fact,risk_compliance,47,scenario_id,VARCHAR(100),True,Synthetic scenario id for regulatory capital daily.,synthetic_extension,False
bank_dwh,fact_regulatory_capital_daily,fact,risk_compliance,48,report_id,VARCHAR(100),True,Synthetic report id for regulatory capital daily.,synthetic_extension,False
bank_dwh,fact_regulatory_capital_daily,fact,risk_compliance,49,detection_at,TIMESTAMPTZ,True,Synthetic detection at for regulatory capital daily.,synthetic_extension,False
bank_dwh,fact_regulatory_capital_daily,fact,risk_compliance,50,review_at,TIMESTAMPTZ,True,Synthetic review at for regulatory capital daily.,synthetic_extension,False
bank_dwh,fact_regulatory_capital_daily,fact,risk_compliance,51,closure_at,TIMESTAMPTZ,True,Synthetic closure at for regulatory capital daily.,synthetic_extension,False
bank_dwh,fact_regulatory_capital_daily,fact,risk_compliance,52,is_reportable,BOOLEAN,True,Synthetic is reportable for regulatory capital daily.,synthetic_extension,False
bank_dwh,fact_regulatory_capital_daily,fact,risk_compliance,53,is_confirmed,BOOLEAN,True,Synthetic is confirmed for regulatory capital daily.,synthetic_extension,False
bank_dwh,fact_stress_test_result,fact,risk_compliance,1,stress_test_result_fact_key,BIGINT,False,Synthetic surrogate key for fact_stress_test_result.,structural,True
bank_dwh,fact_stress_test_result,fact,risk_compliance,2,business_date_key,BIGINT,False,Business date of this fact row.,structural,False
bank_dwh,fact_stress_test_result,fact,risk_compliance,3,customer_key,BIGINT,True,Optional key to dim_customer.,relationship,False
bank_dwh,fact_stress_test_result,fact,risk_compliance,4,account_key,BIGINT,True,Optional key to dim_account.,relationship,False
bank_dwh,fact_stress_test_result,fact,risk_compliance,5,organization_key,BIGINT,True,Optional key to dim_organization.,relationship,False
bank_dwh,fact_stress_test_result,fact,risk_compliance,6,jurisdiction_key,BIGINT,True,Optional key to dim_jurisdiction.,relationship,False
bank_dwh,fact_stress_test_result,fact,risk_compliance,7,risk_model_key,BIGINT,True,Optional key to dim_risk_model.,relationship,False
bank_dwh,fact_stress_test_result,fact,risk_compliance,8,currency_key,BIGINT,True,Optional key to dim_currency.,relationship,False
bank_dwh,fact_stress_test_result,fact,risk_compliance,9,branch_key,BIGINT,True,Optional key to dim_branch.,relationship,False
bank_dwh,fact_stress_test_result,fact,risk_compliance,10,source_system_code,VARCHAR(50),True,Source system code for this stress test result fact.,structural,False
bank_dwh,fact_stress_test_result,fact,risk_compliance,11,source_record_id,VARCHAR(100),True,Source record id for this stress test result fact.,structural,False
bank_dwh,fact_stress_test_result,fact,risk_compliance,12,ingested_at,TIMESTAMPTZ,True,Ingested at for this stress test result fact.,structural,False
bank_dwh,fact_stress_test_result,fact,risk_compliance,13,updated_at,TIMESTAMPTZ,True,Updated at for this stress test result fact.,structural,False
bank_dwh,fact_stress_test_result,fact,risk_compliance,14,record_hash,VARCHAR(100),True,Record hash for this stress test result fact.,structural,False
bank_dwh,fact_stress_test_result,fact,risk_compliance,15,data_quality_status_code,VARCHAR(50),True,Data quality status code for this stress test result fact.,structural,False
bank_dwh,fact_stress_test_result,fact,risk_compliance,16,load_batch_id,VARCHAR(100),True,Load batch id for this stress test result fact.,structural,False
bank_dwh,fact_stress_test_result,fact,risk_compliance,17,event_id,VARCHAR(100),True,Event id for this stress test result fact.,structural,False
bank_dwh,fact_stress_test_result,fact,risk_compliance,18,event_status_code,VARCHAR(50),True,Event status code for this stress test result fact.,structural,False
bank_dwh,fact_stress_test_result,fact,risk_compliance,19,currency_code,VARCHAR(50),True,Currency code for this stress test result fact.,structural,False
bank_dwh,fact_stress_test_result,fact,risk_compliance,20,risk_event_id,VARCHAR(100),True,Synthetic risk event id for stress test result.,synthetic_extension,False
bank_dwh,fact_stress_test_result,fact,risk_compliance,21,exposure_id,VARCHAR(100),True,Synthetic exposure id for stress test result.,synthetic_extension,False
bank_dwh,fact_stress_test_result,fact,risk_compliance,22,alert_id,VARCHAR(100),True,Synthetic alert id for stress test result.,synthetic_extension,False
bank_dwh,fact_stress_test_result,fact,risk_compliance,23,case_id,VARCHAR(100),True,Synthetic case id for stress test result.,synthetic_extension,False
bank_dwh,fact_stress_test_result,fact,risk_compliance,24,model_id,VARCHAR(100),True,Synthetic model id for stress test result.,synthetic_extension,False
bank_dwh,fact_stress_test_result,fact,risk_compliance,25,model_version_code,VARCHAR(50),True,Synthetic model version code for stress test result.,synthetic_extension,False
bank_dwh,fact_stress_test_result,fact,risk_compliance,26,risk_type_code,VARCHAR(50),True,Synthetic risk type code for stress test result.,synthetic_extension,False
bank_dwh,fact_stress_test_result,fact,risk_compliance,27,risk_stage_code,VARCHAR(50),True,Synthetic risk stage code for stress test result.,synthetic_extension,False
bank_dwh,fact_stress_test_result,fact,risk_compliance,28,alert_severity_code,VARCHAR(50),True,Synthetic alert severity code for stress test result.,synthetic_extension,False
bank_dwh,fact_stress_test_result,fact,risk_compliance,29,investigation_status_code,VARCHAR(50),True,Synthetic investigation status code for stress test result.,synthetic_extension,False
bank_dwh,fact_stress_test_result,fact,risk_compliance,30,decision_code,VARCHAR(50),True,Synthetic decision code for stress test result.,synthetic_extension,False
bank_dwh,fact_stress_test_result,fact,risk_compliance,31,decision_reason_code,VARCHAR(50),True,Synthetic decision reason code for stress test result.,synthetic_extension,False
bank_dwh,fact_stress_test_result,fact,risk_compliance,32,score_value,"NUMERIC(20,4)",True,Synthetic score value for stress test result.,synthetic_extension,False
bank_dwh,fact_stress_test_result,fact,risk_compliance,33,probability_of_default_rate,"NUMERIC(14,8)",True,Synthetic probability of default rate for stress test result.,synthetic_extension,False
bank_dwh,fact_stress_test_result,fact,risk_compliance,34,loss_given_default_rate,"NUMERIC(14,8)",True,Synthetic loss given default rate for stress test result.,synthetic_extension,False
bank_dwh,fact_stress_test_result,fact,risk_compliance,35,exposure_at_default_amount,"NUMERIC(20,4)",True,Synthetic exposure at default amount for stress test result.,synthetic_extension,False
bank_dwh,fact_stress_test_result,fact,risk_compliance,36,expected_loss_amount,"NUMERIC(20,4)",True,Synthetic expected loss amount for stress test result.,synthetic_extension,False
bank_dwh,fact_stress_test_result,fact,risk_compliance,37,unexpected_loss_amount,"NUMERIC(20,4)",True,Synthetic unexpected loss amount for stress test result.,synthetic_extension,False
bank_dwh,fact_stress_test_result,fact,risk_compliance,38,provision_amount,"NUMERIC(20,4)",True,Synthetic provision amount for stress test result.,synthetic_extension,False
bank_dwh,fact_stress_test_result,fact,risk_compliance,39,risk_weighted_asset_amount,"NUMERIC(20,4)",True,Synthetic risk weighted asset amount for stress test result.,synthetic_extension,False
bank_dwh,fact_stress_test_result,fact,risk_compliance,40,capital_requirement_amount,"NUMERIC(20,4)",True,Synthetic capital requirement amount for stress test result.,synthetic_extension,False
bank_dwh,fact_stress_test_result,fact,risk_compliance,41,collateral_value_amount,"NUMERIC(20,4)",True,Synthetic collateral value amount for stress test result.,synthetic_extension,False
bank_dwh,fact_stress_test_result,fact,risk_compliance,42,recovered_amount,"NUMERIC(20,4)",True,Synthetic recovered amount for stress test result.,synthetic_extension,False
bank_dwh,fact_stress_test_result,fact,risk_compliance,43,operational_loss_amount,"NUMERIC(20,4)",True,Synthetic operational loss amount for stress test result.,synthetic_extension,False
bank_dwh,fact_stress_test_result,fact,risk_compliance,44,fraud_loss_amount,"NUMERIC(20,4)",True,Synthetic fraud loss amount for stress test result.,synthetic_extension,False
bank_dwh,fact_stress_test_result,fact,risk_compliance,45,stress_loss_amount,"NUMERIC(20,4)",True,Synthetic stress loss amount for stress test result.,synthetic_extension,False
bank_dwh,fact_stress_test_result,fact,risk_compliance,46,breach_amount,"NUMERIC(20,4)",True,Synthetic breach amount for stress test result.,synthetic_extension,False
bank_dwh,fact_stress_test_result,fact,risk_compliance,47,threshold_amount,"NUMERIC(20,4)",True,Synthetic threshold amount for stress test result.,synthetic_extension,False
bank_dwh,fact_stress_test_result,fact,risk_compliance,48,rule_id,VARCHAR(100),True,Synthetic rule id for stress test result.,synthetic_extension,False
bank_dwh,fact_stress_test_result,fact,risk_compliance,49,scenario_id,VARCHAR(100),True,Synthetic scenario id for stress test result.,synthetic_extension,False
bank_dwh,fact_stress_test_result,fact,risk_compliance,50,report_id,VARCHAR(100),True,Synthetic report id for stress test result.,synthetic_extension,False
bank_dwh,fact_stress_test_result,fact,risk_compliance,51,detection_at,TIMESTAMPTZ,True,Synthetic detection at for stress test result.,synthetic_extension,False
bank_dwh,fact_stress_test_result,fact,risk_compliance,52,review_at,TIMESTAMPTZ,True,Synthetic review at for stress test result.,synthetic_extension,False
bank_dwh,fact_stress_test_result,fact,risk_compliance,53,closure_at,TIMESTAMPTZ,True,Synthetic closure at for stress test result.,synthetic_extension,False
